fund_code,fund_name,nav_date,unit_nav,accumulated_nav,daily_growth_rate_percent,source
110008,易方达稳健收益债券B,2005-09-19,1.0,1.0,,东方财富基金历史净值接口
110008,易方达稳健收益债券B,2005-09-21,1.0002,1.0002,0.02,东方财富基金历史净值接口
110008,易方达稳健收益债券B,2005-09-22,1.0002,1.0002,0.0,东方财富基金历史净值接口
110008,易方达稳健收益债券B,2005-09-23,1.0003,1.0003,0.01,东方财富基金历史净值接口
110008,易方达稳健收益债券B,2005-09-26,1.0003,1.0003,0.0,东方财富基金历史净值接口
110008,易方达稳健收益债券B,2005-09-27,1.0004,1.0004,0.01,东方财富基金历史净值接口
110008,易方达稳健收益债券B,2005-09-28,1.0006,1.0006,0.02,东方财富基金历史净值接口
110008,易方达稳健收益债券B,2005-09-29,1.0007,1.0007,0.01,东方财富基金历史净值接口
110008,易方达稳健收益债券B,2005-09-30,1.0007,1.0007,0.0,东方财富基金历史净值接口
110008,易方达稳健收益债券B,2005-10-10,1.0011,1.0011,0.04,东方财富基金历史净值接口
110008,易方达稳健收益债券B,2005-10-11,1.0013,1.0013,0.02,东方财富基金历史净值接口
110008,易方达稳健收益债券B,2005-10-12,1.0013,1.0013,0.0,东方财富基金历史净值接口
110008,易方达稳健收益债券B,2005-10-13,1.0013,1.0013,0.0,东方财富基金历史净值接口
110008,易方达稳健收益债券B,2005-10-14,1.0015,1.0015,0.02,东方财富基金历史净值接口
110008,易方达稳健收益债券B,2005-10-17,1.0016,1.0016,0.01,东方财富基金历史净值接口
110008,易方达稳健收益债券B,2005-10-18,1.0016,1.0016,0.0,东方财富基金历史净值接口
110008,易方达稳健收益债券B,2005-10-19,1.0018,1.0018,0.02,东方财富基金历史净值接口
110008,易方达稳健收益债券B,2005-10-20,1.0021,1.0021,0.03,东方财富基金历史净值接口
110008,易方达稳健收益债券B,2005-10-21,1.0021,1.0021,0.0,东方财富基金历史净值接口
110008,易方达稳健收益债券B,2005-10-24,1.0022,1.0022,0.01,东方财富基金历史净值接口
110008,易方达稳健收益债券B,2005-10-25,1.0004,1.0024,0.02,东方财富基金历史净值接口
110008,易方达稳健收益债券B,2005-10-26,1.0005,1.0025,0.01,东方财富基金历史净值接口
110008,易方达稳健收益债券B,2005-10-27,1.0005,1.0025,0.0,东方财富基金历史净值接口
110008,易方达稳健收益债券B,2005-10-28,1.0005,1.0025,0.0,东方财富基金历史净值接口
110008,易方达稳健收益债券B,2005-10-31,1.0006,1.0026,0.01,东方财富基金历史净值接口
110008,易方达稳健收益债券B,2005-11-01,1.0007,1.0027,0.01,东方财富基金历史净值接口
110008,易方达稳健收益债券B,2005-11-02,1.0008,1.0028,0.01,东方财富基金历史净值接口
110008,易方达稳健收益债券B,2005-11-03,1.0008,1.0028,0.0,东方财富基金历史净值接口
110008,易方达稳健收益债券B,2005-11-04,1.0008,1.0028,0.0,东方财富基金历史净值接口
110008,易方达稳健收益债券B,2005-11-07,1.0009,1.0029,0.01,东方财富基金历史净值接口
110008,易方达稳健收益债券B,2005-11-08,1.001,1.003,0.01,东方财富基金历史净值接口
110008,易方达稳健收益债券B,2005-11-09,1.0011,1.0031,0.01,东方财富基金历史净值接口
110008,易方达稳健收益债券B,2005-11-10,1.0011,1.0031,0.0,东方财富基金历史净值接口
110008,易方达稳健收益债券B,2005-11-11,1.0011,1.0031,0.0,东方财富基金历史净值接口
110008,易方达稳健收益债券B,2005-11-14,1.0013,1.0033,0.02,东方财富基金历史净值接口
110008,易方达稳健收益债券B,2005-11-15,1.0013,1.0033,0.0,东方财富基金历史净值接口
110008,易方达稳健收益债券B,2005-11-16,1.0014,1.0034,0.01,东方财富基金历史净值接口
110008,易方达稳健收益债券B,2005-11-17,1.0015,1.0035,0.01,东方财富基金历史净值接口
110008,易方达稳健收益债券B,2005-11-18,1.0016,1.0036,0.01,东方财富基金历史净值接口
110008,易方达稳健收益债券B,2005-11-21,1.0017,1.0037,0.01,东方财富基金历史净值接口
110008,易方达稳健收益债券B,2005-11-22,1.0018,1.0038,0.01,东方财富基金历史净值接口
110008,易方达稳健收益债券B,2005-11-23,1.0021,1.0041,0.03,东方财富基金历史净值接口
110008,易方达稳健收益债券B,2005-11-24,1.0021,1.0041,0.0,东方财富基金历史净值接口
110008,易方达稳健收益债券B,2005-11-25,1.0002,1.0042,0.01,东方财富基金历史净值接口
110008,易方达稳健收益债券B,2005-11-28,1.0004,1.0044,0.02,东方财富基金历史净值接口
110008,易方达稳健收益债券B,2005-11-29,1.0004,1.0044,0.0,东方财富基金历史净值接口
110008,易方达稳健收益债券B,2005-11-30,1.0005,1.0045,0.01,东方财富基金历史净值接口
110008,易方达稳健收益债券B,2005-12-01,1.0006,1.0046,0.01,东方财富基金历史净值接口
110008,易方达稳健收益债券B,2005-12-02,1.0006,1.0046,0.0,东方财富基金历史净值接口
110008,易方达稳健收益债券B,2005-12-05,1.0008,1.0048,0.02,东方财富基金历史净值接口
110008,易方达稳健收益债券B,2005-12-06,1.0009,1.0049,0.01,东方财富基金历史净值接口
110008,易方达稳健收益债券B,2005-12-07,1.001,1.005,0.01,东方财富基金历史净值接口
110008,易方达稳健收益债券B,2005-12-08,1.0011,1.0051,0.01,东方财富基金历史净值接口
110008,易方达稳健收益债券B,2005-12-09,1.0011,1.0051,0.0,东方财富基金历史净值接口
110008,易方达稳健收益债券B,2005-12-12,1.0012,1.0052,0.01,东方财富基金历史净值接口
110008,易方达稳健收益债券B,2005-12-13,1.0013,1.0053,0.01,东方财富基金历史净值接口
110008,易方达稳健收益债券B,2005-12-14,1.0014,1.0054,0.01,东方财富基金历史净值接口
110008,易方达稳健收益债券B,2005-12-15,1.0015,1.0055,0.01,东方财富基金历史净值接口
110008,易方达稳健收益债券B,2005-12-16,1.0016,1.0056,0.01,东方财富基金历史净值接口
110008,易方达稳健收益债券B,2005-12-19,1.0017,1.0057,0.01,东方财富基金历史净值接口
110008,易方达稳健收益债券B,2005-12-20,1.0018,1.0058,0.01,东方财富基金历史净值接口
110008,易方达稳健收益债券B,2005-12-21,1.0019,1.0059,0.01,东方财富基金历史净值接口
110008,易方达稳健收益债券B,2005-12-22,1.0019,1.0059,0.0,东方财富基金历史净值接口
110008,易方达稳健收益债券B,2005-12-23,1.0021,1.0061,0.02,东方财富基金历史净值接口
110008,易方达稳健收益债券B,2005-12-26,1.0022,1.0062,0.01,东方财富基金历史净值接口
110008,易方达稳健收益债券B,2005-12-27,1.0002,1.0062,0.0,东方财富基金历史净值接口
110008,易方达稳健收益债券B,2005-12-28,1.0003,1.0063,0.01,东方财富基金历史净值接口
110008,易方达稳健收益债券B,2005-12-29,1.0003,1.0063,0.0,东方财富基金历史净值接口
110008,易方达稳健收益债券B,2005-12-30,1.0004,1.0064,0.01,东方财富基金历史净值接口
110008,易方达稳健收益债券B,2005-12-31,1.0004,1.0064,0.0,东方财富基金历史净值接口
110008,易方达稳健收益债券B,2006-01-04,1.0007,1.0067,0.03,东方财富基金历史净值接口
110008,易方达稳健收益债券B,2006-01-05,1.0009,1.0069,0.02,东方财富基金历史净值接口
110008,易方达稳健收益债券B,2006-01-06,1.001,1.007,0.01,东方财富基金历史净值接口
110008,易方达稳健收益债券B,2006-01-09,1.0011,1.0071,0.01,东方财富基金历史净值接口
110008,易方达稳健收益债券B,2006-01-10,1.0011,1.0071,0.0,东方财富基金历史净值接口
110008,易方达稳健收益债券B,2006-01-11,1.0012,1.0072,0.01,东方财富基金历史净值接口
110008,易方达稳健收益债券B,2006-01-12,1.0012,1.0072,0.0,东方财富基金历史净值接口
110008,易方达稳健收益债券B,2006-01-13,1.0013,1.0073,0.01,东方财富基金历史净值接口
110008,易方达稳健收益债券B,2006-01-16,1.0014,1.0074,0.01,东方财富基金历史净值接口
110008,易方达稳健收益债券B,2006-01-17,1.0014,1.0074,0.0,东方财富基金历史净值接口
110008,易方达稳健收益债券B,2006-01-18,1.0015,1.0075,0.01,东方财富基金历史净值接口
110008,易方达稳健收益债券B,2006-01-19,1.0015,1.0075,0.0,东方财富基金历史净值接口
110008,易方达稳健收益债券B,2006-01-20,1.0002,1.0076,0.01,东方财富基金历史净值接口
110008,易方达稳健收益债券B,2006-01-23,1.0004,1.0078,0.02,东方财富基金历史净值接口
110008,易方达稳健收益债券B,2006-01-24,1.0004,1.0078,0.0,东方财富基金历史净值接口
110008,易方达稳健收益债券B,2006-01-25,1.0005,1.0079,0.01,东方财富基金历史净值接口
110008,易方达稳健收益债券B,2006-02-06,1.0009,1.0083,0.04,东方财富基金历史净值接口
110008,易方达稳健收益债券B,2006-02-07,1.0011,1.0085,0.02,东方财富基金历史净值接口
110008,易方达稳健收益债券B,2006-02-08,1.0012,1.0086,0.01,东方财富基金历史净值接口
110008,易方达稳健收益债券B,2006-02-09,1.0012,1.0086,0.0,东方财富基金历史净值接口
110008,易方达稳健收益债券B,2006-02-10,1.0013,1.0087,0.01,东方财富基金历史净值接口
110008,易方达稳健收益债券B,2006-02-13,1.0014,1.0088,0.01,东方财富基金历史净值接口
110008,易方达稳健收益债券B,2006-02-14,1.0014,1.0088,0.0,东方财富基金历史净值接口
110008,易方达稳健收益债券B,2006-02-15,1.0015,1.0089,0.01,东方财富基金历史净值接口
110008,易方达稳健收益债券B,2006-02-16,1.0015,1.0089,0.0,东方财富基金历史净值接口
110008,易方达稳健收益债券B,2006-02-17,1.0016,1.009,0.01,东方财富基金历史净值接口
110008,易方达稳健收益债券B,2006-02-20,1.0018,1.0092,0.02,东方财富基金历史净值接口
110008,易方达稳健收益债券B,2006-02-21,1.0018,1.0092,0.0,东方财富基金历史净值接口
110008,易方达稳健收益债券B,2006-02-22,1.0021,1.0095,0.03,东方财富基金历史净值接口
110008,易方达稳健收益债券B,2006-02-23,1.0003,1.0095,0.0,东方财富基金历史净值接口
110008,易方达稳健收益债券B,2006-02-24,1.0005,1.0097,0.02,东方财富基金历史净值接口
110008,易方达稳健收益债券B,2006-02-27,1.0007,1.0099,0.02,东方财富基金历史净值接口
110008,易方达稳健收益债券B,2006-02-28,1.0007,1.0099,0.0,东方财富基金历史净值接口
110008,易方达稳健收益债券B,2006-03-01,1.0008,1.01,0.01,东方财富基金历史净值接口
110008,易方达稳健收益债券B,2006-03-02,1.001,1.0102,0.02,东方财富基金历史净值接口
110008,易方达稳健收益债券B,2006-03-03,1.001,1.0102,0.0,东方财富基金历史净值接口
110008,易方达稳健收益债券B,2006-03-06,1.0012,1.0104,0.02,东方财富基金历史净值接口
110008,易方达稳健收益债券B,2006-03-07,1.0012,1.0104,0.0,东方财富基金历史净值接口
110008,易方达稳健收益债券B,2006-03-08,1.0012,1.0104,0.0,东方财富基金历史净值接口
110008,易方达稳健收益债券B,2006-03-09,1.0013,1.0105,0.01,东方财富基金历史净值接口
110008,易方达稳健收益债券B,2006-03-10,1.0013,1.0105,0.0,东方财富基金历史净值接口
110008,易方达稳健收益债券B,2006-03-13,1.0014,1.0106,0.01,东方财富基金历史净值接口
110008,易方达稳健收益债券B,2006-03-14,1.0015,1.0107,0.01,东方财富基金历史净值接口
110008,易方达稳健收益债券B,2006-03-15,1.0017,1.0109,0.02,东方财富基金历史净值接口
110008,易方达稳健收益债券B,2006-03-16,1.0017,1.0109,0.0,东方财富基金历史净值接口
110008,易方达稳健收益债券B,2006-03-17,1.0017,1.0109,0.0,东方财富基金历史净值接口
110008,易方达稳健收益债券B,2006-03-20,1.0019,1.0111,0.02,东方财富基金历史净值接口
110008,易方达稳健收益债券B,2006-03-21,1.0021,1.0113,0.02,东方财富基金历史净值接口
110008,易方达稳健收益债券B,2006-03-22,1.0022,1.0114,0.01,东方财富基金历史净值接口
110008,易方达稳健收益债券B,2006-03-23,1.0022,1.0114,0.0,东方财富基金历史净值接口
110008,易方达稳健收益债券B,2006-03-24,1.0023,1.0115,0.01,东方财富基金历史净值接口
110008,易方达稳健收益债券B,2006-03-27,1.0024,1.0116,0.01,东方财富基金历史净值接口
110008,易方达稳健收益债券B,2006-03-28,1.0003,1.0117,0.01,东方财富基金历史净值接口
110008,易方达稳健收益债券B,2006-03-29,1.0003,1.0117,0.0,东方财富基金历史净值接口
110008,易方达稳健收益债券B,2006-03-30,1.0004,1.0118,0.01,东方财富基金历史净值接口
110008,易方达稳健收益债券B,2006-03-31,1.0007,1.0121,0.03,东方财富基金历史净值接口
110008,易方达稳健收益债券B,2006-04-03,1.0008,1.0122,0.01,东方财富基金历史净值接口
110008,易方达稳健收益债券B,2006-04-04,1.0011,1.0125,0.03,东方财富基金历史净值接口
110008,易方达稳健收益债券B,2006-04-05,1.0012,1.0126,0.01,东方财富基金历史净值接口
110008,易方达稳健收益债券B,2006-04-06,1.0014,1.0128,0.02,东方财富基金历史净值接口
110008,易方达稳健收益债券B,2006-04-07,1.0017,1.0131,0.03,东方财富基金历史净值接口
110008,易方达稳健收益债券B,2006-04-10,1.0018,1.0132,0.01,东方财富基金历史净值接口
110008,易方达稳健收益债券B,2006-04-11,1.0018,1.0132,0.0,东方财富基金历史净值接口
110008,易方达稳健收益债券B,2006-04-12,1.0019,1.0133,0.01,东方财富基金历史净值接口
110008,易方达稳健收益债券B,2006-04-13,1.0019,1.0133,0.0,东方财富基金历史净值接口
110008,易方达稳健收益债券B,2006-04-14,1.0019,1.0133,0.0,东方财富基金历史净值接口
110008,易方达稳健收益债券B,2006-04-17,1.0021,1.0135,0.02,东方财富基金历史净值接口
110008,易方达稳健收益债券B,2006-04-18,1.0021,1.0135,0.0,东方财富基金历史净值接口
110008,易方达稳健收益债券B,2006-04-19,1.0021,1.0135,0.0,东方财富基金历史净值接口
110008,易方达稳健收益债券B,2006-04-20,1.0022,1.0136,0.01,东方财富基金历史净值接口
110008,易方达稳健收益债券B,2006-04-21,1.0022,1.0136,0.0,东方财富基金历史净值接口
110008,易方达稳健收益债券B,2006-04-24,1.0023,1.0137,0.01,东方财富基金历史净值接口
110008,易方达稳健收益债券B,2006-04-25,1.0002,1.0138,0.01,东方财富基金历史净值接口
110008,易方达稳健收益债券B,2006-04-26,1.0002,1.0138,0.0,东方财富基金历史净值接口
110008,易方达稳健收益债券B,2006-04-27,1.0003,1.0139,0.01,东方财富基金历史净值接口
110008,易方达稳健收益债券B,2006-04-28,1.0003,1.0139,0.0,东方财富基金历史净值接口
110008,易方达稳健收益债券B,2006-05-08,1.0007,1.0143,0.04,东方财富基金历史净值接口
110008,易方达稳健收益债券B,2006-05-09,1.0007,1.0143,0.0,东方财富基金历史净值接口
110008,易方达稳健收益债券B,2006-05-10,1.0008,1.0144,0.01,东方财富基金历史净值接口
110008,易方达稳健收益债券B,2006-05-11,1.0009,1.0145,0.01,东方财富基金历史净值接口
110008,易方达稳健收益债券B,2006-05-12,1.001,1.0146,0.01,东方财富基金历史净值接口
110008,易方达稳健收益债券B,2006-05-15,1.0011,1.0147,0.01,东方财富基金历史净值接口
110008,易方达稳健收益债券B,2006-05-16,1.0011,1.0147,0.0,东方财富基金历史净值接口
110008,易方达稳健收益债券B,2006-05-17,1.0011,1.0147,0.0,东方财富基金历史净值接口
110008,易方达稳健收益债券B,2006-05-18,1.0012,1.0148,0.01,东方财富基金历史净值接口
110008,易方达稳健收益债券B,2006-05-19,1.0012,1.0148,0.0,东方财富基金历史净值接口
110008,易方达稳健收益债券B,2006-05-22,1.0013,1.0149,0.01,东方财富基金历史净值接口
110008,易方达稳健收益债券B,2006-05-23,1.0014,1.015,0.01,东方财富基金历史净值接口
110008,易方达稳健收益债券B,2006-05-24,1.0014,1.015,0.0,东方财富基金历史净值接口
110008,易方达稳健收益债券B,2006-05-25,1.0014,1.015,0.0,东方财富基金历史净值接口
110008,易方达稳健收益债券B,2006-05-26,1.0002,1.0151,0.01,东方财富基金历史净值接口
110008,易方达稳健收益债券B,2006-05-29,1.0003,1.0152,0.01,东方财富基金历史净值接口
110008,易方达稳健收益债券B,2006-05-30,1.0004,1.0153,0.01,东方财富基金历史净值接口
110008,易方达稳健收益债券B,2006-05-31,1.0004,1.0153,0.0,东方财富基金历史净值接口
110008,易方达稳健收益债券B,2006-06-01,1.0004,1.0153,0.0,东方财富基金历史净值接口
110008,易方达稳健收益债券B,2006-06-02,1.0004,1.0153,0.0,东方财富基金历史净值接口
110008,易方达稳健收益债券B,2006-06-05,1.0005,1.0154,0.01,东方财富基金历史净值接口
110008,易方达稳健收益债券B,2006-06-06,1.0004,1.0153,-0.01,东方财富基金历史净值接口
110008,易方达稳健收益债券B,2006-06-07,1.0004,1.0153,0.0,东方财富基金历史净值接口
110008,易方达稳健收益债券B,2006-06-08,1.0004,1.0153,0.0,东方财富基金历史净值接口
110008,易方达稳健收益债券B,2006-06-09,1.0004,1.0153,0.0,东方财富基金历史净值接口
110008,易方达稳健收益债券B,2006-06-12,1.0004,1.0153,0.0,东方财富基金历史净值接口
110008,易方达稳健收益债券B,2006-06-13,1.0004,1.0153,0.0,东方财富基金历史净值接口
110008,易方达稳健收益债券B,2006-06-14,1.0005,1.0154,0.01,东方财富基金历史净值接口
110008,易方达稳健收益债券B,2006-06-15,1.0005,1.0154,0.0,东方财富基金历史净值接口
110008,易方达稳健收益债券B,2006-06-16,1.0006,1.0155,0.01,东方财富基金历史净值接口
110008,易方达稳健收益债券B,2006-06-19,1.0008,1.0157,0.02,东方财富基金历史净值接口
110008,易方达稳健收益债券B,2006-06-20,1.0009,1.0158,0.01,东方财富基金历史净值接口
110008,易方达稳健收益债券B,2006-06-21,1.001,1.0159,0.01,东方财富基金历史净值接口
110008,易方达稳健收益债券B,2006-06-22,1.001,1.0159,0.0,东方财富基金历史净值接口
110008,易方达稳健收益债券B,2006-06-23,1.0011,1.016,0.01,东方财富基金历史净值接口
110008,易方达稳健收益债券B,2006-06-26,1.0017,1.0166,0.06,东方财富基金历史净值接口
110008,易方达稳健收益债券B,2006-06-27,1.0012,1.0166,0.0,东方财富基金历史净值接口
110008,易方达稳健收益债券B,2006-06-28,1.0012,1.0166,0.0,东方财富基金历史净值接口
110008,易方达稳健收益债券B,2006-06-29,1.0012,1.0166,0.0,东方财富基金历史净值接口
110008,易方达稳健收益债券B,2006-06-30,1.0013,1.0167,0.01,东方财富基金历史净值接口
110008,易方达稳健收益债券B,2006-07-03,1.0014,1.0168,0.01,东方财富基金历史净值接口
110008,易方达稳健收益债券B,2006-07-04,1.0014,1.0168,0.0,东方财富基金历史净值接口
110008,易方达稳健收益债券B,2006-07-05,1.0014,1.0168,0.0,东方财富基金历史净值接口
110008,易方达稳健收益债券B,2006-07-06,1.0015,1.0169,0.01,东方财富基金历史净值接口
110008,易方达稳健收益债券B,2006-07-07,1.0015,1.0169,0.0,东方财富基金历史净值接口
110008,易方达稳健收益债券B,2006-07-10,1.0016,1.017,0.01,东方财富基金历史净值接口
110008,易方达稳健收益债券B,2006-07-11,1.0016,1.017,0.0,东方财富基金历史净值接口
110008,易方达稳健收益债券B,2006-07-12,1.0017,1.0171,0.01,东方财富基金历史净值接口
110008,易方达稳健收益债券B,2006-07-13,1.0017,1.0171,0.0,东方财富基金历史净值接口
110008,易方达稳健收益债券B,2006-07-14,1.0017,1.0171,0.0,东方财富基金历史净值接口
110008,易方达稳健收益债券B,2006-07-17,1.0019,1.0173,0.02,东方财富基金历史净值接口
110008,易方达稳健收益债券B,2006-07-18,1.0019,1.0173,0.0,东方财富基金历史净值接口
110008,易方达稳健收益债券B,2006-07-19,1.002,1.0174,0.01,东方财富基金历史净值接口
110008,易方达稳健收益债券B,2006-07-20,1.002,1.0174,0.0,东方财富基金历史净值接口
110008,易方达稳健收益债券B,2006-07-21,1.0021,1.0175,0.01,东方财富基金历史净值接口
110008,易方达稳健收益债券B,2006-07-24,1.0022,1.0176,0.01,东方财富基金历史净值接口
110008,易方达稳健收益债券B,2006-07-25,1.0023,1.0177,0.01,东方财富基金历史净值接口
110008,易方达稳健收益债券B,2006-07-26,1.0024,1.0178,0.01,东方财富基金历史净值接口
110008,易方达稳健收益债券B,2006-07-27,1.0024,1.0178,0.0,东方财富基金历史净值接口
110008,易方达稳健收益债券B,2006-07-28,1.0024,1.0178,0.0,东方财富基金历史净值接口
110008,易方达稳健收益债券B,2006-07-31,1.0026,1.018,0.02,东方财富基金历史净值接口
110008,易方达稳健收益债券B,2006-08-01,1.002,1.018,0.0,东方财富基金历史净值接口
110008,易方达稳健收益债券B,2006-08-02,1.002,1.018,0.0,东方财富基金历史净值接口
110008,易方达稳健收益债券B,2006-08-03,1.002,1.018,0.0,东方财富基金历史净值接口
110008,易方达稳健收益债券B,2006-08-04,1.0021,1.0181,0.01,东方财富基金历史净值接口
110008,易方达稳健收益债券B,2006-08-07,1.0022,1.0182,0.01,东方财富基金历史净值接口
110008,易方达稳健收益债券B,2006-08-08,1.0023,1.0183,0.01,东方财富基金历史净值接口
110008,易方达稳健收益债券B,2006-08-09,1.0023,1.0183,0.0,东方财富基金历史净值接口
110008,易方达稳健收益债券B,2006-08-10,1.0024,1.0184,0.01,东方财富基金历史净值接口
110008,易方达稳健收益债券B,2006-08-11,1.0024,1.0184,0.0,东方财富基金历史净值接口
110008,易方达稳健收益债券B,2006-08-14,1.0025,1.0185,0.01,东方财富基金历史净值接口
110008,易方达稳健收益债券B,2006-08-15,1.0025,1.0185,0.0,东方财富基金历史净值接口
110008,易方达稳健收益债券B,2006-08-16,1.0026,1.0186,0.01,东方财富基金历史净值接口
110008,易方达稳健收益债券B,2006-08-17,1.0026,1.0186,0.0,东方财富基金历史净值接口
110008,易方达稳健收益债券B,2006-08-18,1.0027,1.0187,0.01,东方财富基金历史净值接口
110008,易方达稳健收益债券B,2006-08-21,1.0028,1.0188,0.01,东方财富基金历史净值接口
110008,易方达稳健收益债券B,2006-08-22,1.0028,1.0188,0.0,东方财富基金历史净值接口
110008,易方达稳健收益债券B,2006-08-23,1.0029,1.0189,0.01,东方财富基金历史净值接口
110008,易方达稳健收益债券B,2006-08-24,1.0029,1.0189,0.0,东方财富基金历史净值接口
110008,易方达稳健收益债券B,2006-08-25,1.0011,1.0171,-0.18,东方财富基金历史净值接口
110008,易方达稳健收益债券B,2006-08-28,1.0012,1.0172,0.01,东方财富基金历史净值接口
110008,易方达稳健收益债券B,2006-08-29,1.0013,1.0173,0.01,东方财富基金历史净值接口
110008,易方达稳健收益债券B,2006-08-30,1.0013,1.0173,0.0,东方财富基金历史净值接口
110008,易方达稳健收益债券B,2006-08-31,1.0014,1.0174,0.01,东方财富基金历史净值接口
110008,易方达稳健收益债券B,2006-09-01,1.0014,1.0174,0.0,东方财富基金历史净值接口
110008,易方达稳健收益债券B,2006-09-04,1.0015,1.0175,0.01,东方财富基金历史净值接口
110008,易方达稳健收益债券B,2006-09-05,1.0016,1.0176,0.01,东方财富基金历史净值接口
110008,易方达稳健收益债券B,2006-09-06,1.0016,1.0176,0.0,东方财富基金历史净值接口
110008,易方达稳健收益债券B,2006-09-07,1.0002,1.0177,0.01,东方财富基金历史净值接口
110008,易方达稳健收益债券B,2006-09-08,1.0002,1.0177,0.0,东方财富基金历史净值接口
110008,易方达稳健收益债券B,2006-09-11,1.0004,1.0179,0.02,东方财富基金历史净值接口
110008,易方达稳健收益债券B,2006-09-12,1.0004,1.0179,0.0,东方财富基金历史净值接口
110008,易方达稳健收益债券B,2006-09-13,1.0005,1.018,0.01,东方财富基金历史净值接口
110008,易方达稳健收益债券B,2006-09-14,1.0005,1.018,0.0,东方财富基金历史净值接口
110008,易方达稳健收益债券B,2006-09-15,1.0005,1.018,0.0,东方财富基金历史净值接口
110008,易方达稳健收益债券B,2006-09-18,1.0007,1.0182,0.02,东方财富基金历史净值接口
110008,易方达稳健收益债券B,2006-09-19,1.0007,1.0182,0.0,东方财富基金历史净值接口
110008,易方达稳健收益债券B,2006-09-20,1.0008,1.0183,0.01,东方财富基金历史净值接口
110008,易方达稳健收益债券B,2006-09-21,1.0008,1.0183,0.0,东方财富基金历史净值接口
110008,易方达稳健收益债券B,2006-09-22,1.0009,1.0184,0.01,东方财富基金历史净值接口
110008,易方达稳健收益债券B,2006-09-25,1.001,1.0185,0.01,东方财富基金历史净值接口
110008,易方达稳健收益债券B,2006-09-26,1.0003,1.0184,-0.01,东方财富基金历史净值接口
110008,易方达稳健收益债券B,2006-09-27,1.0004,1.0185,0.01,东方财富基金历史净值接口
110008,易方达稳健收益债券B,2006-09-28,1.0004,1.0185,0.0,东方财富基金历史净值接口
110008,易方达稳健收益债券B,2006-09-29,1.0005,1.0186,0.01,东方财富基金历史净值接口
110008,易方达稳健收益债券B,2006-09-30,1.0005,1.0186,0.0,东方财富基金历史净值接口
110008,易方达稳健收益债券B,2006-10-09,1.0009,1.019,0.04,东方财富基金历史净值接口
110008,易方达稳健收益债券B,2006-10-10,1.001,1.0191,0.01,东方财富基金历史净值接口
110008,易方达稳健收益债券B,2006-10-11,1.001,1.0191,0.0,东方财富基金历史净值接口
110008,易方达稳健收益债券B,2006-10-12,1.0011,1.0192,0.01,东方财富基金历史净值接口
110008,易方达稳健收益债券B,2006-10-13,1.0011,1.0192,0.0,东方财富基金历史净值接口
110008,易方达稳健收益债券B,2006-10-16,1.0013,1.0194,0.02,东方财富基金历史净值接口
110008,易方达稳健收益债券B,2006-10-17,1.0013,1.0194,0.0,东方财富基金历史净值接口
110008,易方达稳健收益债券B,2006-10-18,1.0014,1.0195,0.01,东方财富基金历史净值接口
110008,易方达稳健收益债券B,2006-10-19,1.0014,1.0195,0.0,东方财富基金历史净值接口
110008,易方达稳健收益债券B,2006-10-20,1.0015,1.0196,0.01,东方财富基金历史净值接口
110008,易方达稳健收益债券B,2006-10-23,1.0016,1.0197,0.01,东方财富基金历史净值接口
110008,易方达稳健收益债券B,2006-10-24,1.0017,1.0198,0.01,东方财富基金历史净值接口
110008,易方达稳健收益债券B,2006-10-25,1.0017,1.0198,0.0,东方财富基金历史净值接口
110008,易方达稳健收益债券B,2006-10-26,1.0018,1.0199,0.01,东方财富基金历史净值接口
110008,易方达稳健收益债券B,2006-10-27,1.0018,1.0199,0.0,东方财富基金历史净值接口
110008,易方达稳健收益债券B,2006-10-30,1.002,1.0201,0.02,东方财富基金历史净值接口
110008,易方达稳健收益债券B,2006-10-31,1.0004,1.0199,-0.02,东方财富基金历史净值接口
110008,易方达稳健收益债券B,2006-11-01,1.0005,1.02,0.01,东方财富基金历史净值接口
110008,易方达稳健收益债券B,2006-11-02,1.0005,1.02,0.0,东方财富基金历史净值接口
110008,易方达稳健收益债券B,2006-11-03,1.0006,1.0201,0.01,东方财富基金历史净值接口
110008,易方达稳健收益债券B,2006-11-06,1.0007,1.0202,0.01,东方财富基金历史净值接口
110008,易方达稳健收益债券B,2006-11-07,1.0008,1.0203,0.01,东方财富基金历史净值接口
110008,易方达稳健收益债券B,2006-11-08,1.0008,1.0203,0.0,东方财富基金历史净值接口
110008,易方达稳健收益债券B,2006-11-09,1.0009,1.0204,0.01,东方财富基金历史净值接口
110008,易方达稳健收益债券B,2006-11-10,1.0009,1.0204,0.0,东方财富基金历史净值接口
110008,易方达稳健收益债券B,2006-11-13,1.0011,1.0206,0.02,东方财富基金历史净值接口
110008,易方达稳健收益债券B,2006-11-14,1.0011,1.0206,0.0,东方财富基金历史净值接口
110008,易方达稳健收益债券B,2006-11-15,1.0012,1.0207,0.01,东方财富基金历史净值接口
110008,易方达稳健收益债券B,2006-11-16,1.0012,1.0207,0.0,东方财富基金历史净值接口
110008,易方达稳健收益债券B,2006-11-17,1.0013,1.0208,0.01,东方财富基金历史净值接口
110008,易方达稳健收益债券B,2006-11-20,1.0014,1.0209,0.01,东方财富基金历史净值接口
110008,易方达稳健收益债券B,2006-11-21,1.0015,1.021,0.01,东方财富基金历史净值接口
110008,易方达稳健收益债券B,2006-11-22,1.0015,1.021,0.0,东方财富基金历史净值接口
110008,易方达稳健收益债券B,2006-11-23,1.0016,1.0211,0.01,东方财富基金历史净值接口
110008,易方达稳健收益债券B,2006-11-24,1.0016,1.0211,0.0,东方财富基金历史净值接口
110008,易方达稳健收益债券B,2006-11-27,1.0018,1.0213,0.02,东方财富基金历史净值接口
110008,易方达稳健收益债券B,2006-11-28,1.0018,1.0213,0.0,东方财富基金历史净值接口
110008,易方达稳健收益债券B,2006-11-29,1.0019,1.0214,0.01,东方财富基金历史净值接口
110008,易方达稳健收益债券B,2006-11-30,1.0019,1.0214,0.0,东方财富基金历史净值接口
110008,易方达稳健收益债券B,2006-12-01,1.0003,1.0215,0.01,东方财富基金历史净值接口
110008,易方达稳健收益债券B,2006-12-04,1.0004,1.0216,0.01,东方财富基金历史净值接口
110008,易方达稳健收益债券B,2006-12-05,1.0005,1.0217,0.01,东方财富基金历史净值接口
110008,易方达稳健收益债券B,2006-12-06,1.0005,1.0217,0.0,东方财富基金历史净值接口
110008,易方达稳健收益债券B,2006-12-07,1.0006,1.0218,0.01,东方财富基金历史净值接口
110008,易方达稳健收益债券B,2006-12-08,1.0006,1.0218,0.0,东方财富基金历史净值接口
110008,易方达稳健收益债券B,2006-12-11,1.0008,1.022,0.02,东方财富基金历史净值接口
110008,易方达稳健收益债券B,2006-12-12,1.0008,1.022,0.0,东方财富基金历史净值接口
110008,易方达稳健收益债券B,2006-12-13,1.0009,1.0221,0.01,东方财富基金历史净值接口
110008,易方达稳健收益债券B,2006-12-14,1.0009,1.0221,0.0,东方财富基金历史净值接口
110008,易方达稳健收益债券B,2006-12-15,1.001,1.0222,0.01,东方财富基金历史净值接口
110008,易方达稳健收益债券B,2006-12-18,1.0011,1.0223,0.01,东方财富基金历史净值接口
110008,易方达稳健收益债券B,2006-12-19,1.0012,1.0224,0.01,东方财富基金历史净值接口
110008,易方达稳健收益债券B,2006-12-20,1.0013,1.0225,0.01,东方财富基金历史净值接口
110008,易方达稳健收益债券B,2006-12-21,1.0013,1.0225,0.0,东方财富基金历史净值接口
110008,易方达稳健收益债券B,2006-12-22,1.0015,1.0227,0.02,东方财富基金历史净值接口
110008,易方达稳健收益债券B,2006-12-25,1.0017,1.0229,0.02,东方财富基金历史净值接口
110008,易方达稳健收益债券B,2006-12-26,1.0005,1.0229,0.0,东方财富基金历史净值接口
110008,易方达稳健收益债券B,2006-12-27,1.0006,1.023,0.01,东方财富基金历史净值接口
110008,易方达稳健收益债券B,2006-12-28,1.0006,1.023,0.0,东方财富基金历史净值接口
110008,易方达稳健收益债券B,2006-12-29,1.0007,1.0231,0.01,东方财富基金历史净值接口
110008,易方达稳健收益债券B,2006-12-31,1.0008,1.0232,0.01,东方财富基金历史净值接口
110008,易方达稳健收益债券B,2007-01-04,1.001,1.0234,0.02,东方财富基金历史净值接口
110008,易方达稳健收益债券B,2007-01-05,1.0011,1.0235,0.01,东方财富基金历史净值接口
110008,易方达稳健收益债券B,2007-01-08,1.0012,1.0236,0.01,东方财富基金历史净值接口
110008,易方达稳健收益债券B,2007-01-09,1.0012,1.0236,0.0,东方财富基金历史净值接口
110008,易方达稳健收益债券B,2007-01-10,1.0013,1.0237,0.01,东方财富基金历史净值接口
110008,易方达稳健收益债券B,2007-01-11,1.0013,1.0237,0.0,东方财富基金历史净值接口
110008,易方达稳健收益债券B,2007-01-12,1.0014,1.0238,0.01,东方财富基金历史净值接口
110008,易方达稳健收益债券B,2007-01-15,1.0015,1.0239,0.01,东方财富基金历史净值接口
110008,易方达稳健收益债券B,2007-01-16,1.0016,1.024,0.01,东方财富基金历史净值接口
110008,易方达稳健收益债券B,2007-01-17,1.0017,1.0241,0.01,东方财富基金历史净值接口
110008,易方达稳健收益债券B,2007-01-18,1.0017,1.0241,0.0,东方财富基金历史净值接口
110008,易方达稳健收益债券B,2007-01-19,1.0018,1.0242,0.01,东方财富基金历史净值接口
110008,易方达稳健收益债券B,2007-01-22,1.002,1.0244,0.02,东方财富基金历史净值接口
110008,易方达稳健收益债券B,2007-01-23,1.002,1.0244,0.0,东方财富基金历史净值接口
110008,易方达稳健收益债券B,2007-01-24,1.0021,1.0245,0.01,东方财富基金历史净值接口
110008,易方达稳健收益债券B,2007-01-25,1.0021,1.0245,0.0,东方财富基金历史净值接口
110008,易方达稳健收益债券B,2007-01-26,1.0022,1.0246,0.01,东方财富基金历史净值接口
110008,易方达稳健收益债券B,2007-01-29,1.0024,1.0248,0.02,东方财富基金历史净值接口
110008,易方达稳健收益债券B,2007-01-30,1.0005,1.0249,0.01,东方财富基金历史净值接口
110008,易方达稳健收益债券B,2007-01-31,1.0005,1.0249,0.0,东方财富基金历史净值接口
110008,易方达稳健收益债券B,2007-02-01,1.0006,1.025,0.01,东方财富基金历史净值接口
110008,易方达稳健收益债券B,2007-02-02,1.0006,1.025,0.0,东方财富基金历史净值接口
110008,易方达稳健收益债券B,2007-02-05,1.0008,1.0252,0.02,东方财富基金历史净值接口
110008,易方达稳健收益债券B,2007-02-06,1.0008,1.0252,0.0,东方财富基金历史净值接口
110008,易方达稳健收益债券B,2007-02-07,1.0009,1.0253,0.01,东方财富基金历史净值接口
110008,易方达稳健收益债券B,2007-02-08,1.0009,1.0253,0.0,东方财富基金历史净值接口
110008,易方达稳健收益债券B,2007-02-09,1.001,1.0254,0.01,东方财富基金历史净值接口
110008,易方达稳健收益债券B,2007-02-12,1.0009,1.022,-0.01,东方财富基金历史净值接口
110008,易方达稳健收益债券B,2007-02-13,1.001,1.0221,0.01,东方财富基金历史净值接口
110008,易方达稳健收益债券B,2007-02-14,1.001,1.0221,0.0,东方财富基金历史净值接口
110008,易方达稳健收益债券B,2007-02-15,1.0011,1.0222,0.01,东方财富基金历史净值接口
110008,易方达稳健收益债券B,2007-02-16,1.0011,1.0222,0.0,东方财富基金历史净值接口
110008,易方达稳健收益债券B,2007-02-26,1.0017,1.0228,0.06,东方财富基金历史净值接口
110008,易方达稳健收益债券B,2007-02-27,1.0017,1.0228,0.0,东方财富基金历史净值接口
110008,易方达稳健收益债券B,2007-02-28,1.0018,1.0229,0.01,东方财富基金历史净值接口
110008,易方达稳健收益债券B,2007-03-01,1.0018,1.0229,0.0,东方财富基金历史净值接口
110008,易方达稳健收益债券B,2007-03-02,1.0019,1.023,0.01,东方财富基金历史净值接口
110008,易方达稳健收益债券B,2007-03-05,1.0003,1.0231,0.01,东方财富基金历史净值接口
110008,易方达稳健收益债券B,2007-03-06,1.0004,1.0232,0.01,东方财富基金历史净值接口
110008,易方达稳健收益债券B,2007-03-07,1.0004,1.0232,0.0,东方财富基金历史净值接口
110008,易方达稳健收益债券B,2007-03-08,1.0005,1.0233,0.01,东方财富基金历史净值接口
110008,易方达稳健收益债券B,2007-03-09,1.0005,1.0233,0.0,东方财富基金历史净值接口
110008,易方达稳健收益债券B,2007-03-12,1.0007,1.0235,0.02,东方财富基金历史净值接口
110008,易方达稳健收益债券B,2007-03-13,1.0007,1.0235,0.0,东方财富基金历史净值接口
110008,易方达稳健收益债券B,2007-03-14,1.0008,1.0236,0.01,东方财富基金历史净值接口
110008,易方达稳健收益债券B,2007-03-15,1.0008,1.0236,0.0,东方财富基金历史净值接口
110008,易方达稳健收益债券B,2007-03-16,1.0009,1.0237,0.01,东方财富基金历史净值接口
110008,易方达稳健收益债券B,2007-03-19,1.001,1.0238,0.01,东方财富基金历史净值接口
110008,易方达稳健收益债券B,2007-03-20,1.0011,1.0239,0.01,东方财富基金历史净值接口
110008,易方达稳健收益债券B,2007-03-21,1.001,1.0237,-0.01,东方财富基金历史净值接口
110008,易方达稳健收益债券B,2007-03-22,1.0011,1.0238,0.01,东方财富基金历史净值接口
110008,易方达稳健收益债券B,2007-03-23,1.0011,1.0238,0.0,东方财富基金历史净值接口
110008,易方达稳健收益债券B,2007-03-26,1.0012,1.0239,0.01,东方财富基金历史净值接口
110008,易方达稳健收益债券B,2007-03-27,1.0013,1.024,0.01,东方财富基金历史净值接口
110008,易方达稳健收益债券B,2007-03-28,1.0013,1.024,0.0,东方财富基金历史净值接口
110008,易方达稳健收益债券B,2007-03-29,1.0014,1.0241,0.01,东方财富基金历史净值接口
110008,易方达稳健收益债券B,2007-03-30,1.0014,1.0241,0.0,东方财富基金历史净值接口
110008,易方达稳健收益债券B,2007-03-31,1.0015,1.0242,0.01,东方财富基金历史净值接口
110008,易方达稳健收益债券B,2007-04-02,1.0015,1.0242,0.0,东方财富基金历史净值接口
110008,易方达稳健收益债券B,2007-04-03,1.0016,1.0243,0.01,东方财富基金历史净值接口
110008,易方达稳健收益债券B,2007-04-04,1.0017,1.0244,0.01,东方财富基金历史净值接口
110008,易方达稳健收益债券B,2007-04-05,1.0017,1.0244,0.0,东方财富基金历史净值接口
110008,易方达稳健收益债券B,2007-04-06,1.0017,1.0244,0.0,东方财富基金历史净值接口
110008,易方达稳健收益债券B,2007-04-09,1.0003,1.0246,-0.14,东方财富基金历史净值接口
110008,易方达稳健收益债券B,2007-04-10,1.0003,1.0246,0.0,东方财富基金历史净值接口
110008,易方达稳健收益债券B,2007-04-11,1.0004,1.0247,0.01,东方财富基金历史净值接口
110008,易方达稳健收益债券B,2007-04-12,1.0004,1.0247,0.0,东方财富基金历史净值接口
110008,易方达稳健收益债券B,2007-04-13,1.0005,1.0248,0.01,东方财富基金历史净值接口
110008,易方达稳健收益债券B,2007-04-16,1.0006,1.0249,0.01,东方财富基金历史净值接口
110008,易方达稳健收益债券B,2007-04-17,1.0007,1.025,0.01,东方财富基金历史净值接口
110008,易方达稳健收益债券B,2007-04-18,1.0007,1.025,0.0,东方财富基金历史净值接口
110008,易方达稳健收益债券B,2007-04-19,1.0007,1.025,0.0,东方财富基金历史净值接口
110008,易方达稳健收益债券B,2007-04-20,1.0008,1.0251,0.01,东方财富基金历史净值接口
110008,易方达稳健收益债券B,2007-04-23,1.0009,1.0252,0.01,东方财富基金历史净值接口
110008,易方达稳健收益债券B,2007-04-24,1.001,1.0253,0.01,东方财富基金历史净值接口
110008,易方达稳健收益债券B,2007-04-25,1.001,1.0253,0.0,东方财富基金历史净值接口
110008,易方达稳健收益债券B,2007-04-26,1.0011,1.0254,0.01,东方财富基金历史净值接口
110008,易方达稳健收益债券B,2007-04-27,1.0011,1.0254,0.0,东方财富基金历史净值接口
110008,易方达稳健收益债券B,2007-04-30,1.0012,1.0255,0.01,东方财富基金历史净值接口
110008,易方达稳健收益债券B,2007-05-08,1.0016,1.0259,0.04,东方财富基金历史净值接口
110008,易方达稳健收益债券B,2007-05-09,1.0017,1.026,0.01,东方财富基金历史净值接口
110008,易方达稳健收益债券B,2007-05-10,1.0017,1.026,0.0,东方财富基金历史净值接口
110008,易方达稳健收益债券B,2007-05-11,1.0018,1.0261,0.01,东方财富基金历史净值接口
110008,易方达稳健收益债券B,2007-05-14,1.0019,1.0262,0.01,东方财富基金历史净值接口
110008,易方达稳健收益债券B,2007-05-15,1.002,1.0263,0.01,东方财富基金历史净值接口
110008,易方达稳健收益债券B,2007-05-16,1.002,1.0263,0.0,东方财富基金历史净值接口
110008,易方达稳健收益债券B,2007-05-17,1.0021,1.0264,0.01,东方财富基金历史净值接口
110008,易方达稳健收益债券B,2007-05-18,1.0022,1.0265,0.01,东方财富基金历史净值接口
110008,易方达稳健收益债券B,2007-05-21,1.0023,1.0266,0.01,东方财富基金历史净值接口
110008,易方达稳健收益债券B,2007-05-22,1.0023,1.0266,0.0,东方财富基金历史净值接口
110008,易方达稳健收益债券B,2007-05-23,1.0023,1.0266,0.0,东方财富基金历史净值接口
110008,易方达稳健收益债券B,2007-05-24,1.0024,1.0267,0.01,东方财富基金历史净值接口
110008,易方达稳健收益债券B,2007-05-25,1.0002,1.0267,0.0,东方财富基金历史净值接口
110008,易方达稳健收益债券B,2007-05-28,1.0004,1.0269,0.02,东方财富基金历史净值接口
110008,易方达稳健收益债券B,2007-05-29,1.0004,1.0269,0.0,东方财富基金历史净值接口
110008,易方达稳健收益债券B,2007-05-30,1.0004,1.0269,0.0,东方财富基金历史净值接口
110008,易方达稳健收益债券B,2007-05-31,1.0005,1.027,0.01,东方财富基金历史净值接口
110008,易方达稳健收益债券B,2007-06-01,1.0005,1.027,0.0,东方财富基金历史净值接口
110008,易方达稳健收益债券B,2007-06-04,1.0006,1.0271,0.01,东方财富基金历史净值接口
110008,易方达稳健收益债券B,2007-06-05,1.0007,1.0272,0.01,东方财富基金历史净值接口
110008,易方达稳健收益债券B,2007-06-06,1.0007,1.0272,0.0,东方财富基金历史净值接口
110008,易方达稳健收益债券B,2007-06-07,1.0008,1.0273,0.01,东方财富基金历史净值接口
110008,易方达稳健收益债券B,2007-06-08,1.0008,1.0273,0.0,东方财富基金历史净值接口
110008,易方达稳健收益债券B,2007-06-11,1.001,1.0275,0.02,东方财富基金历史净值接口
110008,易方达稳健收益债券B,2007-06-12,1.001,1.0275,0.0,东方财富基金历史净值接口
110008,易方达稳健收益债券B,2007-06-13,1.0011,1.0276,0.01,东方财富基金历史净值接口
110008,易方达稳健收益债券B,2007-06-14,1.0012,1.0277,0.01,东方财富基金历史净值接口
110008,易方达稳健收益债券B,2007-06-15,1.0012,1.0277,0.0,东方财富基金历史净值接口
110008,易方达稳健收益债券B,2007-06-18,1.0014,1.0279,0.02,东方财富基金历史净值接口
110008,易方达稳健收益债券B,2007-06-19,1.0014,1.0279,0.0,东方财富基金历史净值接口
110008,易方达稳健收益债券B,2007-06-20,1.0015,1.028,0.01,东方财富基金历史净值接口
110008,易方达稳健收益债券B,2007-06-21,1.0015,1.028,0.0,东方财富基金历史净值接口
110008,易方达稳健收益债券B,2007-06-22,1.0016,1.0281,0.01,东方财富基金历史净值接口
110008,易方达稳健收益债券B,2007-06-25,1.0019,1.0284,0.03,东方财富基金历史净值接口
110008,易方达稳健收益债券B,2007-06-26,1.0022,1.0287,0.03,东方财富基金历史净值接口
110008,易方达稳健收益债券B,2007-06-27,1.0024,1.0289,0.02,东方财富基金历史净值接口
110008,易方达稳健收益债券B,2007-06-28,1.0024,1.0289,0.0,东方财富基金历史净值接口
110008,易方达稳健收益债券B,2007-06-29,1.0023,1.0288,-0.01,东方财富基金历史净值接口
110008,易方达稳健收益债券B,2007-06-30,1.0026,1.0291,0.03,东方财富基金历史净值接口
110008,易方达稳健收益债券B,2007-07-02,1.0026,1.0291,0.0,东方财富基金历史净值接口
110008,易方达稳健收益债券B,2007-07-03,1.0025,1.029,-0.01,东方财富基金历史净值接口
110008,易方达稳健收益债券B,2007-07-04,1.0025,1.029,0.0,东方财富基金历史净值接口
110008,易方达稳健收益债券B,2007-07-05,1.0026,1.0291,0.01,东方财富基金历史净值接口
110008,易方达稳健收益债券B,2007-07-06,1.0026,1.0291,0.0,东方财富基金历史净值接口
110008,易方达稳健收益债券B,2007-07-09,1.0028,1.0293,0.02,东方财富基金历史净值接口
110008,易方达稳健收益债券B,2007-07-10,1.0028,1.0293,0.0,东方财富基金历史净值接口
110008,易方达稳健收益债券B,2007-07-11,1.0029,1.0294,0.01,东方财富基金历史净值接口
110008,易方达稳健收益债券B,2007-07-12,1.003,1.0295,0.01,东方财富基金历史净值接口
110008,易方达稳健收益债券B,2007-07-13,1.0031,1.0296,0.01,东方财富基金历史净值接口
110008,易方达稳健收益债券B,2007-07-16,1.0033,1.0298,0.02,东方财富基金历史净值接口
110008,易方达稳健收益债券B,2007-07-17,1.0033,1.0298,0.0,东方财富基金历史净值接口
110008,易方达稳健收益债券B,2007-07-18,1.0034,1.0299,0.01,东方财富基金历史净值接口
110008,易方达稳健收益债券B,2007-07-19,1.0035,1.03,0.01,东方财富基金历史净值接口
110008,易方达稳健收益债券B,2007-07-20,1.0036,1.0301,0.01,东方财富基金历史净值接口
110008,易方达稳健收益债券B,2007-07-23,1.0036,1.0301,0.0,东方财富基金历史净值接口
110008,易方达稳健收益债券B,2007-07-24,1.0037,1.0302,0.01,东方财富基金历史净值接口
110008,易方达稳健收益债券B,2007-07-25,1.0037,1.0302,0.0,东方财富基金历史净值接口
110008,易方达稳健收益债券B,2007-07-26,1.0038,1.0303,0.01,东方财富基金历史净值接口
110008,易方达稳健收益债券B,2007-07-27,1.0039,1.0304,0.01,东方财富基金历史净值接口
110008,易方达稳健收益债券B,2007-07-30,1.004,1.0305,0.01,东方财富基金历史净值接口
110008,易方达稳健收益债券B,2007-07-31,1.004,1.0305,0.0,东方财富基金历史净值接口
110008,易方达稳健收益债券B,2007-08-01,1.0041,1.0306,0.01,东方财富基金历史净值接口
110008,易方达稳健收益债券B,2007-08-02,1.0006,1.0307,-0.35,东方财富基金历史净值接口
110008,易方达稳健收益债券B,2007-08-03,1.0006,1.0307,0.0,东方财富基金历史净值接口
110008,易方达稳健收益债券B,2007-08-06,1.0008,1.0309,0.02,东方财富基金历史净值接口
110008,易方达稳健收益债券B,2007-08-07,1.0009,1.031,0.01,东方财富基金历史净值接口
110008,易方达稳健收益债券B,2007-08-08,1.0009,1.031,0.0,东方财富基金历史净值接口
110008,易方达稳健收益债券B,2007-08-09,1.001,1.0311,0.01,东方财富基金历史净值接口
110008,易方达稳健收益债券B,2007-08-10,1.001,1.0311,0.0,东方财富基金历史净值接口
110008,易方达稳健收益债券B,2007-08-13,1.0012,1.0313,0.02,东方财富基金历史净值接口
110008,易方达稳健收益债券B,2007-08-14,1.0012,1.0313,0.0,东方财富基金历史净值接口
110008,易方达稳健收益债券B,2007-08-15,1.0013,1.0314,0.01,东方财富基金历史净值接口
110008,易方达稳健收益债券B,2007-08-16,1.0013,1.0314,0.0,东方财富基金历史净值接口
110008,易方达稳健收益债券B,2007-08-17,1.0014,1.0315,0.01,东方财富基金历史净值接口
110008,易方达稳健收益债券B,2007-08-20,1.0016,1.0317,0.02,东方财富基金历史净值接口
110008,易方达稳健收益债券B,2007-08-21,1.0016,1.0317,0.0,东方财富基金历史净值接口
110008,易方达稳健收益债券B,2007-08-22,1.0017,1.0318,0.01,东方财富基金历史净值接口
110008,易方达稳健收益债券B,2007-08-23,1.0017,1.0318,0.0,东方财富基金历史净值接口
110008,易方达稳健收益债券B,2007-08-24,1.0018,1.0319,0.01,东方财富基金历史净值接口
110008,易方达稳健收益债券B,2007-08-27,1.0019,1.032,0.01,东方财富基金历史净值接口
110008,易方达稳健收益债券B,2007-08-28,1.0019,1.032,0.0,东方财富基金历史净值接口
110008,易方达稳健收益债券B,2007-08-29,1.002,1.0321,0.01,东方财富基金历史净值接口
110008,易方达稳健收益债券B,2007-08-30,1.002,1.0321,0.0,东方财富基金历史净值接口
110008,易方达稳健收益债券B,2007-08-31,1.0021,1.0322,0.01,东方财富基金历史净值接口
110008,易方达稳健收益债券B,2007-09-03,1.0022,1.0323,0.01,东方财富基金历史净值接口
110008,易方达稳健收益债券B,2007-09-04,1.0023,1.0324,0.01,东方财富基金历史净值接口
110008,易方达稳健收益债券B,2007-09-05,1.0023,1.0324,0.0,东方财富基金历史净值接口
110008,易方达稳健收益债券B,2007-09-06,1.0023,1.0324,0.0,东方财富基金历史净值接口
110008,易方达稳健收益债券B,2007-09-07,1.0022,1.0323,-0.01,东方财富基金历史净值接口
110008,易方达稳健收益债券B,2007-09-10,1.0023,1.0324,0.01,东方财富基金历史净值接口
110008,易方达稳健收益债券B,2007-09-11,1.0024,1.0325,0.01,东方财富基金历史净值接口
110008,易方达稳健收益债券B,2007-09-12,1.0025,1.0326,0.01,东方财富基金历史净值接口
110008,易方达稳健收益债券B,2007-09-13,1.0024,1.0325,-0.01,东方财富基金历史净值接口
110008,易方达稳健收益债券B,2007-09-14,1.0021,1.0322,-0.03,东方财富基金历史净值接口
110008,易方达稳健收益债券B,2007-09-17,1.0018,1.0319,-0.03,东方财富基金历史净值接口
110008,易方达稳健收益债券B,2007-09-18,1.0019,1.032,0.01,东方财富基金历史净值接口
110008,易方达稳健收益债券B,2007-09-19,1.0021,1.0322,0.02,东方财富基金历史净值接口
110008,易方达稳健收益债券B,2007-09-20,1.0019,1.032,-0.02,东方财富基金历史净值接口
110008,易方达稳健收益债券B,2007-09-21,1.0021,1.0322,0.02,东方财富基金历史净值接口
110008,易方达稳健收益债券B,2007-09-24,1.001,1.0326,-0.11,东方财富基金历史净值接口
110008,易方达稳健收益债券B,2007-09-25,1.001,1.0326,0.0,东方财富基金历史净值接口
110008,易方达稳健收益债券B,2007-09-26,1.0005,1.0321,-0.05,东方财富基金历史净值接口
110008,易方达稳健收益债券B,2007-09-27,1.0014,1.033,0.09,东方财富基金历史净值接口
110008,易方达稳健收益债券B,2007-09-28,1.0023,1.0339,0.09,东方财富基金历史净值接口
110008,易方达稳健收益债券B,2007-09-30,1.0028,1.0344,0.05,东方财富基金历史净值接口
110008,易方达稳健收益债券B,2007-10-08,1.0035,1.0351,0.07,东方财富基金历史净值接口
110008,易方达稳健收益债券B,2007-10-09,1.0037,1.0353,0.02,东方财富基金历史净值接口
110008,易方达稳健收益债券B,2007-10-10,1.0038,1.0354,0.01,东方财富基金历史净值接口
110008,易方达稳健收益债券B,2007-10-11,1.0039,1.0355,0.01,东方财富基金历史净值接口
110008,易方达稳健收益债券B,2007-10-12,1.0039,1.0355,0.0,东方财富基金历史净值接口
110008,易方达稳健收益债券B,2007-10-15,1.004,1.0356,0.01,东方财富基金历史净值接口
110008,易方达稳健收益债券B,2007-10-16,1.004,1.0356,0.0,东方财富基金历史净值接口
110008,易方达稳健收益债券B,2007-10-17,1.0036,1.0352,-0.04,东方财富基金历史净值接口
110008,易方达稳健收益债券B,2007-10-18,1.0034,1.035,-0.02,东方财富基金历史净值接口
110008,易方达稳健收益债券B,2007-10-19,1.0029,1.0345,-0.05,东方财富基金历史净值接口
110008,易方达稳健收益债券B,2007-10-22,1.0029,1.0345,0.0,东方财富基金历史净值接口
110008,易方达稳健收益债券B,2007-10-23,1.0025,1.0341,-0.04,东方财富基金历史净值接口
110008,易方达稳健收益债券B,2007-10-24,1.0024,1.034,-0.01,东方财富基金历史净值接口
110008,易方达稳健收益债券B,2007-10-25,1.0024,1.034,0.0,东方财富基金历史净值接口
110008,易方达稳健收益债券B,2007-10-26,1.0017,1.0333,-0.07,东方财富基金历史净值接口
110008,易方达稳健收益债券B,2007-10-29,1.0046,1.0362,0.29,东方财富基金历史净值接口
110008,易方达稳健收益债券B,2007-10-30,1.0049,1.0365,0.03,东方财富基金历史净值接口
110008,易方达稳健收益债券B,2007-10-31,1.005,1.0366,0.01,东方财富基金历史净值接口
110008,易方达稳健收益债券B,2007-11-01,1.0051,1.0367,0.01,东方财富基金历史净值接口
110008,易方达稳健收益债券B,2007-11-02,1.0052,1.0368,0.01,东方财富基金历史净值接口
110008,易方达稳健收益债券B,2007-11-05,1.0052,1.0368,0.0,东方财富基金历史净值接口
110008,易方达稳健收益债券B,2007-11-06,1.0052,1.0368,0.0,东方财富基金历史净值接口
110008,易方达稳健收益债券B,2007-11-07,1.0041,1.0357,-0.11,东方财富基金历史净值接口
110008,易方达稳健收益债券B,2007-11-08,1.005,1.0366,0.09,东方财富基金历史净值接口
110008,易方达稳健收益债券B,2007-11-09,1.0051,1.0367,0.01,东方财富基金历史净值接口
110008,易方达稳健收益债券B,2007-11-12,1.0053,1.0369,0.02,东方财富基金历史净值接口
110008,易方达稳健收益债券B,2007-11-13,1.0053,1.0369,0.0,东方财富基金历史净值接口
110008,易方达稳健收益债券B,2007-11-14,1.0053,1.0369,0.0,东方财富基金历史净值接口
110008,易方达稳健收益债券B,2007-11-15,1.0054,1.037,0.01,东方财富基金历史净值接口
110008,易方达稳健收益债券B,2007-11-16,1.0054,1.037,0.0,东方财富基金历史净值接口
110008,易方达稳健收益债券B,2007-11-19,1.0055,1.0371,0.01,东方财富基金历史净值接口
110008,易方达稳健收益债券B,2007-11-20,1.0057,1.0373,0.02,东方财富基金历史净值接口
110008,易方达稳健收益债券B,2007-11-21,1.0059,1.0375,0.02,东方财富基金历史净值接口
110008,易方达稳健收益债券B,2007-11-22,1.0062,1.0378,0.03,东方财富基金历史净值接口
110008,易方达稳健收益债券B,2007-11-23,1.0065,1.0381,0.03,东方财富基金历史净值接口
110008,易方达稳健收益债券B,2007-11-26,1.0072,1.0388,0.07,东方财富基金历史净值接口
110008,易方达稳健收益债券B,2007-11-27,1.0074,1.039,0.02,东方财富基金历史净值接口
110008,易方达稳健收益债券B,2007-11-28,1.0074,1.039,0.0,东方财富基金历史净值接口
110008,易方达稳健收益债券B,2007-11-29,1.0074,1.039,0.0,东方财富基金历史净值接口
110008,易方达稳健收益债券B,2007-11-30,1.0075,1.0391,0.01,东方财富基金历史净值接口
110008,易方达稳健收益债券B,2007-12-03,1.0076,1.0392,0.01,东方财富基金历史净值接口
110008,易方达稳健收益债券B,2007-12-04,1.0077,1.0393,0.01,东方财富基金历史净值接口
110008,易方达稳健收益债券B,2007-12-05,1.0079,1.0395,0.02,东方财富基金历史净值接口
110008,易方达稳健收益债券B,2007-12-06,1.0082,1.0398,0.03,东方财富基金历史净值接口
110008,易方达稳健收益债券B,2007-12-07,1.0086,1.0402,0.04,东方财富基金历史净值接口
110008,易方达稳健收益债券B,2007-12-10,1.0091,1.0407,0.05,东方财富基金历史净值接口
110008,易方达稳健收益债券B,2007-12-11,1.0092,1.0408,0.01,东方财富基金历史净值接口
110008,易方达稳健收益债券B,2007-12-12,1.0093,1.0409,0.01,东方财富基金历史净值接口
110008,易方达稳健收益债券B,2007-12-13,1.0094,1.041,0.01,东方财富基金历史净值接口
110008,易方达稳健收益债券B,2007-12-14,1.0095,1.0411,0.01,东方财富基金历史净值接口
110008,易方达稳健收益债券B,2007-12-17,1.0101,1.0417,0.06,东方财富基金历史净值接口
110008,易方达稳健收益债券B,2007-12-18,1.0104,1.042,0.03,东方财富基金历史净值接口
110008,易方达稳健收益债券B,2007-12-19,1.0108,1.0424,0.04,东方财富基金历史净值接口
110008,易方达稳健收益债券B,2007-12-20,1.0111,1.0427,0.03,东方财富基金历史净值接口
110008,易方达稳健收益债券B,2007-12-21,1.0112,1.0428,0.01,东方财富基金历史净值接口
110008,易方达稳健收益债券B,2007-12-24,1.0113,1.0429,0.01,东方财富基金历史净值接口
110008,易方达稳健收益债券B,2007-12-25,1.0114,1.043,0.01,东方财富基金历史净值接口
110008,易方达稳健收益债券B,2007-12-26,1.0114,1.043,0.0,东方财富基金历史净值接口
110008,易方达稳健收益债券B,2007-12-27,1.0115,1.0431,0.01,东方财富基金历史净值接口
110008,易方达稳健收益债券B,2007-12-28,1.0116,1.0432,0.01,东方财富基金历史净值接口
110008,易方达稳健收益债券B,2007-12-29,1.0116,1.0432,0.0,东方财富基金历史净值接口
110008,易方达稳健收益债券B,2007-12-31,1.0117,1.0433,0.01,东方财富基金历史净值接口
110008,易方达稳健收益债券B,2008-01-02,1.0118,1.0434,0.01,东方财富基金历史净值接口
110008,易方达稳健收益债券B,2008-01-03,1.0118,1.0434,0.0,东方财富基金历史净值接口
110008,易方达稳健收益债券B,2008-01-04,1.0119,1.0435,0.01,东方财富基金历史净值接口
110008,易方达稳健收益债券B,2008-01-07,1.012,1.0436,0.01,东方财富基金历史净值接口
110008,易方达稳健收益债券B,2008-01-08,1.0121,1.0437,0.01,东方财富基金历史净值接口
110008,易方达稳健收益债券B,2008-01-09,1.0122,1.0438,0.01,东方财富基金历史净值接口
110008,易方达稳健收益债券B,2008-01-10,1.0122,1.0438,0.0,东方财富基金历史净值接口
110008,易方达稳健收益债券B,2008-01-11,1.0123,1.0439,0.01,东方财富基金历史净值接口
110008,易方达稳健收益债券B,2008-01-14,1.0124,1.044,0.01,东方财富基金历史净值接口
110008,易方达稳健收益债券B,2008-01-15,1.0125,1.0441,0.01,东方财富基金历史净值接口
110008,易方达稳健收益债券B,2008-01-16,1.0125,1.0441,0.0,东方财富基金历史净值接口
110008,易方达稳健收益债券B,2008-01-17,1.0125,1.0441,0.0,东方财富基金历史净值接口
110008,易方达稳健收益债券B,2008-01-18,1.0126,1.0442,0.01,东方财富基金历史净值接口
110008,易方达稳健收益债券B,2008-01-21,1.0128,1.0444,0.02,东方财富基金历史净值接口
110008,易方达稳健收益债券B,2008-01-22,1.0129,1.0445,0.01,东方财富基金历史净值接口
110008,易方达稳健收益债券B,2008-01-23,1.013,1.0446,0.01,东方财富基金历史净值接口
110008,易方达稳健收益债券B,2008-01-24,1.013,1.0446,0.0,东方财富基金历史净值接口
110008,易方达稳健收益债券B,2008-01-25,1.0132,1.0448,0.02,东方财富基金历史净值接口
110008,易方达稳健收益债券B,2008-01-28,1.0138,1.0454,0.06,东方财富基金历史净值接口
110008,易方达稳健收益债券B,2008-01-29,1.014,1.0456,0.02,东方财富基金历史净值接口
110008,易方达稳健收益债券B,2008-01-30,1.0141,1.0457,0.01,东方财富基金历史净值接口
110008,易方达稳健收益债券B,2008-01-31,1.0143,1.0459,0.02,东方财富基金历史净值接口
110008,易方达稳健收益债券B,2008-02-01,1.0144,1.046,0.01,东方财富基金历史净值接口
110008,易方达稳健收益债券B,2008-02-04,1.0147,1.0463,0.03,东方财富基金历史净值接口
110008,易方达稳健收益债券B,2008-02-05,1.0149,1.0465,0.02,东方财富基金历史净值接口
110008,易方达稳健收益债券B,2008-02-13,1.0152,1.0468,0.03,东方财富基金历史净值接口
110008,易方达稳健收益债券B,2008-02-14,1.0152,1.0468,0.0,东方财富基金历史净值接口
110008,易方达稳健收益债券B,2008-02-15,1.0154,1.047,0.02,东方财富基金历史净值接口
110008,易方达稳健收益债券B,2008-02-18,1.0154,1.047,0.0,东方财富基金历史净值接口
110008,易方达稳健收益债券B,2008-02-19,1.0153,1.0469,-0.01,东方财富基金历史净值接口
110008,易方达稳健收益债券B,2008-02-20,1.0153,1.0469,0.0,东方财富基金历史净值接口
110008,易方达稳健收益债券B,2008-02-21,1.0153,1.0469,0.0,东方财富基金历史净值接口
110008,易方达稳健收益债券B,2008-02-22,1.0152,1.0468,-0.01,东方财富基金历史净值接口
110008,易方达稳健收益债券B,2008-02-25,1.0151,1.0467,-0.01,东方财富基金历史净值接口
110008,易方达稳健收益债券B,2008-02-26,1.0151,1.0467,0.0,东方财富基金历史净值接口
110008,易方达稳健收益债券B,2008-02-27,1.0152,1.0468,0.01,东方财富基金历史净值接口
110008,易方达稳健收益债券B,2008-02-28,1.0152,1.0468,0.0,东方财富基金历史净值接口
110008,易方达稳健收益债券B,2008-02-29,1.0153,1.0469,0.01,东方财富基金历史净值接口
110008,易方达稳健收益债券B,2008-03-03,1.0156,1.0472,0.03,东方财富基金历史净值接口
110008,易方达稳健收益债券B,2008-03-04,1.0159,1.0475,0.03,东方财富基金历史净值接口
110008,易方达稳健收益债券B,2008-03-05,1.0162,1.0478,0.03,东方财富基金历史净值接口
110008,易方达稳健收益债券B,2008-03-06,1.0162,1.0478,0.0,东方财富基金历史净值接口
110008,易方达稳健收益债券B,2008-03-07,1.0163,1.0479,0.01,东方财富基金历史净值接口
110008,易方达稳健收益债券B,2008-03-10,1.0173,1.0489,0.1,东方财富基金历史净值接口
110008,易方达稳健收益债券B,2008-03-11,1.0174,1.049,0.01,东方财富基金历史净值接口
110008,易方达稳健收益债券B,2008-03-12,1.0174,1.049,0.0,东方财富基金历史净值接口
110008,易方达稳健收益债券B,2008-03-13,1.0175,1.0491,0.01,东方财富基金历史净值接口
110008,易方达稳健收益债券B,2008-03-14,1.0175,1.0491,0.0,东方财富基金历史净值接口
110008,易方达稳健收益债券B,2008-03-17,1.0177,1.0493,0.02,东方财富基金历史净值接口
110008,易方达稳健收益债券B,2008-03-18,1.0178,1.0494,0.01,东方财富基金历史净值接口
110008,易方达稳健收益债券B,2008-03-19,1.018,1.0496,0.02,东方财富基金历史净值接口
110008,易方达稳健收益债券B,2008-03-20,1.0182,1.0498,0.02,东方财富基金历史净值接口
110008,易方达稳健收益债券B,2008-03-21,1.0183,1.0499,0.01,东方财富基金历史净值接口
110008,易方达稳健收益债券B,2008-03-24,1.0187,1.0503,0.04,东方财富基金历史净值接口
110008,易方达稳健收益债券B,2008-03-25,1.0188,1.0504,0.01,东方财富基金历史净值接口
110008,易方达稳健收益债券B,2008-03-26,1.0189,1.0505,0.01,东方财富基金历史净值接口
110008,易方达稳健收益债券B,2008-03-27,1.019,1.0506,0.01,东方财富基金历史净值接口
110008,易方达稳健收益债券B,2008-03-28,1.019,1.0506,0.0,东方财富基金历史净值接口
110008,易方达稳健收益债券B,2008-03-31,1.0192,1.0508,0.02,东方财富基金历史净值接口
110008,易方达稳健收益债券B,2008-04-01,1.019,1.0506,-0.02,东方财富基金历史净值接口
110008,易方达稳健收益债券B,2008-04-02,1.019,1.0506,0.0,东方财富基金历史净值接口
110008,易方达稳健收益债券B,2008-04-03,1.0191,1.0507,0.01,东方财富基金历史净值接口
110008,易方达稳健收益债券B,2008-04-07,1.0194,1.051,0.03,东方财富基金历史净值接口
110008,易方达稳健收益债券B,2008-04-08,1.0196,1.0512,0.02,东方财富基金历史净值接口
110008,易方达稳健收益债券B,2008-04-09,1.0198,1.0514,0.02,东方财富基金历史净值接口
110008,易方达稳健收益债券B,2008-04-10,1.0199,1.0515,0.01,东方财富基金历史净值接口
110008,易方达稳健收益债券B,2008-04-11,1.02,1.0516,0.01,东方财富基金历史净值接口
110008,易方达稳健收益债券B,2008-04-14,1.0202,1.0518,0.02,东方财富基金历史净值接口
110008,易方达稳健收益债券B,2008-04-15,1.0202,1.0518,0.0,东方财富基金历史净值接口
110008,易方达稳健收益债券B,2008-04-16,1.0202,1.0518,0.0,东方财富基金历史净值接口
110008,易方达稳健收益债券B,2008-04-17,1.0202,1.0518,0.0,东方财富基金历史净值接口
110008,易方达稳健收益债券B,2008-04-18,1.0201,1.0517,-0.01,东方财富基金历史净值接口
110008,易方达稳健收益债券B,2008-04-21,1.0202,1.0518,0.01,东方财富基金历史净值接口
110008,易方达稳健收益债券B,2008-04-22,1.0203,1.0519,0.01,东方财富基金历史净值接口
110008,易方达稳健收益债券B,2008-04-23,1.016,1.0526,0.07,东方财富基金历史净值接口
110008,易方达稳健收益债券B,2008-04-24,1.0161,1.0527,0.01,东方财富基金历史净值接口
110008,易方达稳健收益债券B,2008-04-25,1.0167,1.0533,0.06,东方财富基金历史净值接口
110008,易方达稳健收益债券B,2008-04-28,1.0171,1.0537,0.04,东方财富基金历史净值接口
110008,易方达稳健收益债券B,2008-04-29,1.0172,1.0538,0.01,东方财富基金历史净值接口
110008,易方达稳健收益债券B,2008-04-30,1.0174,1.054,0.02,东方财富基金历史净值接口
110008,易方达稳健收益债券B,2008-05-05,1.0179,1.0545,0.05,东方财富基金历史净值接口
110008,易方达稳健收益债券B,2008-05-06,1.0178,1.0544,-0.01,东方财富基金历史净值接口
110008,易方达稳健收益债券B,2008-05-07,1.0176,1.0542,-0.02,东方财富基金历史净值接口
110008,易方达稳健收益债券B,2008-05-08,1.0179,1.0545,0.03,东方财富基金历史净值接口
110008,易方达稳健收益债券B,2008-05-09,1.0181,1.0547,0.02,东方财富基金历史净值接口
110008,易方达稳健收益债券B,2008-05-12,1.0184,1.055,0.03,东方财富基金历史净值接口
110008,易方达稳健收益债券B,2008-05-13,1.0184,1.055,0.0,东方财富基金历史净值接口
110008,易方达稳健收益债券B,2008-05-14,1.0186,1.0552,0.02,东方财富基金历史净值接口
110008,易方达稳健收益债券B,2008-05-15,1.0187,1.0553,0.01,东方财富基金历史净值接口
110008,易方达稳健收益债券B,2008-05-16,1.0193,1.0559,0.06,东方财富基金历史净值接口
110008,易方达稳健收益债券B,2008-05-19,1.0194,1.056,0.01,东方财富基金历史净值接口
110008,易方达稳健收益债券B,2008-05-20,1.0195,1.0561,0.01,东方财富基金历史净值接口
110008,易方达稳健收益债券B,2008-05-21,1.0202,1.0568,0.07,东方财富基金历史净值接口
110008,易方达稳健收益债券B,2008-05-22,1.0207,1.0573,0.05,东方财富基金历史净值接口
110008,易方达稳健收益债券B,2008-05-23,1.0212,1.0578,0.05,东方财富基金历史净值接口
110008,易方达稳健收益债券B,2008-05-26,1.0216,1.0582,0.04,东方财富基金历史净值接口
110008,易方达稳健收益债券B,2008-05-27,1.0217,1.0583,0.01,东方财富基金历史净值接口
110008,易方达稳健收益债券B,2008-05-28,1.0227,1.0593,0.1,东方财富基金历史净值接口
110008,易方达稳健收益债券B,2008-05-29,1.0229,1.0595,0.02,东方财富基金历史净值接口
110008,易方达稳健收益债券B,2008-05-30,1.0231,1.0597,0.02,东方财富基金历史净值接口
110008,易方达稳健收益债券B,2008-06-02,1.0234,1.06,0.03,东方财富基金历史净值接口
110008,易方达稳健收益债券B,2008-06-03,1.0231,1.0597,-0.03,东方财富基金历史净值接口
110008,易方达稳健收益债券B,2008-06-04,1.0231,1.0597,0.0,东方财富基金历史净值接口
110008,易方达稳健收益债券B,2008-06-05,1.0234,1.06,0.03,东方财富基金历史净值接口
110008,易方达稳健收益债券B,2008-06-06,1.0233,1.0599,-0.01,东方财富基金历史净值接口
110008,易方达稳健收益债券B,2008-06-10,1.022,1.0586,-0.13,东方财富基金历史净值接口
110008,易方达稳健收益债券B,2008-06-11,1.0212,1.0578,-0.08,东方财富基金历史净值接口
110008,易方达稳健收益债券B,2008-06-12,1.021,1.0576,-0.02,东方财富基金历史净值接口
110008,易方达稳健收益债券B,2008-06-13,1.0209,1.0575,-0.01,东方财富基金历史净值接口
110008,易方达稳健收益债券B,2008-06-16,1.0213,1.0579,0.04,东方财富基金历史净值接口
110008,易方达稳健收益债券B,2008-06-17,1.0214,1.058,0.01,东方财富基金历史净值接口
110008,易方达稳健收益债券B,2008-06-18,1.0214,1.058,0.0,东方财富基金历史净值接口
110008,易方达稳健收益债券B,2008-06-19,1.0211,1.0577,-0.03,东方财富基金历史净值接口
110008,易方达稳健收益债券B,2008-06-20,1.0215,1.0581,0.04,东方财富基金历史净值接口
110008,易方达稳健收益债券B,2008-06-23,1.0214,1.058,-0.01,东方财富基金历史净值接口
110008,易方达稳健收益债券B,2008-06-24,1.0216,1.0582,0.02,东方财富基金历史净值接口
110008,易方达稳健收益债券B,2008-06-25,1.0224,1.059,0.08,东方财富基金历史净值接口
110008,易方达稳健收益债券B,2008-06-26,1.0222,1.0588,-0.02,东方财富基金历史净值接口
110008,易方达稳健收益债券B,2008-06-27,1.0202,1.0568,-0.2,东方财富基金历史净值接口
110008,易方达稳健收益债券B,2008-06-30,1.0211,1.0577,0.09,东方财富基金历史净值接口
110008,易方达稳健收益债券B,2008-07-01,1.022,1.0586,0.09,东方财富基金历史净值接口
110008,易方达稳健收益债券B,2008-07-02,1.0225,1.0591,0.05,东方财富基金历史净值接口
110008,易方达稳健收益债券B,2008-07-03,1.0226,1.0592,0.01,东方财富基金历史净值接口
110008,易方达稳健收益债券B,2008-07-04,1.0218,1.0584,-0.08,东方财富基金历史净值接口
110008,易方达稳健收益债券B,2008-07-07,1.0224,1.059,0.06,东方财富基金历史净值接口
110008,易方达稳健收益债券B,2008-07-08,1.0224,1.059,0.0,东方财富基金历史净值接口
110008,易方达稳健收益债券B,2008-07-09,1.0236,1.0602,0.12,东方财富基金历史净值接口
110008,易方达稳健收益债券B,2008-07-10,1.0244,1.061,0.08,东方财富基金历史净值接口
110008,易方达稳健收益债券B,2008-07-11,1.0244,1.061,0.0,东方财富基金历史净值接口
110008,易方达稳健收益债券B,2008-07-14,1.025,1.0616,0.06,东方财富基金历史净值接口
110008,易方达稳健收益债券B,2008-07-15,1.0246,1.0612,-0.04,东方财富基金历史净值接口
110008,易方达稳健收益债券B,2008-07-16,1.0245,1.0611,-0.01,东方财富基金历史净值接口
110008,易方达稳健收益债券B,2008-07-17,1.0245,1.0611,0.0,东方财富基金历史净值接口
110008,易方达稳健收益债券B,2008-07-18,1.025,1.0616,0.05,东方财富基金历史净值接口
110008,易方达稳健收益债券B,2008-07-21,1.0251,1.0617,0.01,东方财富基金历史净值接口
110008,易方达稳健收益债券B,2008-07-22,1.0254,1.062,0.03,东方财富基金历史净值接口
110008,易方达稳健收益债券B,2008-07-23,1.0256,1.0622,0.02,东方财富基金历史净值接口
110008,易方达稳健收益债券B,2008-07-24,1.0261,1.0627,0.05,东方财富基金历史净值接口
110008,易方达稳健收益债券B,2008-07-25,1.0262,1.0628,0.01,东方财富基金历史净值接口
110008,易方达稳健收益债券B,2008-07-28,1.0265,1.0631,0.03,东方财富基金历史净值接口
110008,易方达稳健收益债券B,2008-07-29,1.0265,1.0631,0.0,东方财富基金历史净值接口
110008,易方达稳健收益债券B,2008-07-30,1.0269,1.0635,0.04,东方财富基金历史净值接口
110008,易方达稳健收益债券B,2008-07-31,1.0268,1.0634,-0.01,东方财富基金历史净值接口
110008,易方达稳健收益债券B,2008-08-01,1.0269,1.0635,0.01,东方财富基金历史净值接口
110008,易方达稳健收益债券B,2008-08-04,1.0267,1.0633,-0.02,东方财富基金历史净值接口
110008,易方达稳健收益债券B,2008-08-05,1.0265,1.0631,-0.02,东方财富基金历史净值接口
110008,易方达稳健收益债券B,2008-08-06,1.0273,1.0639,0.08,东方财富基金历史净值接口
110008,易方达稳健收益债券B,2008-08-07,1.0277,1.0643,0.04,东方财富基金历史净值接口
110008,易方达稳健收益债券B,2008-08-08,1.0276,1.0642,-0.01,东方财富基金历史净值接口
110008,易方达稳健收益债券B,2008-08-11,1.0277,1.0643,0.01,东方财富基金历史净值接口
110008,易方达稳健收益债券B,2008-08-12,1.0276,1.0642,-0.01,东方财富基金历史净值接口
110008,易方达稳健收益债券B,2008-08-13,1.0282,1.0648,0.06,东方财富基金历史净值接口
110008,易方达稳健收益债券B,2008-08-14,1.0284,1.065,0.02,东方财富基金历史净值接口
110008,易方达稳健收益债券B,2008-08-15,1.0287,1.0653,0.03,东方财富基金历史净值接口
110008,易方达稳健收益债券B,2008-08-18,1.0305,1.0671,0.18,东方财富基金历史净值接口
110008,易方达稳健收益债券B,2008-08-19,1.0314,1.068,0.09,东方财富基金历史净值接口
110008,易方达稳健收益债券B,2008-08-20,1.0324,1.069,0.1,东方财富基金历史净值接口
110008,易方达稳健收益债券B,2008-08-21,1.0314,1.068,-0.1,东方财富基金历史净值接口
110008,易方达稳健收益债券B,2008-08-22,1.0314,1.068,0.0,东方财富基金历史净值接口
110008,易方达稳健收益债券B,2008-08-25,1.0318,1.0684,0.04,东方财富基金历史净值接口
110008,易方达稳健收益债券B,2008-08-26,1.0316,1.0682,-0.02,东方财富基金历史净值接口
110008,易方达稳健收益债券B,2008-08-27,1.0315,1.0681,-0.01,东方财富基金历史净值接口
110008,易方达稳健收益债券B,2008-08-28,1.0326,1.0692,0.11,东方财富基金历史净值接口
110008,易方达稳健收益债券B,2008-08-29,1.0338,1.0704,0.12,东方财富基金历史净值接口
110008,易方达稳健收益债券B,2008-09-01,1.0347,1.0713,0.09,东方财富基金历史净值接口
110008,易方达稳健收益债券B,2008-09-02,1.0358,1.0724,0.11,东方财富基金历史净值接口
110008,易方达稳健收益债券B,2008-09-03,1.0359,1.0725,0.01,东方财富基金历史净值接口
110008,易方达稳健收益债券B,2008-09-04,1.0364,1.073,0.05,东方财富基金历史净值接口
110008,易方达稳健收益债券B,2008-09-05,1.0365,1.0731,0.01,东方财富基金历史净值接口
110008,易方达稳健收益债券B,2008-09-08,1.0366,1.0732,0.01,东方财富基金历史净值接口
110008,易方达稳健收益债券B,2008-09-09,1.0373,1.0739,0.07,东方财富基金历史净值接口
110008,易方达稳健收益债券B,2008-09-10,1.0392,1.0758,0.18,东方财富基金历史净值接口
110008,易方达稳健收益债券B,2008-09-11,1.0404,1.077,0.12,东方财富基金历史净值接口
110008,易方达稳健收益债券B,2008-09-12,1.0423,1.0789,0.18,东方财富基金历史净值接口
110008,易方达稳健收益债券B,2008-09-16,1.0482,1.0848,0.57,东方财富基金历史净值接口
110008,易方达稳健收益债券B,2008-09-17,1.0537,1.0903,0.52,东方财富基金历史净值接口
110008,易方达稳健收益债券B,2008-09-18,1.0537,1.0903,0.0,东方财富基金历史净值接口
110008,易方达稳健收益债券B,2008-09-19,1.0536,1.0902,-0.01,东方财富基金历史净值接口
110008,易方达稳健收益债券B,2008-09-22,1.0539,1.0905,0.03,东方财富基金历史净值接口
110008,易方达稳健收益债券B,2008-09-23,1.0538,1.0904,-0.01,东方财富基金历史净值接口
110008,易方达稳健收益债券B,2008-09-24,1.055,1.0916,0.11,东方财富基金历史净值接口
110008,易方达稳健收益债券B,2008-09-25,1.0567,1.0933,0.16,东方财富基金历史净值接口
110008,易方达稳健收益债券B,2008-09-26,1.0563,1.0929,-0.04,东方财富基金历史净值接口
110008,易方达稳健收益债券B,2008-09-30,1.0562,1.0928,-0.01,东方财富基金历史净值接口
110008,易方达稳健收益债券B,2008-10-06,1.0566,1.0932,0.04,东方财富基金历史净值接口
110008,易方达稳健收益债券B,2008-10-07,1.0611,1.0977,0.43,东方财富基金历史净值接口
110008,易方达稳健收益债券B,2008-10-08,1.0667,1.1033,0.53,东方财富基金历史净值接口
110008,易方达稳健收益债券B,2008-10-09,1.0741,1.1107,0.69,东方财富基金历史净值接口
110008,易方达稳健收益债券B,2008-10-10,1.0756,1.1122,0.14,东方财富基金历史净值接口
110008,易方达稳健收益债券B,2008-10-13,1.0747,1.1113,-0.08,东方财富基金历史净值接口
110008,易方达稳健收益债券B,2008-10-14,1.0751,1.1117,0.04,东方财富基金历史净值接口
110008,易方达稳健收益债券B,2008-10-15,1.0758,1.1124,0.07,东方财富基金历史净值接口
110008,易方达稳健收益债券B,2008-10-16,1.0768,1.1134,0.09,东方财富基金历史净值接口
110008,易方达稳健收益债券B,2008-10-17,1.075,1.1116,-0.17,东方财富基金历史净值接口
110008,易方达稳健收益债券B,2008-10-20,1.074,1.1106,-0.09,东方财富基金历史净值接口
110008,易方达稳健收益债券B,2008-10-21,1.0751,1.1117,0.1,东方财富基金历史净值接口
110008,易方达稳健收益债券B,2008-10-22,1.0757,1.1123,0.06,东方财富基金历史净值接口
110008,易方达稳健收益债券B,2008-10-23,1.0741,1.1107,-0.15,东方财富基金历史净值接口
110008,易方达稳健收益债券B,2008-10-24,1.0744,1.111,0.03,东方财富基金历史净值接口
110008,易方达稳健收益债券B,2008-10-27,1.0704,1.107,-0.37,东方财富基金历史净值接口
110008,易方达稳健收益债券B,2008-10-28,1.0691,1.1057,-0.12,东方财富基金历史净值接口
110008,易方达稳健收益债券B,2008-10-29,1.0726,1.1092,0.33,东方财富基金历史净值接口
110008,易方达稳健收益债券B,2008-10-30,1.0749,1.1115,0.21,东方财富基金历史净值接口
110008,易方达稳健收益债券B,2008-10-31,1.0738,1.1104,-0.1,东方财富基金历史净值接口
110008,易方达稳健收益债券B,2008-11-03,1.0717,1.1083,-0.2,东方财富基金历史净值接口
110008,易方达稳健收益债券B,2008-11-04,1.0734,1.11,0.16,东方财富基金历史净值接口
110008,易方达稳健收益债券B,2008-11-05,1.0753,1.1119,0.18,东方财富基金历史净值接口
110008,易方达稳健收益债券B,2008-11-06,1.0787,1.1153,0.32,东方财富基金历史净值接口
110008,易方达稳健收益债券B,2008-11-07,1.0797,1.1163,0.09,东方财富基金历史净值接口
110008,易方达稳健收益债券B,2008-11-10,1.0835,1.1201,0.35,东方财富基金历史净值接口
110008,易方达稳健收益债券B,2008-11-11,1.0838,1.1204,0.03,东方财富基金历史净值接口
110008,易方达稳健收益债券B,2008-11-12,1.0861,1.1227,0.21,东方财富基金历史净值接口
110008,易方达稳健收益债券B,2008-11-13,1.0897,1.1263,0.33,东方财富基金历史净值接口
110008,易方达稳健收益债券B,2008-11-14,1.0864,1.123,-0.3,东方财富基金历史净值接口
110008,易方达稳健收益债券B,2008-11-17,1.0858,1.1224,-0.06,东方财富基金历史净值接口
110008,易方达稳健收益债券B,2008-11-18,1.0843,1.1209,-0.14,东方财富基金历史净值接口
110008,易方达稳健收益债券B,2008-11-19,1.0817,1.1183,-0.24,东方财富基金历史净值接口
110008,易方达稳健收益债券B,2008-11-20,1.0803,1.1169,-0.13,东方财富基金历史净值接口
110008,易方达稳健收益债券B,2008-11-21,1.0796,1.1162,-0.06,东方财富基金历史净值接口
110008,易方达稳健收益债券B,2008-11-24,1.0784,1.115,-0.11,东方财富基金历史净值接口
110008,易方达稳健收益债券B,2008-11-25,1.0761,1.1127,-0.21,东方财富基金历史净值接口
110008,易方达稳健收益债券B,2008-11-26,1.0743,1.1109,-0.17,东方财富基金历史净值接口
110008,易方达稳健收益债券B,2008-11-27,1.0774,1.114,0.29,东方财富基金历史净值接口
110008,易方达稳健收益债券B,2008-11-28,1.0757,1.1123,-0.16,东方财富基金历史净值接口
110008,易方达稳健收益债券B,2008-12-01,1.0759,1.1125,0.02,东方财富基金历史净值接口
110008,易方达稳健收益债券B,2008-12-02,1.0773,1.1139,0.13,东方财富基金历史净值接口
110008,易方达稳健收益债券B,2008-12-03,1.0781,1.1147,0.07,东方财富基金历史净值接口
110008,易方达稳健收益债券B,2008-12-04,1.0795,1.1161,0.13,东方财富基金历史净值接口
110008,易方达稳健收益债券B,2008-12-05,1.0815,1.1181,0.19,东方财富基金历史净值接口
110008,易方达稳健收益债券B,2008-12-08,1.0829,1.1195,0.13,东方财富基金历史净值接口
110008,易方达稳健收益债券B,2008-12-09,1.0808,1.1174,-0.19,东方财富基金历史净值接口
110008,易方达稳健收益债券B,2008-12-10,1.0826,1.1192,0.17,东方财富基金历史净值接口
110008,易方达稳健收益债券B,2008-12-11,1.0848,1.1214,0.2,东方财富基金历史净值接口
110008,易方达稳健收益债券B,2008-12-12,1.0854,1.122,0.06,东方财富基金历史净值接口
110008,易方达稳健收益债券B,2008-12-15,1.0869,1.1235,0.14,东方财富基金历史净值接口
110008,易方达稳健收益债券B,2008-12-16,1.0498,1.1244,0.08,东方财富基金历史净值接口
110008,易方达稳健收益债券B,2008-12-17,1.0521,1.1267,0.22,东方财富基金历史净值接口
110008,易方达稳健收益债券B,2008-12-18,1.0538,1.1284,0.16,东方财富基金历史净值接口
110008,易方达稳健收益债券B,2008-12-19,1.0542,1.1288,0.04,东方财富基金历史净值接口
110008,易方达稳健收益债券B,2008-12-22,1.0539,1.1285,-0.03,东方财富基金历史净值接口
110008,易方达稳健收益债券B,2008-12-23,1.0549,1.1295,0.09,东方财富基金历史净值接口
110008,易方达稳健收益债券B,2008-12-24,1.0556,1.1302,0.07,东方财富基金历史净值接口
110008,易方达稳健收益债券B,2008-12-25,1.0552,1.1298,-0.04,东方财富基金历史净值接口
110008,易方达稳健收益债券B,2008-12-26,1.054,1.1286,-0.11,东方财富基金历史净值接口
110008,易方达稳健收益债券B,2008-12-29,1.0547,1.1293,0.07,东方财富基金历史净值接口
110008,易方达稳健收益债券B,2008-12-30,1.0548,1.1294,0.01,东方财富基金历史净值接口
110008,易方达稳健收益债券B,2008-12-31,1.0553,1.1299,0.05,东方财富基金历史净值接口
110008,易方达稳健收益债券B,2009-01-05,1.0592,1.1338,0.37,东方财富基金历史净值接口
110008,易方达稳健收益债券B,2009-01-06,1.0599,1.1345,0.07,东方财富基金历史净值接口
110008,易方达稳健收益债券B,2009-01-07,1.0627,1.1373,0.26,东方财富基金历史净值接口
110008,易方达稳健收益债券B,2009-01-08,1.0639,1.1385,0.11,东方财富基金历史净值接口
110008,易方达稳健收益债券B,2009-01-09,1.0651,1.1397,0.11,东方财富基金历史净值接口
110008,易方达稳健收益债券B,2009-01-12,1.0667,1.1413,0.15,东方财富基金历史净值接口
110008,易方达稳健收益债券B,2009-01-13,1.0646,1.1392,-0.2,东方财富基金历史净值接口
110008,易方达稳健收益债券B,2009-01-14,1.0608,1.1354,-0.36,东方财富基金历史净值接口
110008,易方达稳健收益债券B,2009-01-15,1.0526,1.1272,-0.77,东方财富基金历史净值接口
110008,易方达稳健收益债券B,2009-01-16,1.049,1.1236,-0.34,东方财富基金历史净值接口
110008,易方达稳健收益债券B,2009-01-19,1.0461,1.1207,-0.28,东方财富基金历史净值接口
110008,易方达稳健收益债券B,2009-01-20,1.0398,1.1144,-0.6,东方财富基金历史净值接口
110008,易方达稳健收益债券B,2009-01-21,1.0378,1.1124,-0.19,东方财富基金历史净值接口
110008,易方达稳健收益债券B,2009-01-22,1.041,1.1156,0.31,东方财富基金历史净值接口
110008,易方达稳健收益债券B,2009-01-23,1.0414,1.116,0.04,东方财富基金历史净值接口
110008,易方达稳健收益债券B,2009-02-02,1.0407,1.1153,-0.07,东方财富基金历史净值接口
110008,易方达稳健收益债券B,2009-02-03,1.0384,1.113,-0.22,东方财富基金历史净值接口
110008,易方达稳健收益债券B,2009-02-04,1.0361,1.1107,-0.22,东方财富基金历史净值接口
110008,易方达稳健收益债券B,2009-02-05,1.035,1.1096,-0.11,东方财富基金历史净值接口
110008,易方达稳健收益债券B,2009-02-06,1.0352,1.1098,0.02,东方财富基金历史净值接口
110008,易方达稳健收益债券B,2009-02-09,1.036,1.1106,0.08,东方财富基金历史净值接口
110008,易方达稳健收益债券B,2009-02-10,1.0361,1.1107,0.01,东方财富基金历史净值接口
110008,易方达稳健收益债券B,2009-02-11,1.0377,1.1123,0.15,东方财富基金历史净值接口
110008,易方达稳健收益债券B,2009-02-12,1.0393,1.1139,0.15,东方财富基金历史净值接口
110008,易方达稳健收益债券B,2009-02-13,1.0392,1.1138,-0.01,东方财富基金历史净值接口
110008,易方达稳健收益债券B,2009-02-16,1.0218,1.1134,-0.04,东方财富基金历史净值接口
110008,易方达稳健收益债券B,2009-02-17,1.0217,1.1133,-0.01,东方财富基金历史净值接口
110008,易方达稳健收益债券B,2009-02-18,1.0221,1.1137,0.04,东方财富基金历史净值接口
110008,易方达稳健收益债券B,2009-02-19,1.0232,1.1148,0.11,东方财富基金历史净值接口
110008,易方达稳健收益债券B,2009-02-20,1.0231,1.1147,-0.01,东方财富基金历史净值接口
110008,易方达稳健收益债券B,2009-02-23,1.0231,1.1147,0.0,东方财富基金历史净值接口
110008,易方达稳健收益债券B,2009-02-24,1.0242,1.1158,0.11,东方财富基金历史净值接口
110008,易方达稳健收益债券B,2009-02-25,1.024,1.1156,-0.02,东方财富基金历史净值接口
110008,易方达稳健收益债券B,2009-02-26,1.0244,1.116,0.04,东方财富基金历史净值接口
110008,易方达稳健收益债券B,2009-02-27,1.0237,1.1153,-0.07,东方财富基金历史净值接口
110008,易方达稳健收益债券B,2009-03-02,1.0227,1.1143,-0.1,东方财富基金历史净值接口
110008,易方达稳健收益债券B,2009-03-03,1.0226,1.1142,-0.01,东方财富基金历史净值接口
110008,易方达稳健收益债券B,2009-03-04,1.0229,1.1145,0.03,东方财富基金历史净值接口
110008,易方达稳健收益债券B,2009-03-05,1.0216,1.1132,-0.13,东方财富基金历史净值接口
110008,易方达稳健收益债券B,2009-03-06,1.0225,1.1141,0.09,东方财富基金历史净值接口
110008,易方达稳健收益债券B,2009-03-09,1.0217,1.1133,-0.08,东方财富基金历史净值接口
110008,易方达稳健收益债券B,2009-03-10,1.0223,1.1139,0.06,东方财富基金历史净值接口
110008,易方达稳健收益债券B,2009-03-11,1.0232,1.1148,0.09,东方财富基金历史净值接口
110008,易方达稳健收益债券B,2009-03-12,1.023,1.1146,-0.02,东方财富基金历史净值接口
110008,易方达稳健收益债券B,2009-03-13,1.0236,1.1152,0.06,东方财富基金历史净值接口
110008,易方达稳健收益债券B,2009-03-16,1.0247,1.1163,0.11,东方财富基金历史净值接口
110008,易方达稳健收益债券B,2009-03-17,1.0255,1.1171,0.08,东方财富基金历史净值接口
110008,易方达稳健收益债券B,2009-03-18,1.0253,1.1169,-0.02,东方财富基金历史净值接口
110008,易方达稳健收益债券B,2009-03-19,1.0252,1.1168,-0.01,东方财富基金历史净值接口
110008,易方达稳健收益债券B,2009-03-20,1.0238,1.1154,-0.14,东方财富基金历史净值接口
110008,易方达稳健收益债券B,2009-03-23,1.0233,1.1149,-0.05,东方财富基金历史净值接口
110008,易方达稳健收益债券B,2009-03-24,1.0223,1.1139,-0.1,东方财富基金历史净值接口
110008,易方达稳健收益债券B,2009-03-25,1.0224,1.114,0.01,东方财富基金历史净值接口
110008,易方达稳健收益债券B,2009-03-26,1.0217,1.1133,-0.07,东方财富基金历史净值接口
110008,易方达稳健收益债券B,2009-03-27,1.0204,1.112,-0.13,东方财富基金历史净值接口
110008,易方达稳健收益债券B,2009-03-30,1.0204,1.112,0.0,东方财富基金历史净值接口
110008,易方达稳健收益债券B,2009-03-31,1.0207,1.1123,0.03,东方财富基金历史净值接口
110008,易方达稳健收益债券B,2009-04-01,1.0208,1.1124,0.01,东方财富基金历史净值接口
110008,易方达稳健收益债券B,2009-04-02,1.0199,1.1115,-0.09,东方财富基金历史净值接口
110008,易方达稳健收益债券B,2009-04-03,1.0177,1.1093,-0.22,东方财富基金历史净值接口
110008,易方达稳健收益债券B,2009-04-07,1.016,1.1076,-0.17,东方财富基金历史净值接口
110008,易方达稳健收益债券B,2009-04-08,1.0136,1.1052,-0.24,东方财富基金历史净值接口
110008,易方达稳健收益债券B,2009-04-09,1.0145,1.1061,0.09,东方财富基金历史净值接口
110008,易方达稳健收益债券B,2009-04-10,1.0168,1.1084,0.23,东方财富基金历史净值接口
110008,易方达稳健收益债券B,2009-04-13,1.0192,1.1108,0.24,东方财富基金历史净值接口
110008,易方达稳健收益债券B,2009-04-14,1.0232,1.1148,0.39,东方财富基金历史净值接口
110008,易方达稳健收益债券B,2009-04-15,1.0244,1.116,0.12,东方财富基金历史净值接口
110008,易方达稳健收益债券B,2009-04-16,1.0228,1.1144,-0.16,东方财富基金历史净值接口
110008,易方达稳健收益债券B,2009-04-17,1.0189,1.1105,-0.38,东方财富基金历史净值接口
110008,易方达稳健收益债券B,2009-04-20,1.0228,1.1144,0.38,东方财富基金历史净值接口
110008,易方达稳健收益债券B,2009-04-21,1.0202,1.1118,-0.25,东方财富基金历史净值接口
110008,易方达稳健收益债券B,2009-04-22,1.0168,1.1084,-0.33,东方财富基金历史净值接口
110008,易方达稳健收益债券B,2009-04-23,1.0184,1.11,0.16,东方财富基金历史净值接口
110008,易方达稳健收益债券B,2009-04-24,1.0202,1.1118,0.18,东方财富基金历史净值接口
110008,易方达稳健收益债券B,2009-04-27,1.0183,1.1099,-0.19,东方财富基金历史净值接口
110008,易方达稳健收益债券B,2009-04-28,1.0179,1.1095,-0.04,东方财富基金历史净值接口
110008,易方达稳健收益债券B,2009-04-29,1.0202,1.1118,0.23,东方财富基金历史净值接口
110008,易方达稳健收益债券B,2009-04-30,1.025,1.1166,0.47,东方财富基金历史净值接口
110008,易方达稳健收益债券B,2009-05-04,1.0277,1.1193,0.26,东方财富基金历史净值接口
110008,易方达稳健收益债券B,2009-05-05,1.0269,1.1185,-0.08,东方财富基金历史净值接口
110008,易方达稳健收益债券B,2009-05-06,1.0277,1.1193,0.08,东方财富基金历史净值接口
110008,易方达稳健收益债券B,2009-05-07,1.0274,1.119,-0.03,东方财富基金历史净值接口
110008,易方达稳健收益债券B,2009-05-08,1.0282,1.1198,0.08,东方财富基金历史净值接口
110008,易方达稳健收益债券B,2009-05-11,1.029,1.1206,0.08,东方财富基金历史净值接口
110008,易方达稳健收益债券B,2009-05-12,1.0302,1.1218,0.12,东方财富基金历史净值接口
110008,易方达稳健收益债券B,2009-05-13,1.0314,1.123,0.12,东方财富基金历史净值接口
110008,易方达稳健收益债券B,2009-05-14,1.0313,1.1229,-0.01,东方财富基金历史净值接口
110008,易方达稳健收益债券B,2009-05-15,1.0321,1.1237,0.08,东方财富基金历史净值接口
110008,易方达稳健收益债券B,2009-05-18,1.036,1.1276,0.38,东方财富基金历史净值接口
110008,易方达稳健收益债券B,2009-05-19,1.0357,1.1273,-0.03,东方财富基金历史净值接口
110008,易方达稳健收益债券B,2009-05-20,1.0366,1.1282,0.09,东方财富基金历史净值接口
110008,易方达稳健收益债券B,2009-05-21,1.0338,1.1254,-0.27,东方财富基金历史净值接口
110008,易方达稳健收益债券B,2009-05-22,1.0319,1.1235,-0.18,东方财富基金历史净值接口
110008,易方达稳健收益债券B,2009-05-25,1.0303,1.1219,-0.16,东方财富基金历史净值接口
110008,易方达稳健收益债券B,2009-05-26,1.0307,1.1223,0.04,东方财富基金历史净值接口
110008,易方达稳健收益债券B,2009-05-27,1.0313,1.1229,0.06,东方财富基金历史净值接口
110008,易方达稳健收益债券B,2009-06-01,1.0328,1.1244,0.15,东方财富基金历史净值接口
110008,易方达稳健收益债券B,2009-06-02,1.0317,1.1233,-0.11,东方财富基金历史净值接口
110008,易方达稳健收益债券B,2009-06-03,1.0341,1.1257,0.23,东方财富基金历史净值接口
110008,易方达稳健收益债券B,2009-06-04,1.0353,1.1269,0.12,东方财富基金历史净值接口
110008,易方达稳健收益债券B,2009-06-05,1.0341,1.1257,-0.12,东方财富基金历史净值接口
110008,易方达稳健收益债券B,2009-06-08,1.0346,1.1262,0.05,东方财富基金历史净值接口
110008,易方达稳健收益债券B,2009-06-09,1.0339,1.1255,-0.07,东方财富基金历史净值接口
110008,易方达稳健收益债券B,2009-06-10,1.0342,1.1258,0.03,东方财富基金历史净值接口
110008,易方达稳健收益债券B,2009-06-11,1.0346,1.1262,0.04,东方财富基金历史净值接口
110008,易方达稳健收益债券B,2009-06-12,1.0312,1.1228,-0.33,东方财富基金历史净值接口
110008,易方达稳健收益债券B,2009-06-15,1.0372,1.1288,0.58,东方财富基金历史净值接口
110008,易方达稳健收益债券B,2009-06-16,1.0373,1.1289,0.01,东方财富基金历史净值接口
110008,易方达稳健收益债券B,2009-06-17,1.0368,1.1284,-0.05,东方财富基金历史净值接口
110008,易方达稳健收益债券B,2009-06-18,1.0381,1.1297,0.13,东方财富基金历史净值接口
110008,易方达稳健收益债券B,2009-06-19,1.0397,1.1313,0.15,东方财富基金历史净值接口
110008,易方达稳健收益债券B,2009-06-22,1.042,1.1336,0.22,东方财富基金历史净值接口
110008,易方达稳健收益债券B,2009-06-23,1.0426,1.1342,0.06,东方财富基金历史净值接口
110008,易方达稳健收益债券B,2009-06-24,1.0402,1.1318,-0.23,东方财富基金历史净值接口
110008,易方达稳健收益债券B,2009-06-25,1.0418,1.1334,0.15,东方财富基金历史净值接口
110008,易方达稳健收益债券B,2009-06-26,1.0457,1.1373,0.37,东方财富基金历史净值接口
110008,易方达稳健收益债券B,2009-06-29,1.0474,1.139,0.16,东方财富基金历史净值接口
110008,易方达稳健收益债券B,2009-06-30,1.0456,1.1372,-0.17,东方财富基金历史净值接口
110008,易方达稳健收益债券B,2009-07-01,1.0514,1.143,0.55,东方财富基金历史净值接口
110008,易方达稳健收益债券B,2009-07-02,1.0539,1.1455,0.24,东方财富基金历史净值接口
110008,易方达稳健收益债券B,2009-07-03,1.0575,1.1491,0.34,东方财富基金历史净值接口
110008,易方达稳健收益债券B,2009-07-06,1.0584,1.15,0.09,东方财富基金历史净值接口
110008,易方达稳健收益债券B,2009-07-07,1.0554,1.147,-0.28,东方财富基金历史净值接口
110008,易方达稳健收益债券B,2009-07-08,1.0551,1.1467,-0.03,东方财富基金历史净值接口
110008,易方达稳健收益债券B,2009-07-09,1.0541,1.1457,-0.09,东方财富基金历史净值接口
110008,易方达稳健收益债券B,2009-07-10,1.0527,1.1443,-0.13,东方财富基金历史净值接口
110008,易方达稳健收益债券B,2009-07-13,1.0475,1.1391,-0.49,东方财富基金历史净值接口
110008,易方达稳健收益债券B,2009-07-14,1.0518,1.1434,0.41,东方财富基金历史净值接口
110008,易方达稳健收益债券B,2009-07-15,1.0518,1.1434,0.0,东方财富基金历史净值接口
110008,易方达稳健收益债券B,2009-07-16,1.0547,1.1463,0.28,东方财富基金历史净值接口
110008,易方达稳健收益债券B,2009-07-17,1.0548,1.1464,0.01,东方财富基金历史净值接口
110008,易方达稳健收益债券B,2009-07-20,1.0555,1.1471,0.07,东方财富基金历史净值接口
110008,易方达稳健收益债券B,2009-07-21,1.0536,1.1452,-0.18,东方财富基金历史净值接口
110008,易方达稳健收益债券B,2009-07-22,1.0571,1.1487,0.33,东方财富基金历史净值接口
110008,易方达稳健收益债券B,2009-07-23,1.065,1.1566,0.75,东方财富基金历史净值接口
110008,易方达稳健收益债券B,2009-07-24,1.0651,1.1567,0.01,东方财富基金历史净值接口
110008,易方达稳健收益债券B,2009-07-27,1.0689,1.1605,0.36,东方财富基金历史净值接口
110008,易方达稳健收益债券B,2009-07-28,1.064,1.1556,-0.46,东方财富基金历史净值接口
110008,易方达稳健收益债券B,2009-07-29,1.0603,1.1519,-0.35,东方财富基金历史净值接口
110008,易方达稳健收益债券B,2009-07-30,1.0636,1.1552,0.31,东方财富基金历史净值接口
110008,易方达稳健收益债券B,2009-07-31,1.0656,1.1572,0.19,东方财富基金历史净值接口
110008,易方达稳健收益债券B,2009-08-03,1.0649,1.1565,-0.07,东方财富基金历史净值接口
110008,易方达稳健收益债券B,2009-08-04,1.0613,1.1529,-0.34,东方财富基金历史净值接口
110008,易方达稳健收益债券B,2009-08-05,1.058,1.1496,-0.31,东方财富基金历史净值接口
110008,易方达稳健收益债券B,2009-08-06,1.0569,1.1485,-0.1,东方财富基金历史净值接口
110008,易方达稳健收益债券B,2009-08-07,1.0548,1.1464,-0.2,东方财富基金历史净值接口
110008,易方达稳健收益债券B,2009-08-10,1.0531,1.1447,-0.16,东方财富基金历史净值接口
110008,易方达稳健收益债券B,2009-08-11,1.0556,1.1472,0.24,东方财富基金历史净值接口
110008,易方达稳健收益债券B,2009-08-12,1.0534,1.145,-0.21,东方财富基金历史净值接口
110008,易方达稳健收益债券B,2009-08-13,1.0539,1.1455,0.05,东方财富基金历史净值接口
110008,易方达稳健收益债券B,2009-08-14,1.0525,1.1441,-0.13,东方财富基金历史净值接口
110008,易方达稳健收益债券B,2009-08-17,1.0466,1.1382,-0.56,东方财富基金历史净值接口
110008,易方达稳健收益债券B,2009-08-18,1.0477,1.1393,0.11,东方财富基金历史净值接口
110008,易方达稳健收益债券B,2009-08-19,1.0423,1.1339,-0.52,东方财富基金历史净值接口
110008,易方达稳健收益债券B,2009-08-20,1.0442,1.1358,0.18,东方财富基金历史净值接口
110008,易方达稳健收益债券B,2009-08-21,1.0456,1.1372,0.13,东方财富基金历史净值接口
110008,易方达稳健收益债券B,2009-08-24,1.0452,1.1368,-0.04,东方财富基金历史净值接口
110008,易方达稳健收益债券B,2009-08-25,1.0451,1.1367,-0.01,东方财富基金历史净值接口
110008,易方达稳健收益债券B,2009-08-26,1.0445,1.1361,-0.06,东方财富基金历史净值接口
110008,易方达稳健收益债券B,2009-08-27,1.0455,1.1371,0.1,东方财富基金历史净值接口
110008,易方达稳健收益债券B,2009-08-28,1.0459,1.1375,0.04,东方财富基金历史净值接口
110008,易方达稳健收益债券B,2009-08-31,1.0449,1.1365,-0.1,东方财富基金历史净值接口
110008,易方达稳健收益债券B,2009-09-01,1.0456,1.1372,0.07,东方财富基金历史净值接口
110008,易方达稳健收益债券B,2009-09-02,1.0451,1.1367,-0.05,东方财富基金历史净值接口
110008,易方达稳健收益债券B,2009-09-03,1.048,1.1396,0.28,东方财富基金历史净值接口
110008,易方达稳健收益债券B,2009-09-04,1.0479,1.1395,-0.01,东方财富基金历史净值接口
110008,易方达稳健收益债券B,2009-09-07,1.0482,1.1398,0.03,东方财富基金历史净值接口
110008,易方达稳健收益债券B,2009-09-08,1.0474,1.139,-0.08,东方财富基金历史净值接口
110008,易方达稳健收益债券B,2009-09-09,1.0493,1.1409,0.18,东方财富基金历史净值接口
110008,易方达稳健收益债券B,2009-09-10,1.0511,1.1427,0.17,东方财富基金历史净值接口
110008,易方达稳健收益债券B,2009-09-11,1.0504,1.142,-0.07,东方财富基金历史净值接口
110008,易方达稳健收益债券B,2009-09-14,1.0528,1.1444,0.23,东方财富基金历史净值接口
110008,易方达稳健收益债券B,2009-09-15,1.0524,1.144,-0.04,东方财富基金历史净值接口
110008,易方达稳健收益债券B,2009-09-16,1.052,1.1436,-0.04,东方财富基金历史净值接口
110008,易方达稳健收益债券B,2009-09-17,1.0529,1.1445,0.09,东方财富基金历史净值接口
110008,易方达稳健收益债券B,2009-09-18,1.0522,1.1438,-0.07,东方财富基金历史净值接口
110008,易方达稳健收益债券B,2009-09-21,1.0548,1.1464,0.25,东方财富基金历史净值接口
110008,易方达稳健收益债券B,2009-09-22,1.0517,1.1433,-0.29,东方财富基金历史净值接口
110008,易方达稳健收益债券B,2009-09-23,1.0514,1.143,-0.03,东方财富基金历史净值接口
110008,易方达稳健收益债券B,2009-09-24,1.0499,1.1415,-0.14,东方财富基金历史净值接口
110008,易方达稳健收益债券B,2009-09-25,1.0495,1.1411,-0.04,东方财富基金历史净值接口
110008,易方达稳健收益债券B,2009-09-28,1.0453,1.1369,-0.4,东方财富基金历史净值接口
110008,易方达稳健收益债券B,2009-09-29,1.0415,1.1331,-0.36,东方财富基金历史净值接口
110008,易方达稳健收益债券B,2009-09-30,1.0415,1.1331,0.0,东方财富基金历史净值接口
110008,易方达稳健收益债券B,2009-10-09,1.0439,1.1355,0.23,东方财富基金历史净值接口
110008,易方达稳健收益债券B,2009-10-12,1.0421,1.1337,-0.17,东方财富基金历史净值接口
110008,易方达稳健收益债券B,2009-10-13,1.0419,1.1335,-0.02,东方财富基金历史净值接口
110008,易方达稳健收益债券B,2009-10-14,1.0468,1.1384,0.47,东方财富基金历史净值接口
110008,易方达稳健收益债券B,2009-10-15,1.0469,1.1385,0.01,东方财富基金历史净值接口
110008,易方达稳健收益债券B,2009-10-16,1.0469,1.1385,0.0,东方财富基金历史净值接口
110008,易方达稳健收益债券B,2009-10-19,1.0474,1.139,0.05,东方财富基金历史净值接口
110008,易方达稳健收益债券B,2009-10-20,1.0489,1.1405,0.14,东方财富基金历史净值接口
110008,易方达稳健收益债券B,2009-10-21,1.0481,1.1397,-0.08,东方财富基金历史净值接口
110008,易方达稳健收益债券B,2009-10-22,1.0493,1.1409,0.11,东方财富基金历史净值接口
110008,易方达稳健收益债券B,2009-10-23,1.0502,1.1418,0.09,东方财富基金历史净值接口
110008,易方达稳健收益债券B,2009-10-26,1.0505,1.1421,0.03,东方财富基金历史净值接口
110008,易方达稳健收益债券B,2009-10-27,1.0494,1.141,-0.1,东方财富基金历史净值接口
110008,易方达稳健收益债券B,2009-10-28,1.0508,1.1424,0.13,东方财富基金历史净值接口
110008,易方达稳健收益债券B,2009-10-29,1.0477,1.1393,-0.3,东方财富基金历史净值接口
110008,易方达稳健收益债券B,2009-10-30,1.0506,1.1422,0.28,东方财富基金历史净值接口
110008,易方达稳健收益债券B,2009-11-02,1.0517,1.1433,0.1,东方财富基金历史净值接口
110008,易方达稳健收益债券B,2009-11-03,1.0625,1.1541,1.03,东方财富基金历史净值接口
110008,易方达稳健收益债券B,2009-11-04,1.0608,1.1524,-0.16,东方财富基金历史净值接口
110008,易方达稳健收益债券B,2009-11-05,1.0628,1.1544,0.19,东方财富基金历史净值接口
110008,易方达稳健收益债券B,2009-11-06,1.0619,1.1535,-0.08,东方财富基金历史净值接口
110008,易方达稳健收益债券B,2009-11-09,1.0645,1.1561,0.24,东方财富基金历史净值接口
110008,易方达稳健收益债券B,2009-11-10,1.0631,1.1547,-0.13,东方财富基金历史净值接口
110008,易方达稳健收益债券B,2009-11-11,1.0669,1.1585,0.36,东方财富基金历史净值接口
110008,易方达稳健收益债券B,2009-11-12,1.0667,1.1583,-0.02,东方财富基金历史净值接口
110008,易方达稳健收益债券B,2009-11-13,1.0607,1.1523,-0.56,东方财富基金历史净值接口
110008,易方达稳健收益债券B,2009-11-16,1.0632,1.1548,0.24,东方财富基金历史净值接口
110008,易方达稳健收益债券B,2009-11-17,1.0629,1.1545,-0.03,东方财富基金历史净值接口
110008,易方达稳健收益债券B,2009-11-18,1.064,1.1556,0.1,东方财富基金历史净值接口
110008,易方达稳健收益债券B,2009-11-19,1.0674,1.159,0.32,东方财富基金历史净值接口
110008,易方达稳健收益债券B,2009-11-20,1.0679,1.1595,0.05,东方财富基金历史净值接口
110008,易方达稳健收益债券B,2009-11-23,1.0706,1.1622,0.25,东方财富基金历史净值接口
110008,易方达稳健收益债券B,2009-11-24,1.0628,1.1544,-0.73,东方财富基金历史净值接口
110008,易方达稳健收益债券B,2009-11-25,1.0706,1.1622,0.73,东方财富基金历史净值接口
110008,易方达稳健收益债券B,2009-11-26,1.0642,1.1558,-0.6,东方财富基金历史净值接口
110008,易方达稳健收益债券B,2009-11-27,1.0611,1.1527,-0.29,东方财富基金历史净值接口
110008,易方达稳健收益债券B,2009-11-30,1.0695,1.1611,0.79,东方财富基金历史净值接口
110008,易方达稳健收益债券B,2009-12-01,1.0743,1.1659,0.45,东方财富基金历史净值接口
110008,易方达稳健收益债券B,2009-12-02,1.0773,1.1689,0.28,东方财富基金历史净值接口
110008,易方达稳健收益债券B,2009-12-03,1.0812,1.1728,0.36,东方财富基金历史净值接口
110008,易方达稳健收益债券B,2009-12-04,1.0758,1.1674,-0.5,东方财富基金历史净值接口
110008,易方达稳健收益债券B,2009-12-07,1.078,1.1696,0.2,东方财富基金历史净值接口
110008,易方达稳健收益债券B,2009-12-08,1.0769,1.1685,-0.1,东方财富基金历史净值接口
110008,易方达稳健收益债券B,2009-12-09,1.0759,1.1675,-0.09,东方财富基金历史净值接口
110008,易方达稳健收益债券B,2009-12-10,1.0771,1.1687,0.11,东方财富基金历史净值接口
110008,易方达稳健收益债券B,2009-12-11,1.0805,1.1721,0.32,东方财富基金历史净值接口
110008,易方达稳健收益债券B,2009-12-14,1.0803,1.1719,-0.02,东方财富基金历史净值接口
110008,易方达稳健收益债券B,2009-12-15,1.0807,1.1723,0.04,东方财富基金历史净值接口
110008,易方达稳健收益债券B,2009-12-16,1.0787,1.1703,-0.19,东方财富基金历史净值接口
110008,易方达稳健收益债券B,2009-12-17,1.0724,1.164,-0.58,东方财富基金历史净值接口
110008,易方达稳健收益债券B,2009-12-18,1.0693,1.1609,-0.29,东方财富基金历史净值接口
110008,易方达稳健收益债券B,2009-12-21,1.0714,1.163,0.2,东方财富基金历史净值接口
110008,易方达稳健收益债券B,2009-12-22,1.069,1.1606,-0.22,东方财富基金历史净值接口
110008,易方达稳健收益债券B,2009-12-23,1.0704,1.162,0.13,东方财富基金历史净值接口
110008,易方达稳健收益债券B,2009-12-24,1.0719,1.1685,0.61,东方财富基金历史净值接口
110008,易方达稳健收益债券B,2009-12-25,1.0757,1.1723,0.35,东方财富基金历史净值接口
110008,易方达稳健收益债券B,2009-12-28,1.0785,1.1751,0.26,东方财富基金历史净值接口
110008,易方达稳健收益债券B,2009-12-29,1.0799,1.1765,0.13,东方财富基金历史净值接口
110008,易方达稳健收益债券B,2009-12-30,1.082,1.1786,0.19,东方财富基金历史净值接口
110008,易方达稳健收益债券B,2009-12-31,1.0838,1.1804,0.17,东方财富基金历史净值接口
110008,易方达稳健收益债券B,2010-01-04,1.086,1.1826,0.2,东方财富基金历史净值接口
110008,易方达稳健收益债券B,2010-01-05,1.0858,1.1824,-0.02,东方财富基金历史净值接口
110008,易方达稳健收益债券B,2010-01-06,1.0862,1.1828,0.04,东方财富基金历史净值接口
110008,易方达稳健收益债券B,2010-01-07,1.0841,1.1807,-0.19,东方财富基金历史净值接口
110008,易方达稳健收益债券B,2010-01-08,1.0808,1.1774,-0.3,东方财富基金历史净值接口
110008,易方达稳健收益债券B,2010-01-11,1.0799,1.1765,-0.08,东方财富基金历史净值接口
110008,易方达稳健收益债券B,2010-01-12,1.0846,1.1812,0.44,东方财富基金历史净值接口
110008,易方达稳健收益债券B,2010-01-13,1.0836,1.1802,-0.09,东方财富基金历史净值接口
110008,易方达稳健收益债券B,2010-01-14,1.0903,1.1869,0.62,东方财富基金历史净值接口
110008,易方达稳健收益债券B,2010-01-15,1.0936,1.1902,0.3,东方财富基金历史净值接口
110008,易方达稳健收益债券B,2010-01-18,1.0965,1.1931,0.27,东方财富基金历史净值接口
110008,易方达稳健收益债券B,2010-01-19,1.0962,1.1928,-0.03,东方财富基金历史净值接口
110008,易方达稳健收益债券B,2010-01-20,1.089,1.1856,-0.66,东方财富基金历史净值接口
110008,易方达稳健收益债券B,2010-01-21,1.0885,1.1851,-0.05,东方财富基金历史净值接口
110008,易方达稳健收益债券B,2010-01-22,1.081,1.1776,-0.69,东方财富基金历史净值接口
110008,易方达稳健收益债券B,2010-01-25,1.0765,1.1731,-0.42,东方财富基金历史净值接口
110008,易方达稳健收益债券B,2010-01-26,1.0741,1.1707,-0.22,东方财富基金历史净值接口
110008,易方达稳健收益债券B,2010-01-27,1.0724,1.169,-0.16,东方财富基金历史净值接口
110008,易方达稳健收益债券B,2010-01-28,1.0728,1.1694,0.04,东方财富基金历史净值接口
110008,易方达稳健收益债券B,2010-01-29,1.0738,1.1704,0.09,东方财富基金历史净值接口
110008,易方达稳健收益债券B,2010-02-01,1.0709,1.1675,-0.27,东方财富基金历史净值接口
110008,易方达稳健收益债券B,2010-02-02,1.0706,1.1672,-0.03,东方财富基金历史净值接口
110008,易方达稳健收益债券B,2010-02-03,1.0718,1.1684,0.11,东方财富基金历史净值接口
110008,易方达稳健收益债券B,2010-02-04,1.0718,1.1684,0.0,东方财富基金历史净值接口
110008,易方达稳健收益债券B,2010-02-05,1.0721,1.1687,0.03,东方财富基金历史净值接口
110008,易方达稳健收益债券B,2010-02-08,1.0727,1.1693,0.06,东方财富基金历史净值接口
110008,易方达稳健收益债券B,2010-02-09,1.0725,1.1691,-0.02,东方财富基金历史净值接口
110008,易方达稳健收益债券B,2010-02-10,1.0745,1.1711,0.19,东方财富基金历史净值接口
110008,易方达稳健收益债券B,2010-02-11,1.0751,1.1717,0.06,东方财富基金历史净值接口
110008,易方达稳健收益债券B,2010-02-12,1.0787,1.1753,0.33,东方财富基金历史净值接口
110008,易方达稳健收益债券B,2010-02-22,1.0781,1.1747,-0.06,东方财富基金历史净值接口
110008,易方达稳健收益债券B,2010-02-23,1.079,1.1756,0.08,东方财富基金历史净值接口
110008,易方达稳健收益债券B,2010-02-24,1.0824,1.179,0.32,东方财富基金历史净值接口
110008,易方达稳健收益债券B,2010-02-25,1.085,1.1816,0.24,东方财富基金历史净值接口
110008,易方达稳健收益债券B,2010-02-26,1.0869,1.1835,0.18,东方财富基金历史净值接口
110008,易方达稳健收益债券B,2010-03-01,1.089,1.1856,0.19,东方财富基金历史净值接口
110008,易方达稳健收益债券B,2010-03-02,1.0903,1.1869,0.12,东方财富基金历史净值接口
110008,易方达稳健收益债券B,2010-03-03,1.093,1.1896,0.25,东方财富基金历史净值接口
110008,易方达稳健收益债券B,2010-03-04,1.0889,1.1855,-0.38,东方财富基金历史净值接口
110008,易方达稳健收益债券B,2010-03-05,1.0894,1.186,0.05,东方财富基金历史净值接口
110008,易方达稳健收益债券B,2010-03-08,1.0921,1.1887,0.25,东方财富基金历史净值接口
110008,易方达稳健收益债券B,2010-03-09,1.092,1.1886,-0.01,东方财富基金历史净值接口
110008,易方达稳健收益债券B,2010-03-10,1.0894,1.186,-0.24,东方财富基金历史净值接口
110008,易方达稳健收益债券B,2010-03-11,1.0896,1.1862,0.02,东方财富基金历史净值接口
110008,易方达稳健收益债券B,2010-03-12,1.0883,1.1849,-0.12,东方财富基金历史净值接口
110008,易方达稳健收益债券B,2010-03-15,1.0878,1.1844,-0.05,东方财富基金历史净值接口
110008,易方达稳健收益债券B,2010-03-16,1.0885,1.1851,0.06,东方财富基金历史净值接口
110008,易方达稳健收益债券B,2010-03-17,1.093,1.1896,0.41,东方财富基金历史净值接口
110008,易方达稳健收益债券B,2010-03-18,1.0942,1.1908,0.11,东方财富基金历史净值接口
110008,易方达稳健收益债券B,2010-03-19,1.0974,1.194,0.29,东方财富基金历史净值接口
110008,易方达稳健收益债券B,2010-03-22,1.0998,1.1964,0.22,东方财富基金历史净值接口
110008,易方达稳健收益债券B,2010-03-23,1.1024,1.199,0.24,东方财富基金历史净值接口
110008,易方达稳健收益债券B,2010-03-24,1.1042,1.2008,0.16,东方财富基金历史净值接口
110008,易方达稳健收益债券B,2010-03-25,1.1044,1.201,0.02,东方财富基金历史净值接口
110008,易方达稳健收益债券B,2010-03-26,1.1094,1.206,0.45,东方财富基金历史净值接口
110008,易方达稳健收益债券B,2010-03-29,1.1104,1.207,0.09,东方财富基金历史净值接口
110008,易方达稳健收益债券B,2010-03-30,1.1126,1.2092,0.2,东方财富基金历史净值接口
110008,易方达稳健收益债券B,2010-03-31,1.1168,1.2134,0.38,东方财富基金历史净值接口
110008,易方达稳健收益债券B,2010-04-01,1.1183,1.2149,0.13,东方财富基金历史净值接口
110008,易方达稳健收益债券B,2010-04-02,1.1216,1.2182,0.3,东方财富基金历史净值接口
110008,易方达稳健收益债券B,2010-04-06,1.1251,1.2217,0.31,东方财富基金历史净值接口
110008,易方达稳健收益债券B,2010-04-07,1.1277,1.2243,0.23,东方财富基金历史净值接口
110008,易方达稳健收益债券B,2010-04-08,1.1264,1.223,-0.12,东方财富基金历史净值接口
110008,易方达稳健收益债券B,2010-04-09,1.1333,1.2299,0.61,东方财富基金历史净值接口
110008,易方达稳健收益债券B,2010-04-12,1.1374,1.234,0.36,东方财富基金历史净值接口
110008,易方达稳健收益债券B,2010-04-13,1.1367,1.2333,-0.06,东方财富基金历史净值接口
110008,易方达稳健收益债券B,2010-04-14,1.1369,1.2335,0.02,东方财富基金历史净值接口
110008,易方达稳健收益债券B,2010-04-15,1.1324,1.229,-0.4,东方财富基金历史净值接口
110008,易方达稳健收益债券B,2010-04-16,1.1329,1.2295,0.04,东方财富基金历史净值接口
110008,易方达稳健收益债券B,2010-04-19,1.1267,1.2233,-0.55,东方财富基金历史净值接口
110008,易方达稳健收益债券B,2010-04-20,1.1287,1.2253,0.18,东方财富基金历史净值接口
110008,易方达稳健收益债券B,2010-04-21,1.1419,1.2385,1.17,东方财富基金历史净值接口
110008,易方达稳健收益债券B,2010-04-22,1.1452,1.2418,0.29,东方财富基金历史净值接口
110008,易方达稳健收益债券B,2010-04-23,1.141,1.2376,-0.37,东方财富基金历史净值接口
110008,易方达稳健收益债券B,2010-04-26,1.1407,1.2373,-0.03,东方财富基金历史净值接口
110008,易方达稳健收益债券B,2010-04-27,1.1367,1.2333,-0.35,东方财富基金历史净值接口
110008,易方达稳健收益债券B,2010-04-28,1.133,1.2296,-0.33,东方财富基金历史净值接口
110008,易方达稳健收益债券B,2010-04-29,1.1258,1.2224,-0.64,东方财富基金历史净值接口
110008,易方达稳健收益债券B,2010-04-30,1.1201,1.2167,-0.51,东方财富基金历史净值接口
110008,易方达稳健收益债券B,2010-05-04,1.1212,1.2178,0.1,东方财富基金历史净值接口
110008,易方达稳健收益债券B,2010-05-05,1.129,1.2256,0.7,东方财富基金历史净值接口
110008,易方达稳健收益债券B,2010-05-06,1.1242,1.2208,-0.43,东方财富基金历史净值接口
110008,易方达稳健收益债券B,2010-05-07,1.1204,1.217,-0.34,东方财富基金历史净值接口
110008,易方达稳健收益债券B,2010-05-10,1.1148,1.2114,-0.5,东方财富基金历史净值接口
110008,易方达稳健收益债券B,2010-05-11,1.1087,1.2053,-0.55,东方财富基金历史净值接口
110008,易方达稳健收益债券B,2010-05-12,1.1058,1.2024,-0.26,东方财富基金历史净值接口
110008,易方达稳健收益债券B,2010-05-13,1.1091,1.2057,0.3,东方财富基金历史净值接口
110008,易方达稳健收益债券B,2010-05-14,1.1106,1.2072,0.14,东方财富基金历史净值接口
110008,易方达稳健收益债券B,2010-05-17,1.105,1.2016,-0.5,东方财富基金历史净值接口
110008,易方达稳健收益债券B,2010-05-18,1.1065,1.2031,0.14,东方财富基金历史净值接口
110008,易方达稳健收益债券B,2010-05-19,1.0787,1.2073,0.38,东方财富基金历史净值接口
110008,易方达稳健收益债券B,2010-05-20,1.0762,1.2048,-0.23,东方财富基金历史净值接口
110008,易方达稳健收益债券B,2010-05-21,1.0785,1.2071,0.21,东方财富基金历史净值接口
110008,易方达稳健收益债券B,2010-05-24,1.082,1.2106,0.32,东方财富基金历史净值接口
110008,易方达稳健收益债券B,2010-05-25,1.0809,1.2095,-0.1,东方财富基金历史净值接口
110008,易方达稳健收益债券B,2010-05-26,1.079,1.2076,-0.18,东方财富基金历史净值接口
110008,易方达稳健收益债券B,2010-05-27,1.0819,1.2105,0.27,东方财富基金历史净值接口
110008,易方达稳健收益债券B,2010-05-28,1.0822,1.2108,0.03,东方财富基金历史净值接口
110008,易方达稳健收益债券B,2010-05-31,1.0785,1.2071,-0.34,东方财富基金历史净值接口
110008,易方达稳健收益债券B,2010-06-01,1.0744,1.203,-0.38,东方财富基金历史净值接口
110008,易方达稳健收益债券B,2010-06-02,1.0761,1.2047,0.16,东方财富基金历史净值接口
110008,易方达稳健收益债券B,2010-06-03,1.0771,1.2057,0.09,东方财富基金历史净值接口
110008,易方达稳健收益债券B,2010-06-04,1.0779,1.2065,0.07,东方财富基金历史净值接口
110008,易方达稳健收益债券B,2010-06-07,1.0814,1.21,0.32,东方财富基金历史净值接口
110008,易方达稳健收益债券B,2010-06-08,1.0856,1.2142,0.39,东方财富基金历史净值接口
110008,易方达稳健收益债券B,2010-06-09,1.086,1.2146,0.04,东方财富基金历史净值接口
110008,易方达稳健收益债券B,2010-06-10,1.0905,1.2191,0.41,东方财富基金历史净值接口
110008,易方达稳健收益债券B,2010-06-11,1.0918,1.2204,0.12,东方财富基金历史净值接口
110008,易方达稳健收益债券B,2010-06-17,1.0846,1.2132,-0.66,东方财富基金历史净值接口
110008,易方达稳健收益债券B,2010-06-18,1.0776,1.2062,-0.65,东方财富基金历史净值接口
110008,易方达稳健收益债券B,2010-06-21,1.0797,1.2083,0.19,东方财富基金历史净值接口
110008,易方达稳健收益债券B,2010-06-22,1.081,1.2096,0.12,东方财富基金历史净值接口
110008,易方达稳健收益债券B,2010-06-23,1.0808,1.2094,-0.02,东方财富基金历史净值接口
110008,易方达稳健收益债券B,2010-06-24,1.0824,1.211,0.15,东方财富基金历史净值接口
110008,易方达稳健收益债券B,2010-06-25,1.081,1.2096,-0.13,东方财富基金历史净值接口
110008,易方达稳健收益债券B,2010-06-28,1.0789,1.2075,-0.19,东方财富基金历史净值接口
110008,易方达稳健收益债券B,2010-06-29,1.073,1.2016,-0.55,东方财富基金历史净值接口
110008,易方达稳健收益债券B,2010-06-30,1.0724,1.201,-0.06,东方财富基金历史净值接口
110008,易方达稳健收益债券B,2010-07-01,1.0713,1.1999,-0.1,东方财富基金历史净值接口
110008,易方达稳健收益债券B,2010-07-02,1.0705,1.1991,-0.07,东方财富基金历史净值接口
110008,易方达稳健收益债券B,2010-07-05,1.0706,1.1992,0.01,东方财富基金历史净值接口
110008,易方达稳健收益债券B,2010-07-06,1.0729,1.2015,0.21,东方财富基金历史净值接口
110008,易方达稳健收益债券B,2010-07-07,1.0748,1.2034,0.18,东方财富基金历史净值接口
110008,易方达稳健收益债券B,2010-07-08,1.0758,1.2044,0.09,东方财富基金历史净值接口
110008,易方达稳健收益债券B,2010-07-09,1.0778,1.2064,0.19,东方财富基金历史净值接口
110008,易方达稳健收益债券B,2010-07-12,1.0793,1.2079,0.14,东方财富基金历史净值接口
110008,易方达稳健收益债券B,2010-07-13,1.079,1.2076,-0.03,东方财富基金历史净值接口
110008,易方达稳健收益债券B,2010-07-14,1.0793,1.2079,0.03,东方财富基金历史净值接口
110008,易方达稳健收益债券B,2010-07-15,1.0773,1.2059,-0.19,东方财富基金历史净值接口
110008,易方达稳健收益债券B,2010-07-16,1.0772,1.2058,-0.01,东方财富基金历史净值接口
110008,易方达稳健收益债券B,2010-07-19,1.0785,1.2071,0.12,东方财富基金历史净值接口
110008,易方达稳健收益债券B,2010-07-20,1.082,1.2106,0.32,东方财富基金历史净值接口
110008,易方达稳健收益债券B,2010-07-21,1.0833,1.2119,0.12,东方财富基金历史净值接口
110008,易方达稳健收益债券B,2010-07-22,1.0858,1.2144,0.23,东方财富基金历史净值接口
110008,易方达稳健收益债券B,2010-07-23,1.0875,1.2161,0.16,东方财富基金历史净值接口
110008,易方达稳健收益债券B,2010-07-26,1.0896,1.2182,0.19,东方财富基金历史净值接口
110008,易方达稳健收益债券B,2010-07-27,1.0891,1.2177,-0.05,东方财富基金历史净值接口
110008,易方达稳健收益债券B,2010-07-28,1.0947,1.2233,0.51,东方财富基金历史净值接口
110008,易方达稳健收益债券B,2010-07-29,1.0934,1.222,-0.12,东方财富基金历史净值接口
110008,易方达稳健收益债券B,2010-07-30,1.0933,1.2219,-0.01,东方财富基金历史净值接口
110008,易方达稳健收益债券B,2010-08-02,1.0962,1.2248,0.27,东方财富基金历史净值接口
110008,易方达稳健收益债券B,2010-08-03,1.093,1.2216,-0.29,东方财富基金历史净值接口
110008,易方达稳健收益债券B,2010-08-04,1.0955,1.2241,0.23,东方财富基金历史净值接口
110008,易方达稳健收益债券B,2010-08-05,1.0972,1.2258,0.16,东方财富基金历史净值接口
110008,易方达稳健收益债券B,2010-08-06,1.1023,1.2309,0.46,东方财富基金历史净值接口
110008,易方达稳健收益债券B,2010-08-09,1.1074,1.236,0.46,东方财富基金历史净值接口
110008,易方达稳健收益债券B,2010-08-10,1.0985,1.2271,-0.8,东方财富基金历史净值接口
110008,易方达稳健收益债券B,2010-08-11,1.0998,1.2284,0.12,东方财富基金历史净值接口
110008,易方达稳健收益债券B,2010-08-12,1.0999,1.2285,0.01,东方财富基金历史净值接口
110008,易方达稳健收益债券B,2010-08-13,1.1017,1.2303,0.16,东方财富基金历史净值接口
110008,易方达稳健收益债券B,2010-08-16,1.1044,1.233,0.25,东方财富基金历史净值接口
110008,易方达稳健收益债券B,2010-08-17,1.1067,1.2353,0.21,东方财富基金历史净值接口
110008,易方达稳健收益债券B,2010-08-18,1.1063,1.2349,-0.04,东方财富基金历史净值接口
110008,易方达稳健收益债券B,2010-08-19,1.105,1.2336,-0.12,东方财富基金历史净值接口
110008,易方达稳健收益债券B,2010-08-20,1.1,1.2286,-0.45,东方财富基金历史净值接口
110008,易方达稳健收益债券B,2010-08-23,1.1009,1.2295,0.08,东方财富基金历史净值接口
110008,易方达稳健收益债券B,2010-08-24,1.1026,1.2312,0.15,东方财富基金历史净值接口
110008,易方达稳健收益债券B,2010-08-25,1.099,1.2276,-0.33,东方财富基金历史净值接口
110008,易方达稳健收益债券B,2010-08-26,1.1033,1.2319,0.39,东方财富基金历史净值接口
110008,易方达稳健收益债券B,2010-08-27,1.1069,1.2355,0.33,东方财富基金历史净值接口
110008,易方达稳健收益债券B,2010-08-30,1.1135,1.2421,0.6,东方财富基金历史净值接口
110008,易方达稳健收益债券B,2010-08-31,1.1196,1.2482,0.55,东方财富基金历史净值接口
110008,易方达稳健收益债券B,2010-09-01,1.1176,1.2462,-0.18,东方财富基金历史净值接口
110008,易方达稳健收益债券B,2010-09-02,1.1269,1.2555,0.83,东方财富基金历史净值接口
110008,易方达稳健收益债券B,2010-09-03,1.1277,1.2563,0.07,东方财富基金历史净值接口
110008,易方达稳健收益债券B,2010-09-06,1.1224,1.251,-0.47,东方财富基金历史净值接口
110008,易方达稳健收益债券B,2010-09-07,1.1232,1.2518,0.07,东方财富基金历史净值接口
110008,易方达稳健收益债券B,2010-09-08,1.1247,1.2533,0.13,东方财富基金历史净值接口
110008,易方达稳健收益债券B,2010-09-09,1.1233,1.2519,-0.12,东方财富基金历史净值接口
110008,易方达稳健收益债券B,2010-09-10,1.1241,1.2527,0.07,东方财富基金历史净值接口
110008,易方达稳健收益债券B,2010-09-13,1.1269,1.2555,0.25,东方财富基金历史净值接口
110008,易方达稳健收益债券B,2010-09-14,1.127,1.2556,0.01,东方财富基金历史净值接口
110008,易方达稳健收益债券B,2010-09-15,1.1252,1.2538,-0.16,东方财富基金历史净值接口
110008,易方达稳健收益债券B,2010-09-16,1.1222,1.2508,-0.27,东方财富基金历史净值接口
110008,易方达稳健收益债券B,2010-09-17,1.1241,1.2527,0.17,东方财富基金历史净值接口
110008,易方达稳健收益债券B,2010-09-20,1.1242,1.2528,0.01,东方财富基金历史净值接口
110008,易方达稳健收益债券B,2010-09-21,1.1221,1.2507,-0.19,东方财富基金历史净值接口
110008,易方达稳健收益债券B,2010-09-27,1.1238,1.2524,0.15,东方财富基金历史净值接口
110008,易方达稳健收益债券B,2010-09-28,1.1208,1.2494,-0.27,东方财富基金历史净值接口
110008,易方达稳健收益债券B,2010-09-29,1.1198,1.2484,-0.09,东方财富基金历史净值接口
110008,易方达稳健收益债券B,2010-09-30,1.1228,1.2514,0.27,东方财富基金历史净值接口
110008,易方达稳健收益债券B,2010-10-08,1.1285,1.2571,0.51,东方财富基金历史净值接口
110008,易方达稳健收益债券B,2010-10-11,1.1263,1.2549,-0.19,东方财富基金历史净值接口
110008,易方达稳健收益债券B,2010-10-12,1.1268,1.2554,0.04,东方财富基金历史净值接口
110008,易方达稳健收益债券B,2010-10-13,1.1268,1.2554,0.0,东方财富基金历史净值接口
110008,易方达稳健收益债券B,2010-10-14,1.1274,1.256,0.05,东方财富基金历史净值接口
110008,易方达稳健收益债券B,2010-10-15,1.132,1.2606,0.41,东方财富基金历史净值接口
110008,易方达稳健收益债券B,2010-10-18,1.1282,1.2568,-0.34,东方财富基金历史净值接口
110008,易方达稳健收益债券B,2010-10-19,1.1351,1.2637,0.61,东方财富基金历史净值接口
110008,易方达稳健收益债券B,2010-10-20,1.128,1.2566,-0.63,东方财富基金历史净值接口
110008,易方达稳健收益债券B,2010-10-21,1.1245,1.2531,-0.31,东方财富基金历史净值接口
110008,易方达稳健收益债券B,2010-10-22,1.1258,1.2544,0.12,东方财富基金历史净值接口
110008,易方达稳健收益债券B,2010-10-25,1.134,1.2626,0.73,东方财富基金历史净值接口
110008,易方达稳健收益债券B,2010-10-26,1.1336,1.2622,-0.04,东方财富基金历史净值接口
110008,易方达稳健收益债券B,2010-10-27,1.1308,1.2594,-0.25,东方财富基金历史净值接口
110008,易方达稳健收益债券B,2010-10-28,1.1315,1.2601,0.06,东方财富基金历史净值接口
110008,易方达稳健收益债券B,2010-10-29,1.1331,1.2617,0.14,东方财富基金历史净值接口
110008,易方达稳健收益债券B,2010-11-01,1.1405,1.2691,0.65,东方财富基金历史净值接口
110008,易方达稳健收益债券B,2010-11-02,1.1424,1.271,0.17,东方财富基金历史净值接口
110008,易方达稳健收益债券B,2010-11-03,1.1354,1.264,-0.61,东方财富基金历史净值接口
110008,易方达稳健收益债券B,2010-11-04,1.1435,1.2721,0.71,东方财富基金历史净值接口
110008,易方达稳健收益债券B,2010-11-05,1.1562,1.2848,1.11,东方财富基金历史净值接口
110008,易方达稳健收益债券B,2010-11-08,1.1639,1.2925,0.67,东方财富基金历史净值接口
110008,易方达稳健收益债券B,2010-11-09,1.161,1.2896,-0.25,东方财富基金历史净值接口
110008,易方达稳健收益债券B,2010-11-10,1.1605,1.2891,-0.04,东方财富基金历史净值接口
110008,易方达稳健收益债券B,2010-11-11,1.1577,1.2863,-0.24,东方财富基金历史净值接口
110008,易方达稳健收益债券B,2010-11-12,1.1497,1.2783,-0.69,东方财富基金历史净值接口
110008,易方达稳健收益债券B,2010-11-15,1.1549,1.2835,0.45,东方财富基金历史净值接口
110008,易方达稳健收益债券B,2010-11-16,1.1513,1.2799,-0.31,东方财富基金历史净值接口
110008,易方达稳健收益债券B,2010-11-17,1.1473,1.2759,-0.35,东方财富基金历史净值接口
110008,易方达稳健收益债券B,2010-11-18,1.1491,1.2777,0.16,东方财富基金历史净值接口
110008,易方达稳健收益债券B,2010-11-19,1.1529,1.2815,0.33,东方财富基金历史净值接口
110008,易方达稳健收益债券B,2010-11-22,1.1545,1.2831,0.14,东方财富基金历史净值接口
110008,易方达稳健收益债券B,2010-11-23,1.1537,1.2823,-0.07,东方财富基金历史净值接口
110008,易方达稳健收益债券B,2010-11-24,1.156,1.2846,0.2,东方财富基金历史净值接口
110008,易方达稳健收益债券B,2010-11-25,1.1552,1.2838,-0.07,东方财富基金历史净值接口
110008,易方达稳健收益债券B,2010-11-26,1.1546,1.2832,-0.05,东方财富基金历史净值接口
110008,易方达稳健收益债券B,2010-11-29,1.1564,1.285,0.16,东方财富基金历史净值接口
110008,易方达稳健收益债券B,2010-11-30,1.1537,1.2823,-0.23,东方财富基金历史净值接口
110008,易方达稳健收益债券B,2010-12-01,1.1536,1.2822,-0.01,东方财富基金历史净值接口
110008,易方达稳健收益债券B,2010-12-02,1.1536,1.2822,0.0,东方财富基金历史净值接口
110008,易方达稳健收益债券B,2010-12-03,1.1523,1.2809,-0.11,东方财富基金历史净值接口
110008,易方达稳健收益债券B,2010-12-06,1.1493,1.2779,-0.26,东方财富基金历史净值接口
110008,易方达稳健收益债券B,2010-12-07,1.1517,1.2803,0.21,东方财富基金历史净值接口
110008,易方达稳健收益债券B,2010-12-08,1.1503,1.2789,-0.12,东方财富基金历史净值接口
110008,易方达稳健收益债券B,2010-12-09,1.1482,1.2768,-0.18,东方财富基金历史净值接口
110008,易方达稳健收益债券B,2010-12-10,1.1496,1.2782,0.12,东方财富基金历史净值接口
110008,易方达稳健收益债券B,2010-12-13,1.1546,1.2832,0.43,东方财富基金历史净值接口
110008,易方达稳健收益债券B,2010-12-14,1.1548,1.2834,0.02,东方财富基金历史净值接口
110008,易方达稳健收益债券B,2010-12-15,1.154,1.2826,-0.07,东方财富基金历史净值接口
110008,易方达稳健收益债券B,2010-12-16,1.1543,1.2829,0.03,东方财富基金历史净值接口
110008,易方达稳健收益债券B,2010-12-17,1.1563,1.2849,0.17,东方财富基金历史净值接口
110008,易方达稳健收益债券B,2010-12-20,1.1539,1.2825,-0.21,东方财富基金历史净值接口
110008,易方达稳健收益债券B,2010-12-21,1.1545,1.2831,0.05,东方财富基金历史净值接口
110008,易方达稳健收益债券B,2010-12-22,1.0714,1.28,-0.27,东方财富基金历史净值接口
110008,易方达稳健收益债券B,2010-12-23,1.067,1.2756,-0.41,东方财富基金历史净值接口
110008,易方达稳健收益债券B,2010-12-24,1.0647,1.2733,-0.22,东方财富基金历史净值接口
110008,易方达稳健收益债券B,2010-12-27,1.0595,1.2681,-0.49,东方财富基金历史净值接口
110008,易方达稳健收益债券B,2010-12-28,1.0559,1.2645,-0.34,东方财富基金历史净值接口
110008,易方达稳健收益债券B,2010-12-29,1.0619,1.2705,0.57,东方财富基金历史净值接口
110008,易方达稳健收益债券B,2010-12-30,1.0633,1.2719,0.13,东方财富基金历史净值接口
110008,易方达稳健收益债券B,2010-12-31,1.0669,1.2755,0.34,东方财富基金历史净值接口
110008,易方达稳健收益债券B,2011-01-04,1.0701,1.2787,0.3,东方财富基金历史净值接口
110008,易方达稳健收益债券B,2011-01-05,1.0703,1.2789,0.02,东方财富基金历史净值接口
110008,易方达稳健收益债券B,2011-01-06,1.0691,1.2777,-0.11,东方财富基金历史净值接口
110008,易方达稳健收益债券B,2011-01-07,1.0693,1.2779,0.02,东方财富基金历史净值接口
110008,易方达稳健收益债券B,2011-01-10,1.0682,1.2768,-0.1,东方财富基金历史净值接口
110008,易方达稳健收益债券B,2011-01-11,1.0664,1.275,-0.17,东方财富基金历史净值接口
110008,易方达稳健收益债券B,2011-01-12,1.0668,1.2754,0.04,东方财富基金历史净值接口
110008,易方达稳健收益债券B,2011-01-13,1.065,1.2736,-0.17,东方财富基金历史净值接口
110008,易方达稳健收益债券B,2011-01-14,1.0621,1.2707,-0.27,东方财富基金历史净值接口
110008,易方达稳健收益债券B,2011-01-17,1.0575,1.2661,-0.43,东方财富基金历史净值接口
110008,易方达稳健收益债券B,2011-01-18,1.0594,1.268,0.18,东方财富基金历史净值接口
110008,易方达稳健收益债券B,2011-01-19,1.0619,1.2705,0.24,东方财富基金历史净值接口
110008,易方达稳健收益债券B,2011-01-20,1.0573,1.2659,-0.43,东方财富基金历史净值接口
110008,易方达稳健收益债券B,2011-01-21,1.0573,1.2659,0.0,东方财富基金历史净值接口
110008,易方达稳健收益债券B,2011-01-24,1.0559,1.2645,-0.13,东方财富基金历史净值接口
110008,易方达稳健收益债券B,2011-01-25,1.0548,1.2634,-0.1,东方财富基金历史净值接口
110008,易方达稳健收益债券B,2011-01-26,1.0559,1.2645,0.1,东方财富基金历史净值接口
110008,易方达稳健收益债券B,2011-01-27,1.0574,1.266,0.14,东方财富基金历史净值接口
110008,易方达稳健收益债券B,2011-01-28,1.0588,1.2674,0.13,东方财富基金历史净值接口
110008,易方达稳健收益债券B,2011-01-31,1.0603,1.2689,0.14,东方财富基金历史净值接口
110008,易方达稳健收益债券B,2011-02-01,1.0596,1.2682,-0.07,东方财富基金历史净值接口
110008,易方达稳健收益债券B,2011-02-09,1.0561,1.2647,-0.33,东方财富基金历史净值接口
110008,易方达稳健收益债券B,2011-02-10,1.059,1.2676,0.27,东方财富基金历史净值接口
110008,易方达稳健收益债券B,2011-02-11,1.0612,1.2698,0.21,东方财富基金历史净值接口
110008,易方达稳健收益债券B,2011-02-14,1.0631,1.2717,0.18,东方财富基金历史净值接口
110008,易方达稳健收益债券B,2011-02-15,1.064,1.2726,0.08,东方财富基金历史净值接口
110008,易方达稳健收益债券B,2011-02-16,1.0645,1.2731,0.05,东方财富基金历史净值接口
110008,易方达稳健收益债券B,2011-02-17,1.0639,1.2725,-0.06,东方财富基金历史净值接口
110008,易方达稳健收益债券B,2011-02-18,1.0628,1.2714,-0.1,东方财富基金历史净值接口
110008,易方达稳健收益债券B,2011-02-21,1.0643,1.2729,0.14,东方财富基金历史净值接口
110008,易方达稳健收益债券B,2011-02-22,1.0592,1.2678,-0.48,东方财富基金历史净值接口
110008,易方达稳健收益债券B,2011-02-23,1.0608,1.2694,0.15,东方财富基金历史净值接口
110008,易方达稳健收益债券B,2011-02-24,1.0626,1.2712,0.17,东方财富基金历史净值接口
110008,易方达稳健收益债券B,2011-02-25,1.0621,1.2707,-0.05,东方财富基金历史净值接口
110008,易方达稳健收益债券B,2011-02-28,1.065,1.2736,0.27,东方财富基金历史净值接口
110008,易方达稳健收益债券B,2011-03-01,1.0642,1.2728,-0.08,东方财富基金历史净值接口
110008,易方达稳健收益债券B,2011-03-02,1.0637,1.2723,-0.05,东方财富基金历史净值接口
110008,易方达稳健收益债券B,2011-03-03,1.0606,1.2692,-0.29,东方财富基金历史净值接口
110008,易方达稳健收益债券B,2011-03-04,1.0614,1.27,0.08,东方财富基金历史净值接口
110008,易方达稳健收益债券B,2011-03-07,1.0626,1.2712,0.11,东方财富基金历史净值接口
110008,易方达稳健收益债券B,2011-03-08,1.0625,1.2711,-0.01,东方财富基金历史净值接口
110008,易方达稳健收益债券B,2011-03-09,1.063,1.2716,0.05,东方财富基金历史净值接口
110008,易方达稳健收益债券B,2011-03-10,1.0617,1.2703,-0.12,东方财富基金历史净值接口
110008,易方达稳健收益债券B,2011-03-11,1.0568,1.2654,-0.46,东方财富基金历史净值接口
110008,易方达稳健收益债券B,2011-03-14,1.0571,1.2657,0.03,东方财富基金历史净值接口
110008,易方达稳健收益债券B,2011-03-15,1.0575,1.2661,0.04,东方财富基金历史净值接口
110008,易方达稳健收益债券B,2011-03-16,1.0579,1.2665,0.04,东方财富基金历史净值接口
110008,易方达稳健收益债券B,2011-03-17,1.0569,1.2655,-0.09,东方财富基金历史净值接口
110008,易方达稳健收益债券B,2011-03-18,1.0581,1.2667,0.11,东方财富基金历史净值接口
110008,易方达稳健收益债券B,2011-03-21,1.0578,1.2664,-0.03,东方财富基金历史净值接口
110008,易方达稳健收益债券B,2011-03-22,1.0579,1.2665,0.01,东方财富基金历史净值接口
110008,易方达稳健收益债券B,2011-03-23,1.059,1.2676,0.1,东方财富基金历史净值接口
110008,易方达稳健收益债券B,2011-03-24,1.0589,1.2675,-0.01,东方财富基金历史净值接口
110008,易方达稳健收益债券B,2011-03-25,1.0598,1.2684,0.09,东方财富基金历史净值接口
110008,易方达稳健收益债券B,2011-03-28,1.0585,1.2671,-0.12,东方财富基金历史净值接口
110008,易方达稳健收益债券B,2011-03-29,1.0538,1.2624,-0.44,东方财富基金历史净值接口
110008,易方达稳健收益债券B,2011-03-30,1.0521,1.2607,-0.16,东方财富基金历史净值接口
110008,易方达稳健收益债券B,2011-03-31,1.0528,1.2614,0.07,东方财富基金历史净值接口
110008,易方达稳健收益债券B,2011-04-01,1.0549,1.2635,0.2,东方财富基金历史净值接口
110008,易方达稳健收益债券B,2011-04-06,1.0541,1.2627,-0.08,东方财富基金历史净值接口
110008,易方达稳健收益债券B,2011-04-07,1.0565,1.2651,0.23,东方财富基金历史净值接口
110008,易方达稳健收益债券B,2011-04-08,1.0581,1.2667,0.15,东方财富基金历史净值接口
110008,易方达稳健收益债券B,2011-04-11,1.0581,1.2667,0.0,东方财富基金历史净值接口
110008,易方达稳健收益债券B,2011-04-12,1.0583,1.2669,0.02,东方财富基金历史净值接口
110008,易方达稳健收益债券B,2011-04-13,1.0593,1.2679,0.09,东方财富基金历史净值接口
110008,易方达稳健收益债券B,2011-04-14,1.0584,1.267,-0.09,东方财富基金历史净值接口
110008,易方达稳健收益债券B,2011-04-15,1.0584,1.267,0.0,东方财富基金历史净值接口
110008,易方达稳健收益债券B,2011-04-18,1.0593,1.2679,0.09,东方财富基金历史净值接口
110008,易方达稳健收益债券B,2011-04-19,1.0586,1.2672,-0.07,东方财富基金历史净值接口
110008,易方达稳健收益债券B,2011-04-20,1.058,1.2666,-0.06,东方财富基金历史净值接口
110008,易方达稳健收益债券B,2011-04-21,1.059,1.2676,0.09,东方财富基金历史净值接口
110008,易方达稳健收益债券B,2011-04-22,1.058,1.2666,-0.09,东方财富基金历史净值接口
110008,易方达稳健收益债券B,2011-04-25,1.0548,1.2634,-0.3,东方财富基金历史净值接口
110008,易方达稳健收益债券B,2011-04-26,1.0522,1.2608,-0.25,东方财富基金历史净值接口
110008,易方达稳健收益债券B,2011-04-27,1.0486,1.2572,-0.34,东方财富基金历史净值接口
110008,易方达稳健收益债券B,2011-04-28,1.0453,1.2539,-0.31,东方财富基金历史净值接口
110008,易方达稳健收益债券B,2011-04-29,1.0481,1.2567,0.27,东方财富基金历史净值接口
110008,易方达稳健收益债券B,2011-05-03,1.0496,1.2582,0.14,东方财富基金历史净值接口
110008,易方达稳健收益债券B,2011-05-04,1.0469,1.2555,-0.26,东方财富基金历史净值接口
110008,易方达稳健收益债券B,2011-05-05,1.0464,1.255,-0.05,东方财富基金历史净值接口
110008,易方达稳健收益债券B,2011-05-06,1.0475,1.2561,0.11,东方财富基金历史净值接口
110008,易方达稳健收益债券B,2011-05-09,1.0472,1.2558,-0.03,东方财富基金历史净值接口
110008,易方达稳健收益债券B,2011-05-10,1.0489,1.2575,0.16,东方财富基金历史净值接口
110008,易方达稳健收益债券B,2011-05-11,1.0488,1.2574,-0.01,东方财富基金历史净值接口
110008,易方达稳健收益债券B,2011-05-12,1.0477,1.2563,-0.1,东方财富基金历史净值接口
110008,易方达稳健收益债券B,2011-05-13,1.0489,1.2575,0.11,东方财富基金历史净值接口
110008,易方达稳健收益债券B,2011-05-16,1.0492,1.2578,0.03,东方财富基金历史净值接口
110008,易方达稳健收益债券B,2011-05-17,1.0488,1.2574,-0.04,东方财富基金历史净值接口
110008,易方达稳健收益债券B,2011-05-18,1.0503,1.2589,0.14,东方财富基金历史净值接口
110008,易方达稳健收益债券B,2011-05-19,1.0509,1.2595,0.06,东方财富基金历史净值接口
110008,易方达稳健收益债券B,2011-05-20,1.0505,1.2591,-0.04,东方财富基金历史净值接口
110008,易方达稳健收益债券B,2011-05-23,1.0472,1.2558,-0.31,东方财富基金历史净值接口
110008,易方达稳健收益债券B,2011-05-24,1.0455,1.2541,-0.16,东方财富基金历史净值接口
110008,易方达稳健收益债券B,2011-05-25,1.0436,1.2522,-0.18,东方财富基金历史净值接口
110008,易方达稳健收益债券B,2011-05-26,1.043,1.2516,-0.06,东方财富基金历史净值接口
110008,易方达稳健收益债券B,2011-05-27,1.0413,1.2499,-0.16,东方财富基金历史净值接口
110008,易方达稳健收益债券B,2011-05-30,1.0405,1.2491,-0.08,东方财富基金历史净值接口
110008,易方达稳健收益债券B,2011-05-31,1.0424,1.251,0.18,东方财富基金历史净值接口
110008,易方达稳健收益债券B,2011-06-01,1.0447,1.2533,0.22,东方财富基金历史净值接口
110008,易方达稳健收益债券B,2011-06-02,1.0444,1.253,-0.03,东方财富基金历史净值接口
110008,易方达稳健收益债券B,2011-06-03,1.0459,1.2545,0.14,东方财富基金历史净值接口
110008,易方达稳健收益债券B,2011-06-07,1.0472,1.2558,0.12,东方财富基金历史净值接口
110008,易方达稳健收益债券B,2011-06-08,1.0473,1.2559,0.01,东方财富基金历史净值接口
110008,易方达稳健收益债券B,2011-06-09,1.0446,1.2532,-0.26,东方财富基金历史净值接口
110008,易方达稳健收益债券B,2011-06-10,1.0455,1.2541,0.09,东方财富基金历史净值接口
110008,易方达稳健收益债券B,2011-06-13,1.0405,1.2491,-0.48,东方财富基金历史净值接口
110008,易方达稳健收益债券B,2011-06-14,1.0401,1.2487,-0.04,东方财富基金历史净值接口
110008,易方达稳健收益债券B,2011-06-15,1.0388,1.2474,-0.13,东方财富基金历史净值接口
110008,易方达稳健收益债券B,2011-06-16,1.0365,1.2451,-0.22,东方财富基金历史净值接口
110008,易方达稳健收益债券B,2011-06-17,1.0379,1.2465,0.14,东方财富基金历史净值接口
110008,易方达稳健收益债券B,2011-06-20,1.0368,1.2454,-0.11,东方财富基金历史净值接口
110008,易方达稳健收益债券B,2011-06-21,1.0372,1.2458,0.04,东方财富基金历史净值接口
110008,易方达稳健收益债券B,2011-06-22,1.0371,1.2457,-0.01,东方财富基金历史净值接口
110008,易方达稳健收益债券B,2011-06-23,1.0373,1.2459,0.02,东方财富基金历史净值接口
110008,易方达稳健收益债券B,2011-06-24,1.0372,1.2458,-0.01,东方财富基金历史净值接口
110008,易方达稳健收益债券B,2011-06-27,1.0409,1.2495,0.36,东方财富基金历史净值接口
110008,易方达稳健收益债券B,2011-06-28,1.0403,1.2489,-0.06,东方财富基金历史净值接口
110008,易方达稳健收益债券B,2011-06-29,1.0385,1.2471,-0.17,东方财富基金历史净值接口
110008,易方达稳健收益债券B,2011-06-30,1.0415,1.2501,0.29,东方财富基金历史净值接口
110008,易方达稳健收益债券B,2011-07-01,1.0402,1.2488,-0.12,东方财富基金历史净值接口
110008,易方达稳健收益债券B,2011-07-04,1.0426,1.2512,0.23,东方财富基金历史净值接口
110008,易方达稳健收益债券B,2011-07-05,1.0424,1.251,-0.02,东方财富基金历史净值接口
110008,易方达稳健收益债券B,2011-07-06,1.0418,1.2504,-0.06,东方财富基金历史净值接口
110008,易方达稳健收益债券B,2011-07-07,1.0494,1.258,0.73,东方财富基金历史净值接口
110008,易方达稳健收益债券B,2011-07-08,1.0523,1.2609,0.28,东方财富基金历史净值接口
110008,易方达稳健收益债券B,2011-07-11,1.052,1.2606,-0.03,东方财富基金历史净值接口
110008,易方达稳健收益债券B,2011-07-12,1.0507,1.2593,-0.12,东方财富基金历史净值接口
110008,易方达稳健收益债券B,2011-07-13,1.0502,1.2588,-0.05,东方财富基金历史净值接口
110008,易方达稳健收益债券B,2011-07-14,1.051,1.2596,0.08,东方财富基金历史净值接口
110008,易方达稳健收益债券B,2011-07-15,1.052,1.2606,0.1,东方财富基金历史净值接口
110008,易方达稳健收益债券B,2011-07-18,1.0501,1.2587,-0.18,东方财富基金历史净值接口
110008,易方达稳健收益债券B,2011-07-19,1.0446,1.2532,-0.52,东方财富基金历史净值接口
110008,易方达稳健收益债券B,2011-07-20,1.0415,1.2501,-0.3,东方财富基金历史净值接口
110008,易方达稳健收益债券B,2011-07-21,1.0367,1.2453,-0.46,东方财富基金历史净值接口
110008,易方达稳健收益债券B,2011-07-22,1.0363,1.2449,-0.04,东方财富基金历史净值接口
110008,易方达稳健收益债券B,2011-07-25,1.0315,1.2401,-0.46,东方财富基金历史净值接口
110008,易方达稳健收益债券B,2011-07-26,1.0313,1.2399,-0.02,东方财富基金历史净值接口
110008,易方达稳健收益债券B,2011-07-27,1.034,1.2426,0.26,东方财富基金历史净值接口
110008,易方达稳健收益债券B,2011-07-28,1.0332,1.2418,-0.08,东方财富基金历史净值接口
110008,易方达稳健收益债券B,2011-07-29,1.0315,1.2401,-0.16,东方财富基金历史净值接口
110008,易方达稳健收益债券B,2011-08-01,1.0318,1.2404,0.03,东方财富基金历史净值接口
110008,易方达稳健收益债券B,2011-08-02,1.0277,1.2363,-0.4,东方财富基金历史净值接口
110008,易方达稳健收益债券B,2011-08-03,1.0249,1.2335,-0.27,东方财富基金历史净值接口
110008,易方达稳健收益债券B,2011-08-04,1.0254,1.234,0.05,东方财富基金历史净值接口
110008,易方达稳健收益债券B,2011-08-05,1.0249,1.2335,-0.05,东方财富基金历史净值接口
110008,易方达稳健收益债券B,2011-08-08,1.0185,1.2271,-0.62,东方财富基金历史净值接口
110008,易方达稳健收益债券B,2011-08-09,1.0213,1.2299,0.27,东方财富基金历史净值接口
110008,易方达稳健收益债券B,2011-08-10,1.0224,1.231,0.11,东方财富基金历史净值接口
110008,易方达稳健收益债券B,2011-08-11,1.0284,1.237,0.59,东方财富基金历史净值接口
110008,易方达稳健收益债券B,2011-08-12,1.0318,1.2404,0.33,东方财富基金历史净值接口
110008,易方达稳健收益债券B,2011-08-15,1.0359,1.2445,0.4,东方财富基金历史净值接口
110008,易方达稳健收益债券B,2011-08-16,1.0344,1.243,-0.14,东方财富基金历史净值接口
110008,易方达稳健收益债券B,2011-08-17,1.0358,1.2444,0.14,东方财富基金历史净值接口
110008,易方达稳健收益债券B,2011-08-18,1.0346,1.2432,-0.12,东方财富基金历史净值接口
110008,易方达稳健收益债券B,2011-08-19,1.0326,1.2412,-0.19,东方财富基金历史净值接口
110008,易方达稳健收益债券B,2011-08-22,1.0306,1.2392,-0.19,东方财富基金历史净值接口
110008,易方达稳健收益债券B,2011-08-23,1.0354,1.244,0.47,东方财富基金历史净值接口
110008,易方达稳健收益债券B,2011-08-24,1.0361,1.2447,0.07,东方财富基金历史净值接口
110008,易方达稳健收益债券B,2011-08-25,1.0404,1.249,0.42,东方财富基金历史净值接口
110008,易方达稳健收益债券B,2011-08-26,1.0381,1.2467,-0.22,东方财富基金历史净值接口
110008,易方达稳健收益债券B,2011-08-29,1.0258,1.2344,-1.18,东方财富基金历史净值接口
110008,易方达稳健收益债券B,2011-08-30,1.0222,1.2308,-0.35,东方财富基金历史净值接口
110008,易方达稳健收益债券B,2011-08-31,1.0235,1.2321,0.13,东方财富基金历史净值接口
110008,易方达稳健收益债券B,2011-09-01,1.0248,1.2334,0.13,东方财富基金历史净值接口
110008,易方达稳健收益债券B,2011-09-02,1.0233,1.2319,-0.15,东方财富基金历史净值接口
110008,易方达稳健收益债券B,2011-09-05,1.0188,1.2274,-0.44,东方财富基金历史净值接口
110008,易方达稳健收益债券B,2011-09-06,1.0165,1.2251,-0.23,东方财富基金历史净值接口
110008,易方达稳健收益债券B,2011-09-07,1.0204,1.229,0.38,东方财富基金历史净值接口
110008,易方达稳健收益债券B,2011-09-08,1.0163,1.2249,-0.4,东方财富基金历史净值接口
110008,易方达稳健收益债券B,2011-09-09,1.0155,1.2241,-0.08,东方财富基金历史净值接口
110008,易方达稳健收益债券B,2011-09-13,1.0155,1.2241,0.0,东方财富基金历史净值接口
110008,易方达稳健收益债券B,2011-09-14,1.017,1.2256,0.15,东方财富基金历史净值接口
110008,易方达稳健收益债券B,2011-09-15,1.0178,1.2264,0.08,东方财富基金历史净值接口
110008,易方达稳健收益债券B,2011-09-16,1.0167,1.2253,-0.11,东方财富基金历史净值接口
110008,易方达稳健收益债券B,2011-09-19,1.0132,1.2218,-0.34,东方财富基金历史净值接口
110008,易方达稳健收益债券B,2011-09-20,1.0132,1.2218,0.0,东方财富基金历史净值接口
110008,易方达稳健收益债券B,2011-09-21,1.0196,1.2282,0.63,东方财富基金历史净值接口
110008,易方达稳健收益债券B,2011-09-22,1.0133,1.2219,-0.62,东方财富基金历史净值接口
110008,易方达稳健收益债券B,2011-09-23,1.0161,1.2247,0.28,东方财富基金历史净值接口
110008,易方达稳健收益债券B,2011-09-26,1.0159,1.2245,-0.02,东方财富基金历史净值接口
110008,易方达稳健收益债券B,2011-09-27,1.0166,1.2252,0.07,东方财富基金历史净值接口
110008,易方达稳健收益债券B,2011-09-28,1.0166,1.2252,0.0,东方财富基金历史净值接口
110008,易方达稳健收益债券B,2011-09-29,1.0117,1.2203,-0.48,东方财富基金历史净值接口
110008,易方达稳健收益债券B,2011-09-30,1.0095,1.2181,-0.22,东方财富基金历史净值接口
110008,易方达稳健收益债券B,2011-10-10,1.0079,1.2165,-0.16,东方财富基金历史净值接口
110008,易方达稳健收益债券B,2011-10-11,1.0085,1.2171,0.06,东方财富基金历史净值接口
110008,易方达稳健收益债券B,2011-10-12,1.0159,1.2245,0.73,东方财富基金历史净值接口
110008,易方达稳健收益债券B,2011-10-13,1.0192,1.2278,0.32,东方财富基金历史净值接口
110008,易方达稳健收益债券B,2011-10-14,1.0194,1.228,0.02,东方财富基金历史净值接口
110008,易方达稳健收益债券B,2011-10-17,1.0236,1.2322,0.41,东方财富基金历史净值接口
110008,易方达稳健收益债券B,2011-10-18,1.0182,1.2268,-0.53,东方财富基金历史净值接口
110008,易方达稳健收益债券B,2011-10-19,1.0194,1.228,0.12,东方财富基金历史净值接口
110008,易方达稳健收益债券B,2011-10-20,1.0132,1.2218,-0.61,东方财富基金历史净值接口
110008,易方达稳健收益债券B,2011-10-21,1.0122,1.2208,-0.1,东方财富基金历史净值接口
110008,易方达稳健收益债券B,2011-10-24,1.0202,1.2288,0.79,东方财富基金历史净值接口
110008,易方达稳健收益债券B,2011-10-25,1.0231,1.2317,0.28,东方财富基金历史净值接口
110008,易方达稳健收益债券B,2011-10-26,1.0329,1.2415,0.96,东方财富基金历史净值接口
110008,易方达稳健收益债券B,2011-10-27,1.0285,1.2371,-0.43,东方财富基金历史净值接口
110008,易方达稳健收益债券B,2011-10-28,1.0327,1.2413,0.41,东方财富基金历史净值接口
110008,易方达稳健收益债券B,2011-10-31,1.0357,1.2443,0.29,东方财富基金历史净值接口
110008,易方达稳健收益债券B,2011-11-01,1.0397,1.2483,0.39,东方财富基金历史净值接口
110008,易方达稳健收益债券B,2011-11-02,1.0486,1.2572,0.86,东方财富基金历史净值接口
110008,易方达稳健收益债券B,2011-11-03,1.0466,1.2552,-0.19,东方财富基金历史净值接口
110008,易方达稳健收益债券B,2011-11-04,1.0506,1.2592,0.38,东方财富基金历史净值接口
110008,易方达稳健收益债券B,2011-11-07,1.0491,1.2577,-0.14,东方财富基金历史净值接口
110008,易方达稳健收益债券B,2011-11-08,1.0473,1.2559,-0.17,东方财富基金历史净值接口
110008,易方达稳健收益债券B,2011-11-09,1.0492,1.2578,0.18,东方财富基金历史净值接口
110008,易方达稳健收益债券B,2011-11-10,1.0446,1.2532,-0.44,东方财富基金历史净值接口
110008,易方达稳健收益债券B,2011-11-11,1.044,1.2526,-0.06,东方财富基金历史净值接口
110008,易方达稳健收益债券B,2011-11-14,1.0486,1.2572,0.44,东方财富基金历史净值接口
110008,易方达稳健收益债券B,2011-11-15,1.0527,1.2613,0.39,东方财富基金历史净值接口
110008,易方达稳健收益债券B,2011-11-16,1.0454,1.254,-0.69,东方财富基金历史净值接口
110008,易方达稳健收益债券B,2011-11-17,1.0431,1.2517,-0.22,东方财富基金历史净值接口
110008,易方达稳健收益债券B,2011-11-18,1.0386,1.2472,-0.43,东方财富基金历史净值接口
110008,易方达稳健收益债券B,2011-11-21,1.0381,1.2467,-0.05,东方财富基金历史净值接口
110008,易方达稳健收益债券B,2011-11-22,1.0387,1.2473,0.06,东方财富基金历史净值接口
110008,易方达稳健收益债券B,2011-11-23,1.037,1.2456,-0.16,东方财富基金历史净值接口
110008,易方达稳健收益债券B,2011-11-24,1.0373,1.2459,0.03,东方财富基金历史净值接口
110008,易方达稳健收益债券B,2011-11-25,1.036,1.2446,-0.13,东方财富基金历史净值接口
110008,易方达稳健收益债券B,2011-11-28,1.0382,1.2468,0.21,东方财富基金历史净值接口
110008,易方达稳健收益债券B,2011-11-29,1.0397,1.2483,0.14,东方财富基金历史净值接口
110008,易方达稳健收益债券B,2011-11-30,1.0278,1.2364,-1.14,东方财富基金历史净值接口
110008,易方达稳健收益债券B,2011-12-01,1.0402,1.2488,1.21,东方财富基金历史净值接口
110008,易方达稳健收益债券B,2011-12-02,1.0414,1.25,0.12,东方财富基金历史净值接口
110008,易方达稳健收益债券B,2011-12-05,1.0371,1.2457,-0.41,东方财富基金历史净值接口
110008,易方达稳健收益债券B,2011-12-06,1.0343,1.2429,-0.27,东方财富基金历史净值接口
110008,易方达稳健收益债券B,2011-12-07,1.0358,1.2444,0.15,东方财富基金历史净值接口
110008,易方达稳健收益债券B,2011-12-08,1.0376,1.2462,0.17,东方财富基金历史净值接口
110008,易方达稳健收益债券B,2011-12-09,1.0344,1.243,-0.31,东方财富基金历史净值接口
110008,易方达稳健收益债券B,2011-12-12,1.0293,1.2379,-0.49,东方财富基金历史净值接口
110008,易方达稳健收益债券B,2011-12-13,1.0231,1.2317,-0.6,东方财富基金历史净值接口
110008,易方达稳健收益债券B,2011-12-14,1.0194,1.228,-0.36,东方财富基金历史净值接口
110008,易方达稳健收益债券B,2011-12-15,1.0124,1.221,-0.69,东方财富基金历史净值接口
110008,易方达稳健收益债券B,2011-12-16,1.019,1.2276,0.65,东方财富基金历史净值接口
110008,易方达稳健收益债券B,2011-12-19,1.021,1.2296,0.2,东方财富基金历史净值接口
110008,易方达稳健收益债券B,2011-12-20,1.0221,1.2307,0.11,东方财富基金历史净值接口
110008,易方达稳健收益债券B,2011-12-21,1.0194,1.228,-0.26,东方财富基金历史净值接口
110008,易方达稳健收益债券B,2011-12-22,1.0204,1.229,0.1,东方财富基金历史净值接口
110008,易方达稳健收益债券B,2011-12-23,1.0217,1.2303,0.13,东方财富基金历史净值接口
110008,易方达稳健收益债券B,2011-12-26,1.0199,1.2285,-0.18,东方财富基金历史净值接口
110008,易方达稳健收益债券B,2011-12-27,1.0158,1.2244,-0.4,东方财富基金历史净值接口
110008,易方达稳健收益债券B,2011-12-28,1.0163,1.2249,0.05,东方财富基金历史净值接口
110008,易方达稳健收益债券B,2011-12-29,1.0184,1.227,0.21,东方财富基金历史净值接口
110008,易方达稳健收益债券B,2011-12-30,1.0251,1.2337,0.66,东方财富基金历史净值接口
110008,易方达稳健收益债券B,2011-12-31,1.0252,1.2338,0.01,东方财富基金历史净值接口
110008,易方达稳健收益债券B,2012-01-04,1.023,1.2316,-0.21,东方财富基金历史净值接口
110008,易方达稳健收益债券B,2012-01-05,1.0195,1.2281,-0.34,东方财富基金历史净值接口
110008,易方达稳健收益债券B,2012-01-06,1.0246,1.2332,0.5,东方财富基金历史净值接口
110008,易方达稳健收益债券B,2012-01-09,1.0327,1.2413,0.79,东方财富基金历史净值接口
110008,易方达稳健收益债券B,2012-01-10,1.0435,1.2521,1.05,东方财富基金历史净值接口
110008,易方达稳健收益债券B,2012-01-11,1.0392,1.2478,-0.41,东方财富基金历史净值接口
110008,易方达稳健收益债券B,2012-01-12,1.0393,1.2479,0.01,东方财富基金历史净值接口
110008,易方达稳健收益债券B,2012-01-13,1.0336,1.2422,-0.55,东方财富基金历史净值接口
110008,易方达稳健收益债券B,2012-01-16,1.0297,1.2383,-0.38,东方财富基金历史净值接口
110008,易方达稳健收益债券B,2012-01-17,1.0389,1.2475,0.89,东方财富基金历史净值接口
110008,易方达稳健收益债券B,2012-01-18,1.0339,1.2425,-0.48,东方财富基金历史净值接口
110008,易方达稳健收益债券B,2012-01-19,1.037,1.2456,0.3,东方财富基金历史净值接口
110008,易方达稳健收益债券B,2012-01-20,1.0398,1.2484,0.27,东方财富基金历史净值接口
110008,易方达稳健收益债券B,2012-01-30,1.038,1.2466,-0.17,东方财富基金历史净值接口
110008,易方达稳健收益债券B,2012-01-31,1.0407,1.2493,0.26,东方财富基金历史净值接口
110008,易方达稳健收益债券B,2012-02-01,1.0389,1.2475,-0.17,东方财富基金历史净值接口
110008,易方达稳健收益债券B,2012-02-02,1.044,1.2526,0.49,东方财富基金历史净值接口
110008,易方达稳健收益债券B,2012-02-03,1.0453,1.2539,0.12,东方财富基金历史净值接口
110008,易方达稳健收益债券B,2012-02-06,1.0442,1.2528,-0.11,东方财富基金历史净值接口
110008,易方达稳健收益债券B,2012-02-07,1.0391,1.2477,-0.49,东方财富基金历史净值接口
110008,易方达稳健收益债券B,2012-02-08,1.0425,1.2511,0.33,东方财富基金历史净值接口
110008,易方达稳健收益债券B,2012-02-09,1.0422,1.2508,-0.03,东方财富基金历史净值接口
110008,易方达稳健收益债券B,2012-02-10,1.042,1.2506,-0.02,东方财富基金历史净值接口
110008,易方达稳健收益债券B,2012-02-13,1.0412,1.2498,-0.08,东方财富基金历史净值接口
110008,易方达稳健收益债券B,2012-02-14,1.0412,1.2498,0.0,东方财富基金历史净值接口
110008,易方达稳健收益债券B,2012-02-15,1.0435,1.2521,0.22,东方财富基金历史净值接口
110008,易方达稳健收益债券B,2012-02-16,1.0428,1.2514,-0.07,东方财富基金历史净值接口
110008,易方达稳健收益债券B,2012-02-17,1.0419,1.2505,-0.09,东方财富基金历史净值接口
110008,易方达稳健收益债券B,2012-02-20,1.0444,1.253,0.24,东方财富基金历史净值接口
110008,易方达稳健收益债券B,2012-02-21,1.0449,1.2535,0.05,东方财富基金历史净值接口
110008,易方达稳健收益债券B,2012-02-22,1.0461,1.2547,0.11,东方财富基金历史净值接口
110008,易方达稳健收益债券B,2012-02-23,1.0473,1.2559,0.11,东方财富基金历史净值接口
110008,易方达稳健收益债券B,2012-02-24,1.049,1.2576,0.16,东方财富基金历史净值接口
110008,易方达稳健收益债券B,2012-02-27,1.0499,1.2585,0.09,东方财富基金历史净值接口
110008,易方达稳健收益债券B,2012-02-28,1.0515,1.2601,0.15,东方财富基金历史净值接口
110008,易方达稳健收益债券B,2012-02-29,1.0504,1.259,-0.1,东方财富基金历史净值接口
110008,易方达稳健收益债券B,2012-03-01,1.0536,1.2622,0.3,东方财富基金历史净值接口
110008,易方达稳健收益债券B,2012-03-02,1.0579,1.2665,0.41,东方财富基金历史净值接口
110008,易方达稳健收益债券B,2012-03-05,1.0586,1.2672,0.07,东方财富基金历史净值接口
110008,易方达稳健收益债券B,2012-03-06,1.0574,1.266,-0.11,东方财富基金历史净值接口
110008,易方达稳健收益债券B,2012-03-07,1.0567,1.2653,-0.07,东方财富基金历史净值接口
110008,易方达稳健收益债券B,2012-03-08,1.0587,1.2673,0.19,东方财富基金历史净值接口
110008,易方达稳健收益债券B,2012-03-09,1.0613,1.2699,0.25,东方财富基金历史净值接口
110008,易方达稳健收益债券B,2012-03-12,1.0601,1.2687,-0.11,东方财富基金历史净值接口
110008,易方达稳健收益债券B,2012-03-13,1.0614,1.27,0.12,东方财富基金历史净值接口
110008,易方达稳健收益债券B,2012-03-14,1.0554,1.264,-0.57,东方财富基金历史净值接口
110008,易方达稳健收益债券B,2012-03-15,1.0724,1.281,1.61,东方财富基金历史净值接口
110008,易方达稳健收益债券B,2012-03-16,1.0707,1.2793,-0.16,东方财富基金历史净值接口
110008,易方达稳健收益债券B,2012-03-19,1.073,1.2816,0.21,东方财富基金历史净值接口
110008,易方达稳健收益债券B,2012-03-20,1.0669,1.2755,-0.57,东方财富基金历史净值接口
110008,易方达稳健收益债券B,2012-03-21,1.0612,1.2698,-0.53,东方财富基金历史净值接口
110008,易方达稳健收益债券B,2012-03-22,1.0637,1.2723,0.24,东方财富基金历史净值接口
110008,易方达稳健收益债券B,2012-03-23,1.0617,1.2703,-0.19,东方财富基金历史净值接口
110008,易方达稳健收益债券B,2012-03-26,1.0604,1.269,-0.12,东方财富基金历史净值接口
110008,易方达稳健收益债券B,2012-03-27,1.0616,1.2702,0.11,东方财富基金历史净值接口
110008,易方达稳健收益债券B,2012-03-28,1.0521,1.2607,-0.89,东方财富基金历史净值接口
110008,易方达稳健收益债券B,2012-03-29,1.0522,1.2608,0.01,东方财富基金历史净值接口
110008,易方达稳健收益债券B,2012-03-30,1.0518,1.2604,-0.04,东方财富基金历史净值接口
110008,易方达稳健收益债券B,2012-03-31,1.0521,1.2607,0.03,东方财富基金历史净值接口
110008,易方达稳健收益债券B,2012-04-05,1.056,1.2646,0.37,东方财富基金历史净值接口
110008,易方达稳健收益债券B,2012-04-06,1.0579,1.2665,0.18,东方财富基金历史净值接口
110008,易方达稳健收益债券B,2012-04-09,1.0569,1.2655,-0.09,东方财富基金历史净值接口
110008,易方达稳健收益债券B,2012-04-10,1.0596,1.2682,0.26,东方财富基金历史净值接口
110008,易方达稳健收益债券B,2012-04-11,1.0613,1.2699,0.16,东方财富基金历史净值接口
110008,易方达稳健收益债券B,2012-04-12,1.0678,1.2764,0.61,东方财富基金历史净值接口
110008,易方达稳健收益债券B,2012-04-13,1.0693,1.2779,0.14,东方财富基金历史净值接口
110008,易方达稳健收益债券B,2012-04-16,1.0687,1.2773,-0.06,东方财富基金历史净值接口
110008,易方达稳健收益债券B,2012-04-17,1.0668,1.2754,-0.18,东方财富基金历史净值接口
110008,易方达稳健收益债券B,2012-04-18,1.0724,1.281,0.52,东方财富基金历史净值接口
110008,易方达稳健收益债券B,2012-04-19,1.0744,1.283,0.19,东方财富基金历史净值接口
110008,易方达稳健收益债券B,2012-04-20,1.0757,1.2843,0.12,东方财富基金历史净值接口
110008,易方达稳健收益债券B,2012-04-23,1.0697,1.2783,-0.56,东方财富基金历史净值接口
110008,易方达稳健收益债券B,2012-04-24,1.0693,1.2779,-0.04,东方财富基金历史净值接口
110008,易方达稳健收益债券B,2012-04-25,1.0725,1.2811,0.3,东方财富基金历史净值接口
110008,易方达稳健收益债券B,2012-04-26,1.0742,1.2828,0.16,东方财富基金历史净值接口
110008,易方达稳健收益债券B,2012-04-27,1.0744,1.283,0.02,东方财富基金历史净值接口
110008,易方达稳健收益债券B,2012-05-02,1.078,1.2866,0.34,东方财富基金历史净值接口
110008,易方达稳健收益债券B,2012-05-03,1.0807,1.2893,0.25,东方财富基金历史净值接口
110008,易方达稳健收益债券B,2012-05-04,1.0818,1.2904,0.1,东方财富基金历史净值接口
110008,易方达稳健收益债券B,2012-05-07,1.082,1.2906,0.02,东方财富基金历史净值接口
110008,易方达稳健收益债券B,2012-05-08,1.0804,1.289,-0.15,东方财富基金历史净值接口
110008,易方达稳健收益债券B,2012-05-09,1.0778,1.2864,-0.24,东方财富基金历史净值接口
110008,易方达稳健收益债券B,2012-05-10,1.0787,1.2873,0.08,东方财富基金历史净值接口
110008,易方达稳健收益债券B,2012-05-11,1.0785,1.2871,-0.02,东方财富基金历史净值接口
110008,易方达稳健收益债券B,2012-05-14,1.0814,1.29,0.27,东方财富基金历史净值接口
110008,易方达稳健收益债券B,2012-05-15,1.0842,1.2928,0.26,东方财富基金历史净值接口
110008,易方达稳健收益债券B,2012-05-16,1.0842,1.2928,0.0,东方财富基金历史净值接口
110008,易方达稳健收益债券B,2012-05-17,1.086,1.2946,0.17,东方财富基金历史净值接口
110008,易方达稳健收益债券B,2012-05-18,1.0867,1.2953,0.06,东方财富基金历史净值接口
110008,易方达稳健收益债券B,2012-05-21,1.0866,1.2952,-0.01,东方财富基金历史净值接口
110008,易方达稳健收益债券B,2012-05-22,1.0897,1.2983,0.29,东方财富基金历史净值接口
110008,易方达稳健收益债券B,2012-05-23,1.0901,1.2987,0.04,东方财富基金历史净值接口
110008,易方达稳健收益债券B,2012-05-24,1.0921,1.3007,0.18,东方财富基金历史净值接口
110008,易方达稳健收益债券B,2012-05-25,1.0937,1.3023,0.15,东方财富基金历史净值接口
110008,易方达稳健收益债券B,2012-05-28,1.0968,1.3054,0.28,东方财富基金历史净值接口
110008,易方达稳健收益债券B,2012-05-29,1.0967,1.3053,-0.01,东方财富基金历史净值接口
110008,易方达稳健收益债券B,2012-05-30,1.0979,1.3065,0.11,东方财富基金历史净值接口
110008,易方达稳健收益债券B,2012-05-31,1.0977,1.3063,-0.02,东方财富基金历史净值接口
110008,易方达稳健收益债券B,2012-06-01,1.0991,1.3077,0.13,东方财富基金历史净值接口
110008,易方达稳健收益债券B,2012-06-04,1.097,1.3056,-0.19,东方财富基金历史净值接口
110008,易方达稳健收益债券B,2012-06-05,1.0988,1.3074,0.16,东方财富基金历史净值接口
110008,易方达稳健收益债券B,2012-06-06,1.0976,1.3062,-0.11,东方财富基金历史净值接口
110008,易方达稳健收益债券B,2012-06-07,1.0994,1.308,0.16,东方财富基金历史净值接口
110008,易方达稳健收益债券B,2012-06-08,1.1029,1.3115,0.32,东方财富基金历史净值接口
110008,易方达稳健收益债券B,2012-06-11,1.1043,1.3129,0.13,东方财富基金历史净值接口
110008,易方达稳健收益债券B,2012-06-12,1.1047,1.3133,0.04,东方财富基金历史净值接口
110008,易方达稳健收益债券B,2012-06-13,1.1067,1.3153,0.18,东方财富基金历史净值接口
110008,易方达稳健收益债券B,2012-06-14,1.1052,1.3138,-0.14,东方财富基金历史净值接口
110008,易方达稳健收益债券B,2012-06-15,1.1064,1.315,0.11,东方财富基金历史净值接口
110008,易方达稳健收益债券B,2012-06-18,1.1099,1.3185,0.32,东方财富基金历史净值接口
110008,易方达稳健收益债券B,2012-06-19,1.1041,1.3127,-0.52,东方财富基金历史净值接口
110008,易方达稳健收益债券B,2012-06-20,1.104,1.3126,-0.01,东方财富基金历史净值接口
110008,易方达稳健收益债券B,2012-06-21,1.1031,1.3117,-0.08,东方财富基金历史净值接口
110008,易方达稳健收益债券B,2012-06-25,1.0997,1.3083,-0.31,东方财富基金历史净值接口
110008,易方达稳健收益债券B,2012-06-26,1.0993,1.3079,-0.04,东方财富基金历史净值接口
110008,易方达稳健收益债券B,2012-06-27,1.1015,1.3101,0.2,东方财富基金历史净值接口
110008,易方达稳健收益债券B,2012-06-28,1.1071,1.3157,0.51,东方财富基金历史净值接口
110008,易方达稳健收益债券B,2012-06-29,1.1093,1.3179,0.2,东方财富基金历史净值接口
110008,易方达稳健收益债券B,2012-06-30,1.1093,1.3179,0.0,东方财富基金历史净值接口
110008,易方达稳健收益债券B,2012-07-02,1.1121,1.3207,0.25,东方财富基金历史净值接口
110008,易方达稳健收益债券B,2012-07-03,1.1121,1.3207,0.0,东方财富基金历史净值接口
110008,易方达稳健收益债券B,2012-07-04,1.1131,1.3217,0.09,东方财富基金历史净值接口
110008,易方达稳健收益债券B,2012-07-05,1.1113,1.3199,-0.16,东方财富基金历史净值接口
110008,易方达稳健收益债券B,2012-07-06,1.1165,1.3251,0.47,东方财富基金历史净值接口
110008,易方达稳健收益债券B,2012-07-09,1.1141,1.3227,-0.22,东方财富基金历史净值接口
110008,易方达稳健收益债券B,2012-07-10,1.1112,1.3198,-0.26,东方财富基金历史净值接口
110008,易方达稳健收益债券B,2012-07-11,1.1121,1.3207,0.08,东方财富基金历史净值接口
110008,易方达稳健收益债券B,2012-07-12,1.1154,1.324,0.3,东方财富基金历史净值接口
110008,易方达稳健收益债券B,2012-07-13,1.1141,1.3227,-0.12,东方财富基金历史净值接口
110008,易方达稳健收益债券B,2012-07-16,1.1074,1.316,-0.6,东方财富基金历史净值接口
110008,易方达稳健收益债券B,2012-07-17,1.1081,1.3167,0.06,东方财富基金历史净值接口
110008,易方达稳健收益债券B,2012-07-18,1.1068,1.3154,-0.12,东方财富基金历史净值接口
110008,易方达稳健收益债券B,2012-07-19,1.1076,1.3162,0.07,东方财富基金历史净值接口
110008,易方达稳健收益债券B,2012-07-20,1.1071,1.3157,-0.05,东方财富基金历史净值接口
110008,易方达稳健收益债券B,2012-07-23,1.1053,1.3139,-0.16,东方财富基金历史净值接口
110008,易方达稳健收益债券B,2012-07-24,1.1059,1.3145,0.05,东方财富基金历史净值接口
110008,易方达稳健收益债券B,2012-07-25,1.1042,1.3128,-0.15,东方财富基金历史净值接口
110008,易方达稳健收益债券B,2012-07-26,1.1034,1.312,-0.07,东方财富基金历史净值接口
110008,易方达稳健收益债券B,2012-07-27,1.107,1.3156,0.33,东方财富基金历史净值接口
110008,易方达稳健收益债券B,2012-07-30,1.1054,1.314,-0.14,东方财富基金历史净值接口
110008,易方达稳健收益债券B,2012-07-31,1.1026,1.3112,-0.25,东方财富基金历史净值接口
110008,易方达稳健收益债券B,2012-08-01,1.106,1.3146,0.31,东方财富基金历史净值接口
110008,易方达稳健收益债券B,2012-08-02,1.1031,1.3117,-0.26,东方财富基金历史净值接口
110008,易方达稳健收益债券B,2012-08-03,1.1045,1.3131,0.13,东方财富基金历史净值接口
110008,易方达稳健收益债券B,2012-08-06,1.1078,1.3164,0.3,东方财富基金历史净值接口
110008,易方达稳健收益债券B,2012-08-07,1.1094,1.318,0.14,东方财富基金历史净值接口
110008,易方达稳健收益债券B,2012-08-08,1.1048,1.3134,-0.41,东方财富基金历史净值接口
110008,易方达稳健收益债券B,2012-08-09,1.1072,1.3158,0.22,东方财富基金历史净值接口
110008,易方达稳健收益债券B,2012-08-10,1.1057,1.3143,-0.14,东方财富基金历史净值接口
110008,易方达稳健收益债券B,2012-08-13,1.104,1.3126,-0.15,东方财富基金历史净值接口
110008,易方达稳健收益债券B,2012-08-14,1.1052,1.3138,0.11,东方财富基金历史净值接口
110008,易方达稳健收益债券B,2012-08-15,1.1031,1.3117,-0.19,东方财富基金历史净值接口
110008,易方达稳健收益债券B,2012-08-16,1.1011,1.3097,-0.18,东方财富基金历史净值接口
110008,易方达稳健收益债券B,2012-08-17,1.1007,1.3093,-0.04,东方财富基金历史净值接口
110008,易方达稳健收益债券B,2012-08-20,1.0983,1.3069,-0.22,东方财富基金历史净值接口
110008,易方达稳健收益债券B,2012-08-21,1.1007,1.3093,0.22,东方财富基金历史净值接口
110008,易方达稳健收益债券B,2012-08-22,1.0976,1.3062,-0.28,东方财富基金历史净值接口
110008,易方达稳健收益债券B,2012-08-23,1.0985,1.3071,0.08,东方财富基金历史净值接口
110008,易方达稳健收益债券B,2012-08-24,1.1011,1.3097,0.24,东方财富基金历史净值接口
110008,易方达稳健收益债券B,2012-08-27,1.0987,1.3073,-0.22,东方财富基金历史净值接口
110008,易方达稳健收益债券B,2012-08-28,1.0988,1.3074,0.01,东方财富基金历史净值接口
110008,易方达稳健收益债券B,2012-08-29,1.0978,1.3064,-0.09,东方财富基金历史净值接口
110008,易方达稳健收益债券B,2012-08-30,1.0946,1.3032,-0.29,东方财富基金历史净值接口
110008,易方达稳健收益债券B,2012-08-31,1.0956,1.3042,0.09,东方财富基金历史净值接口
110008,易方达稳健收益债券B,2012-09-03,1.0979,1.3065,0.21,东方财富基金历史净值接口
110008,易方达稳健收益债券B,2012-09-04,1.0968,1.3054,-0.1,东方财富基金历史净值接口
110008,易方达稳健收益债券B,2012-09-05,1.0969,1.3055,0.01,东方财富基金历史净值接口
110008,易方达稳健收益债券B,2012-09-06,1.0977,1.3063,0.07,东方财富基金历史净值接口
110008,易方达稳健收益债券B,2012-09-07,1.105,1.3136,0.67,东方财富基金历史净值接口
110008,易方达稳健收益债券B,2012-09-10,1.1054,1.314,0.04,东方财富基金历史净值接口
110008,易方达稳健收益债券B,2012-09-11,1.103,1.3116,-0.22,东方财富基金历史净值接口
110008,易方达稳健收益债券B,2012-09-12,1.1023,1.3109,-0.06,东方财富基金历史净值接口
110008,易方达稳健收益债券B,2012-09-13,1.0991,1.3077,-0.29,东方财富基金历史净值接口
110008,易方达稳健收益债券B,2012-09-14,1.098,1.3066,-0.1,东方财富基金历史净值接口
110008,易方达稳健收益债券B,2012-09-17,1.093,1.3016,-0.46,东方财富基金历史净值接口
110008,易方达稳健收益债券B,2012-09-18,1.0921,1.3007,-0.08,东方财富基金历史净值接口
110008,易方达稳健收益债券B,2012-09-19,1.0923,1.3009,0.02,东方财富基金历史净值接口
110008,易方达稳健收益债券B,2012-09-20,1.0893,1.2979,-0.27,东方财富基金历史净值接口
110008,易方达稳健收益债券B,2012-09-21,1.0883,1.2969,-0.09,东方财富基金历史净值接口
110008,易方达稳健收益债券B,2012-09-24,1.0895,1.2981,0.11,东方财富基金历史净值接口
110008,易方达稳健收益债券B,2012-09-25,1.0898,1.2984,0.03,东方财富基金历史净值接口
110008,易方达稳健收益债券B,2012-09-26,1.0886,1.2972,-0.11,东方财富基金历史净值接口
110008,易方达稳健收益债券B,2012-09-27,1.0942,1.3028,0.51,东方财富基金历史净值接口
110008,易方达稳健收益债券B,2012-09-28,1.0998,1.3084,0.51,东方财富基金历史净值接口
110008,易方达稳健收益债券B,2012-09-30,1.1,1.3086,0.02,东方财富基金历史净值接口
110008,易方达稳健收益债券B,2012-10-08,1.0988,1.3074,-0.11,东方财富基金历史净值接口
110008,易方达稳健收益债券B,2012-10-09,1.109,1.3176,0.93,东方财富基金历史净值接口
110008,易方达稳健收益债券B,2012-10-10,1.1099,1.3185,0.08,东方财富基金历史净值接口
110008,易方达稳健收益债券B,2012-10-11,1.1099,1.3185,0.0,东方财富基金历史净值接口
110008,易方达稳健收益债券B,2012-10-12,1.1104,1.319,0.05,东方财富基金历史净值接口
110008,易方达稳健收益债券B,2012-10-15,1.1095,1.3181,-0.08,东方财富基金历史净值接口
110008,易方达稳健收益债券B,2012-10-16,1.1099,1.3185,0.04,东方财富基金历史净值接口
110008,易方达稳健收益债券B,2012-10-17,1.1107,1.3193,0.07,东方财富基金历史净值接口
110008,易方达稳健收益债券B,2012-10-18,1.117,1.3256,0.57,东方财富基金历史净值接口
110008,易方达稳健收益债券B,2012-10-19,1.1176,1.3262,0.05,东方财富基金历史净值接口
110008,易方达稳健收益债券B,2012-10-22,1.1203,1.3289,0.24,东方财富基金历史净值接口
110008,易方达稳健收益债券B,2012-10-23,1.1171,1.3257,-0.29,东方财富基金历史净值接口
110008,易方达稳健收益债券B,2012-10-24,1.1146,1.3232,-0.22,东方财富基金历史净值接口
110008,易方达稳健收益债券B,2012-10-25,1.1136,1.3222,-0.09,东方财富基金历史净值接口
110008,易方达稳健收益债券B,2012-10-26,1.1103,1.3189,-0.3,东方财富基金历史净值接口
110008,易方达稳健收益债券B,2012-10-29,1.1096,1.3182,-0.06,东方财富基金历史净值接口
110008,易方达稳健收益债券B,2012-10-30,1.111,1.3196,0.13,东方财富基金历史净值接口
110008,易方达稳健收益债券B,2012-10-31,1.1135,1.3221,0.23,东方财富基金历史净值接口
110008,易方达稳健收益债券B,2012-11-01,1.1202,1.3288,0.6,东方财富基金历史净值接口
110008,易方达稳健收益债券B,2012-11-02,1.1216,1.3302,0.13,东方财富基金历史净值接口
110008,易方达稳健收益债券B,2012-11-05,1.1198,1.3284,-0.16,东方财富基金历史净值接口
110008,易方达稳健收益债券B,2012-11-06,1.1186,1.3272,-0.11,东方财富基金历史净值接口
110008,易方达稳健收益债券B,2012-11-07,1.1183,1.3269,-0.03,东方财富基金历史净值接口
110008,易方达稳健收益债券B,2012-11-08,1.1145,1.3231,-0.34,东方财富基金历史净值接口
110008,易方达稳健收益债券B,2012-11-09,1.1143,1.3229,-0.02,东方财富基金历史净值接口
110008,易方达稳健收益债券B,2012-11-12,1.1176,1.3262,0.3,东方财富基金历史净值接口
110008,易方达稳健收益债券B,2012-11-13,1.1127,1.3213,-0.44,东方财富基金历史净值接口
110008,易方达稳健收益债券B,2012-11-14,1.1127,1.3213,0.0,东方财富基金历史净值接口
110008,易方达稳健收益债券B,2012-11-15,1.1114,1.32,-0.12,东方财富基金历史净值接口
110008,易方达稳健收益债券B,2012-11-16,1.1119,1.3205,0.05,东方财富基金历史净值接口
110008,易方达稳健收益债券B,2012-11-19,1.1117,1.3203,-0.02,东方财富基金历史净值接口
110008,易方达稳健收益债券B,2012-11-20,1.1118,1.3204,0.01,东方财富基金历史净值接口
110008,易方达稳健收益债券B,2012-11-21,1.114,1.3226,0.2,东方财富基金历史净值接口
110008,易方达稳健收益债券B,2012-11-22,1.1112,1.3198,-0.25,东方财富基金历史净值接口
110008,易方达稳健收益债券B,2012-11-23,1.1133,1.3219,0.19,东方财富基金历史净值接口
110008,易方达稳健收益债券B,2012-11-26,1.1142,1.3228,0.08,东方财富基金历史净值接口
110008,易方达稳健收益债券B,2012-11-27,1.11,1.3186,-0.38,东方财富基金历史净值接口
110008,易方达稳健收益债券B,2012-11-28,1.1058,1.3144,-0.38,东方财富基金历史净值接口
110008,易方达稳健收益债券B,2012-11-29,1.105,1.3136,-0.07,东方财富基金历史净值接口
110008,易方达稳健收益债券B,2012-11-30,1.1099,1.3185,0.44,东方财富基金历史净值接口
110008,易方达稳健收益债券B,2012-12-03,1.1083,1.3169,-0.14,东方财富基金历史净值接口
110008,易方达稳健收益债券B,2012-12-04,1.1115,1.3201,0.29,东方财富基金历史净值接口
110008,易方达稳健收益债券B,2012-12-05,1.122,1.3306,0.94,东方财富基金历史净值接口
110008,易方达稳健收益债券B,2012-12-06,1.1227,1.3313,0.06,东方财富基金历史净值接口
110008,易方达稳健收益债券B,2012-12-07,1.1279,1.3365,0.46,东方财富基金历史净值接口
110008,易方达稳健收益债券B,2012-12-10,1.1324,1.341,0.4,东方财富基金历史净值接口
110008,易方达稳健收益债券B,2012-12-11,1.1304,1.339,-0.18,东方财富基金历史净值接口
110008,易方达稳健收益债券B,2012-12-12,1.1312,1.3398,0.07,东方财富基金历史净值接口
110008,易方达稳健收益债券B,2012-12-13,1.1278,1.3364,-0.3,东方财富基金历史净值接口
110008,易方达稳健收益债券B,2012-12-14,1.1399,1.3485,1.07,东方财富基金历史净值接口
110008,易方达稳健收益债券B,2012-12-17,1.1441,1.3527,0.37,东方财富基金历史净值接口
110008,易方达稳健收益债券B,2012-12-18,1.1425,1.3511,-0.14,东方财富基金历史净值接口
110008,易方达稳健收益债券B,2012-12-19,1.1433,1.3519,0.07,东方财富基金历史净值接口
110008,易方达稳健收益债券B,2012-12-20,1.1463,1.3549,0.26,东方财富基金历史净值接口
110008,易方达稳健收益债券B,2012-12-21,1.1467,1.3553,0.03,东方财富基金历史净值接口
110008,易方达稳健收益债券B,2012-12-24,1.1485,1.3571,0.16,东方财富基金历史净值接口
110008,易方达稳健收益债券B,2012-12-25,1.1559,1.3645,0.64,东方财富基金历史净值接口
110008,易方达稳健收益债券B,2012-12-26,1.1603,1.3689,0.38,东方财富基金历史净值接口
110008,易方达稳健收益债券B,2012-12-27,1.158,1.3666,-0.2,东方财富基金历史净值接口
110008,易方达稳健收益债券B,2012-12-28,1.1621,1.3707,0.35,东方财富基金历史净值接口
110008,易方达稳健收益债券B,2012-12-31,1.168,1.3766,0.51,东方财富基金历史净值接口
110008,易方达稳健收益债券B,2013-01-04,1.1711,1.3797,0.27,东方财富基金历史净值接口
110008,易方达稳健收益债券B,2013-01-07,1.1737,1.3823,0.22,东方财富基金历史净值接口
110008,易方达稳健收益债券B,2013-01-08,1.1726,1.3812,-0.09,东方财富基金历史净值接口
110008,易方达稳健收益债券B,2013-01-09,1.1732,1.3818,0.05,东方财富基金历史净值接口
110008,易方达稳健收益债券B,2013-01-10,1.1763,1.3849,0.26,东方财富基金历史净值接口
110008,易方达稳健收益债券B,2013-01-11,1.1715,1.3801,-0.41,东方财富基金历史净值接口
110008,易方达稳健收益债券B,2013-01-14,1.1824,1.391,0.93,东方财富基金历史净值接口
110008,易方达稳健收益债券B,2013-01-15,1.1854,1.394,0.25,东方财富基金历史净值接口
110008,易方达稳健收益债券B,2013-01-16,1.1855,1.3941,0.01,东方财富基金历史净值接口
110008,易方达稳健收益债券B,2013-01-17,1.1827,1.3913,-0.24,东方财富基金历史净值接口
110008,易方达稳健收益债券B,2013-01-18,1.1886,1.3972,0.5,东方财富基金历史净值接口
110008,易方达稳健收益债券B,2013-01-21,1.1252,1.3988,0.13,东方财富基金历史净值接口
110008,易方达稳健收益债券B,2013-01-22,1.1219,1.3955,-0.29,东方财富基金历史净值接口
110008,易方达稳健收益债券B,2013-01-23,1.1228,1.3964,0.08,东方财富基金历史净值接口
110008,易方达稳健收益债券B,2013-01-24,1.1203,1.3939,-0.22,东方财富基金历史净值接口
110008,易方达稳健收益债券B,2013-01-25,1.1185,1.3921,-0.16,东方财富基金历史净值接口
110008,易方达稳健收益债券B,2013-01-28,1.1272,1.4008,0.78,东方财富基金历史净值接口
110008,易方达稳健收益债券B,2013-01-29,1.1282,1.4018,0.09,东方财富基金历史净值接口
110008,易方达稳健收益债券B,2013-01-30,1.1306,1.4042,0.21,东方财富基金历史净值接口
110008,易方达稳健收益债券B,2013-01-31,1.1316,1.4052,0.09,东方财富基金历史净值接口
110008,易方达稳健收益债券B,2013-02-01,1.136,1.4096,0.39,东方财富基金历史净值接口
110008,易方达稳健收益债券B,2013-02-04,1.1364,1.41,0.04,东方财富基金历史净值接口
110008,易方达稳健收益债券B,2013-02-05,1.1412,1.4148,0.42,东方财富基金历史净值接口
110008,易方达稳健收益债券B,2013-02-06,1.1419,1.4155,0.06,东方财富基金历史净值接口
110008,易方达稳健收益债券B,2013-02-07,1.1434,1.417,0.13,东方财富基金历史净值接口
110008,易方达稳健收益债券B,2013-02-08,1.1478,1.4214,0.38,东方财富基金历史净值接口
110008,易方达稳健收益债券B,2013-02-18,1.1486,1.4222,0.07,东方财富基金历史净值接口
110008,易方达稳健收益债券B,2013-02-19,1.1423,1.4159,-0.55,东方财富基金历史净值接口
110008,易方达稳健收益债券B,2013-02-20,1.1461,1.4197,0.33,东方财富基金历史净值接口
110008,易方达稳健收益债券B,2013-02-21,1.1398,1.4134,-0.55,东方财富基金历史净值接口
110008,易方达稳健收益债券B,2013-02-22,1.1381,1.4117,-0.15,东方财富基金历史净值接口
110008,易方达稳健收益债券B,2013-02-25,1.1401,1.4137,0.18,东方财富基金历史净值接口
110008,易方达稳健收益债券B,2013-02-26,1.1374,1.411,-0.24,东方财富基金历史净值接口
110008,易方达稳健收益债券B,2013-02-27,1.14,1.4136,0.23,东方财富基金历史净值接口
110008,易方达稳健收益债券B,2013-02-28,1.1468,1.4204,0.6,东方财富基金历史净值接口
110008,易方达稳健收益债券B,2013-03-01,1.1477,1.4213,0.08,东方财富基金历史净值接口
110008,易方达稳健收益债券B,2013-03-04,1.1354,1.409,-1.07,东方财富基金历史净值接口
110008,易方达稳健收益债券B,2013-03-05,1.1402,1.4138,0.42,东方财富基金历史净值接口
110008,易方达稳健收益债券B,2013-03-06,1.1434,1.417,0.28,东方财富基金历史净值接口
110008,易方达稳健收益债券B,2013-03-07,1.1418,1.4154,-0.14,东方财富基金历史净值接口
110008,易方达稳健收益债券B,2013-03-08,1.1415,1.4151,-0.03,东方财富基金历史净值接口
110008,易方达稳健收益债券B,2013-03-11,1.1406,1.4142,-0.08,东方财富基金历史净值接口
110008,易方达稳健收益债券B,2013-03-12,1.1377,1.4113,-0.25,东方财富基金历史净值接口
110008,易方达稳健收益债券B,2013-03-13,1.1345,1.4081,-0.28,东方财富基金历史净值接口
110008,易方达稳健收益债券B,2013-03-14,1.1345,1.4081,0.0,东方财富基金历史净值接口
110008,易方达稳健收益债券B,2013-03-15,1.1349,1.4085,0.04,东方财富基金历史净值接口
110008,易方达稳健收益债券B,2013-03-18,1.1326,1.4062,-0.2,东方财富基金历史净值接口
110008,易方达稳健收益债券B,2013-03-19,1.1352,1.4088,0.23,东方财富基金历史净值接口
110008,易方达稳健收益债券B,2013-03-20,1.1428,1.4164,0.67,东方财富基金历史净值接口
110008,易方达稳健收益债券B,2013-03-21,1.1451,1.4187,0.2,东方财富基金历史净值接口
110008,易方达稳健收益债券B,2013-03-22,1.1483,1.4219,0.28,东方财富基金历史净值接口
110008,易方达稳健收益债券B,2013-03-25,1.1487,1.4223,0.03,东方财富基金历史净值接口
110008,易方达稳健收益债券B,2013-03-26,1.146,1.4196,-0.24,东方财富基金历史净值接口
110008,易方达稳健收益债券B,2013-03-27,1.1461,1.4197,0.01,东方财富基金历史净值接口
110008,易方达稳健收益债券B,2013-03-28,1.1394,1.413,-0.58,东方财富基金历史净值接口
110008,易方达稳健收益债券B,2013-03-29,1.1396,1.4132,0.02,东方财富基金历史净值接口
110008,易方达稳健收益债券B,2013-04-01,1.1409,1.4145,0.11,东方财富基金历史净值接口
110008,易方达稳健收益债券B,2013-04-02,1.1414,1.415,0.04,东方财富基金历史净值接口
110008,易方达稳健收益债券B,2013-04-03,1.1402,1.4138,-0.11,东方财富基金历史净值接口
110008,易方达稳健收益债券B,2013-04-08,1.1404,1.414,0.02,东方财富基金历史净值接口
110008,易方达稳健收益债券B,2013-04-09,1.1453,1.4189,0.43,东方财富基金历史净值接口
110008,易方达稳健收益债券B,2013-04-10,1.1459,1.4195,0.05,东方财富基金历史净值接口
110008,易方达稳健收益债券B,2013-04-11,1.1475,1.4211,0.14,东方财富基金历史净值接口
110008,易方达稳健收益债券B,2013-04-12,1.1475,1.4211,0.0,东方财富基金历史净值接口
110008,易方达稳健收益债券B,2013-04-15,1.1444,1.418,-0.27,东方财富基金历史净值接口
110008,易方达稳健收益债券B,2013-04-16,1.1489,1.4225,0.39,东方财富基金历史净值接口
110008,易方达稳健收益债券B,2013-04-17,1.1482,1.4218,-0.06,东方财富基金历史净值接口
110008,易方达稳健收益债券B,2013-04-18,1.1479,1.4215,-0.03,东方财富基金历史净值接口
110008,易方达稳健收益债券B,2013-04-19,1.1534,1.427,0.48,东方财富基金历史净值接口
110008,易方达稳健收益债券B,2013-04-22,1.1482,1.4218,-0.45,东方财富基金历史净值接口
110008,易方达稳健收益债券B,2013-04-23,1.1387,1.4123,-0.83,东方财富基金历史净值接口
110008,易方达稳健收益债券B,2013-04-24,1.1429,1.4165,0.37,东方财富基金历史净值接口
110008,易方达稳健收益债券B,2013-04-25,1.14,1.4136,-0.25,东方财富基金历史净值接口
110008,易方达稳健收益债券B,2013-04-26,1.1394,1.413,-0.05,东方财富基金历史净值接口
110008,易方达稳健收益债券B,2013-05-02,1.138,1.4116,-0.12,东方财富基金历史净值接口
110008,易方达稳健收益债券B,2013-05-03,1.1424,1.416,0.39,东方财富基金历史净值接口
110008,易方达稳健收益债券B,2013-05-06,1.1454,1.419,0.26,东方财富基金历史净值接口
110008,易方达稳健收益债券B,2013-05-07,1.1498,1.4234,0.38,东方财富基金历史净值接口
110008,易方达稳健收益债券B,2013-05-08,1.1519,1.4255,0.18,东方财富基金历史净值接口
110008,易方达稳健收益债券B,2013-05-09,1.1499,1.4235,-0.17,东方财富基金历史净值接口
110008,易方达稳健收益债券B,2013-05-10,1.152,1.4256,0.18,东方财富基金历史净值接口
110008,易方达稳健收益债券B,2013-05-13,1.153,1.4266,0.09,东方财富基金历史净值接口
110008,易方达稳健收益债券B,2013-05-14,1.1495,1.4231,-0.3,东方财富基金历史净值接口
110008,易方达稳健收益债券B,2013-05-15,1.1517,1.4253,0.19,东方财富基金历史净值接口
110008,易方达稳健收益债券B,2013-05-16,1.157,1.4306,0.46,东方财富基金历史净值接口
110008,易方达稳健收益债券B,2013-05-17,1.1622,1.4358,0.45,东方财富基金历史净值接口
110008,易方达稳健收益债券B,2013-05-20,1.1666,1.4402,0.38,东方财富基金历史净值接口
110008,易方达稳健收益债券B,2013-05-21,1.1656,1.4392,-0.09,东方财富基金历史净值接口
110008,易方达稳健收益债券B,2013-05-22,1.1659,1.4395,0.03,东方财富基金历史净值接口
110008,易方达稳健收益债券B,2013-05-23,1.1646,1.4382,-0.11,东方财富基金历史净值接口
110008,易方达稳健收益债券B,2013-05-24,1.1667,1.4403,0.18,东方财富基金历史净值接口
110008,易方达稳健收益债券B,2013-05-27,1.1694,1.443,0.23,东方财富基金历史净值接口
110008,易方达稳健收益债券B,2013-05-28,1.1746,1.4482,0.44,东方财富基金历史净值接口
110008,易方达稳健收益债券B,2013-05-29,1.1768,1.4504,0.19,东方财富基金历史净值接口
110008,易方达稳健收益债券B,2013-05-30,1.1761,1.4497,-0.06,东方财富基金历史净值接口
110008,易方达稳健收益债券B,2013-05-31,1.1742,1.4478,-0.16,东方财富基金历史净值接口
110008,易方达稳健收益债券B,2013-06-03,1.1745,1.4481,0.03,东方财富基金历史净值接口
110008,易方达稳健收益债券B,2013-06-04,1.1706,1.4442,-0.33,东方财富基金历史净值接口
110008,易方达稳健收益债券B,2013-06-05,1.1705,1.4441,-0.01,东方财富基金历史净值接口
110008,易方达稳健收益债券B,2013-06-06,1.167,1.4406,-0.3,东方财富基金历史净值接口
110008,易方达稳健收益债券B,2013-06-07,1.1633,1.4369,-0.32,东方财富基金历史净值接口
110008,易方达稳健收益债券B,2013-06-13,1.1569,1.4305,-0.55,东方财富基金历史净值接口
110008,易方达稳健收益债券B,2013-06-14,1.157,1.4306,0.01,东方财富基金历史净值接口
110008,易方达稳健收益债券B,2013-06-17,1.155,1.4286,-0.17,东方财富基金历史净值接口
110008,易方达稳健收益债券B,2013-06-18,1.1567,1.4303,0.15,东方财富基金历史净值接口
110008,易方达稳健收益债券B,2013-06-19,1.1526,1.4262,-0.35,东方财富基金历史净值接口
110008,易方达稳健收益债券B,2013-06-20,1.1375,1.4111,-1.31,东方财富基金历史净值接口
110008,易方达稳健收益债券B,2013-06-21,1.1368,1.4104,-0.06,东方财富基金历史净值接口
110008,易方达稳健收益债券B,2013-06-24,1.1236,1.3972,-1.16,东方财富基金历史净值接口
110008,易方达稳健收益债券B,2013-06-25,1.1273,1.4009,0.33,东方财富基金历史净值接口
110008,易方达稳健收益债券B,2013-06-26,1.1347,1.4083,0.66,东方财富基金历史净值接口
110008,易方达稳健收益债券B,2013-06-27,1.1378,1.4114,0.27,东方财富基金历史净值接口
110008,易方达稳健收益债券B,2013-06-28,1.1415,1.4151,0.33,东方财富基金历史净值接口
110008,易方达稳健收益债券B,2013-06-30,1.1416,1.4152,0.01,东方财富基金历史净值接口
110008,易方达稳健收益债券B,2013-07-01,1.1473,1.4209,0.5,东方财富基金历史净值接口
110008,易方达稳健收益债券B,2013-07-02,1.1486,1.4222,0.11,东方财富基金历史净值接口
110008,易方达稳健收益债券B,2013-07-03,1.1485,1.4221,-0.01,东方财富基金历史净值接口
110008,易方达稳健收益债券B,2013-07-04,1.1508,1.4244,0.2,东方财富基金历史净值接口
110008,易方达稳健收益债券B,2013-07-05,1.154,1.4276,0.28,东方财富基金历史净值接口
110008,易方达稳健收益债券B,2013-07-08,1.1504,1.424,-0.31,东方财富基金历史净值接口
110008,易方达稳健收益债券B,2013-07-09,1.1487,1.4223,-0.15,东方财富基金历史净值接口
110008,易方达稳健收益债券B,2013-07-10,1.1509,1.4245,0.19,东方财富基金历史净值接口
110008,易方达稳健收益债券B,2013-07-11,1.1561,1.4297,0.45,东方财富基金历史净值接口
110008,易方达稳健收益债券B,2013-07-12,1.1516,1.4252,-0.39,东方财富基金历史净值接口
110008,易方达稳健收益债券B,2013-07-15,1.153,1.4266,0.12,东方财富基金历史净值接口
110008,易方达稳健收益债券B,2013-07-16,1.1527,1.4263,-0.03,东方财富基金历史净值接口
110008,易方达稳健收益债券B,2013-07-17,1.1472,1.4208,-0.48,东方财富基金历史净值接口
110008,易方达稳健收益债券B,2013-07-18,1.1431,1.4167,-0.36,东方财富基金历史净值接口
110008,易方达稳健收益债券B,2013-07-19,1.1383,1.4119,-0.42,东方财富基金历史净值接口
110008,易方达稳健收益债券B,2013-07-22,1.1368,1.4104,-0.13,东方财富基金历史净值接口
110008,易方达稳健收益债券B,2013-07-23,1.1393,1.4129,0.22,东方财富基金历史净值接口
110008,易方达稳健收益债券B,2013-07-24,1.1367,1.4103,-0.23,东方财富基金历史净值接口
110008,易方达稳健收益债券B,2013-07-25,1.1367,1.4103,0.0,东方财富基金历史净值接口
110008,易方达稳健收益债券B,2013-07-26,1.1374,1.411,0.06,东方财富基金历史净值接口
110008,易方达稳健收益债券B,2013-07-29,1.1334,1.407,-0.35,东方财富基金历史净值接口
110008,易方达稳健收益债券B,2013-07-30,1.1334,1.407,0.0,东方财富基金历史净值接口
110008,易方达稳健收益债券B,2013-07-31,1.1351,1.4087,0.15,东方财富基金历史净值接口
110008,易方达稳健收益债券B,2013-08-01,1.1399,1.4135,0.42,东方财富基金历史净值接口
110008,易方达稳健收益债券B,2013-08-02,1.1408,1.4144,0.08,东方财富基金历史净值接口
110008,易方达稳健收益债券B,2013-08-05,1.1433,1.4169,0.22,东方财富基金历史净值接口
110008,易方达稳健收益债券B,2013-08-06,1.1446,1.4182,0.11,东方财富基金历史净值接口
110008,易方达稳健收益债券B,2013-08-07,1.1421,1.4157,-0.22,东方财富基金历史净值接口
110008,易方达稳健收益债券B,2013-08-08,1.139,1.4126,-0.27,东方财富基金历史净值接口
110008,易方达稳健收益债券B,2013-08-09,1.1389,1.4125,-0.01,东方财富基金历史净值接口
110008,易方达稳健收益债券B,2013-08-12,1.1427,1.4163,0.33,东方财富基金历史净值接口
110008,易方达稳健收益债券B,2013-08-13,1.141,1.4146,-0.15,东方财富基金历史净值接口
110008,易方达稳健收益债券B,2013-08-14,1.1383,1.4119,-0.24,东方财富基金历史净值接口
110008,易方达稳健收益债券B,2013-08-15,1.1336,1.4072,-0.41,东方财富基金历史净值接口
110008,易方达稳健收益债券B,2013-08-16,1.1312,1.4048,-0.21,东方财富基金历史净值接口
110008,易方达稳健收益债券B,2013-08-19,1.1336,1.4072,0.21,东方财富基金历史净值接口
110008,易方达稳健收益债券B,2013-08-20,1.13,1.4036,-0.32,东方财富基金历史净值接口
110008,易方达稳健收益债券B,2013-08-21,1.1294,1.403,-0.05,东方财富基金历史净值接口
110008,易方达稳健收益债券B,2013-08-22,1.1289,1.4025,-0.04,东方财富基金历史净值接口
110008,易方达稳健收益债券B,2013-08-23,1.13,1.4036,0.1,东方财富基金历史净值接口
110008,易方达稳健收益债券B,2013-08-26,1.1343,1.4079,0.38,东方财富基金历史净值接口
110008,易方达稳健收益债券B,2013-08-27,1.1351,1.4087,0.07,东方财富基金历史净值接口
110008,易方达稳健收益债券B,2013-08-28,1.1324,1.406,-0.24,东方财富基金历史净值接口
110008,易方达稳健收益债券B,2013-08-29,1.1337,1.4073,0.11,东方财富基金历史净值接口
110008,易方达稳健收益债券B,2013-08-30,1.1313,1.4049,-0.21,东方财富基金历史净值接口
110008,易方达稳健收益债券B,2013-09-02,1.1332,1.4068,0.17,东方财富基金历史净值接口
110008,易方达稳健收益债券B,2013-09-03,1.1349,1.4085,0.15,东方财富基金历史净值接口
110008,易方达稳健收益债券B,2013-09-04,1.1338,1.4074,-0.1,东方财富基金历史净值接口
110008,易方达稳健收益债券B,2013-09-05,1.1341,1.4077,0.03,东方财富基金历史净值接口
110008,易方达稳健收益债券B,2013-09-06,1.1342,1.4078,0.01,东方财富基金历史净值接口
110008,易方达稳健收益债券B,2013-09-09,1.1379,1.4115,0.33,东方财富基金历史净值接口
110008,易方达稳健收益债券B,2013-09-10,1.1421,1.4157,0.37,东方财富基金历史净值接口
110008,易方达稳健收益债券B,2013-09-11,1.1571,1.4307,1.31,东方财富基金历史净值接口
110008,易方达稳健收益债券B,2013-09-12,1.1582,1.4318,0.1,东方财富基金历史净值接口
110008,易方达稳健收益债券B,2013-09-13,1.1556,1.4292,-0.22,东方财富基金历史净值接口
110008,易方达稳健收益债券B,2013-09-16,1.1542,1.4278,-0.12,东方财富基金历史净值接口
110008,易方达稳健收益债券B,2013-09-17,1.151,1.4246,-0.28,东方财富基金历史净值接口
110008,易方达稳健收益债券B,2013-09-18,1.1513,1.4249,0.03,东方财富基金历史净值接口
110008,易方达稳健收益债券B,2013-09-23,1.1544,1.428,0.27,东方财富基金历史净值接口
110008,易方达稳健收益债券B,2013-09-24,1.1535,1.4271,-0.08,东方财富基金历史净值接口
110008,易方达稳健收益债券B,2013-09-25,1.1539,1.4275,0.03,东方财富基金历史净值接口
110008,易方达稳健收益债券B,2013-09-26,1.149,1.4226,-0.42,东方财富基金历史净值接口
110008,易方达稳健收益债券B,2013-09-27,1.1486,1.4222,-0.03,东方财富基金历史净值接口
110008,易方达稳健收益债券B,2013-09-30,1.1496,1.4232,0.09,东方财富基金历史净值接口
110008,易方达稳健收益债券B,2013-10-08,1.1553,1.4289,0.5,东方财富基金历史净值接口
110008,易方达稳健收益债券B,2013-10-09,1.1558,1.4294,0.04,东方财富基金历史净值接口
110008,易方达稳健收益债券B,2013-10-10,1.156,1.4296,0.02,东方财富基金历史净值接口
110008,易方达稳健收益债券B,2013-10-11,1.1597,1.4333,0.32,东方财富基金历史净值接口
110008,易方达稳健收益债券B,2013-10-14,1.1599,1.4335,0.02,东方财富基金历史净值接口
110008,易方达稳健收益债券B,2013-10-15,1.1586,1.4322,-0.11,东方财富基金历史净值接口
110008,易方达稳健收益债券B,2013-10-16,1.1537,1.4273,-0.42,东方财富基金历史净值接口
110008,易方达稳健收益债券B,2013-10-17,1.1527,1.4263,-0.09,东方财富基金历史净值接口
110008,易方达稳健收益债券B,2013-10-18,1.1522,1.4258,-0.04,东方财富基金历史净值接口
110008,易方达稳健收益债券B,2013-10-21,1.1556,1.4292,0.3,东方财富基金历史净值接口
110008,易方达稳健收益债券B,2013-10-22,1.1522,1.4258,-0.29,东方财富基金历史净值接口
110008,易方达稳健收益债券B,2013-10-23,1.1492,1.4228,-0.26,东方财富基金历史净值接口
110008,易方达稳健收益债券B,2013-10-24,1.146,1.4196,-0.28,东方财富基金历史净值接口
110008,易方达稳健收益债券B,2013-10-25,1.1426,1.4162,-0.3,东方财富基金历史净值接口
110008,易方达稳健收益债券B,2013-10-28,1.1432,1.4168,0.05,东方财富基金历史净值接口
110008,易方达稳健收益债券B,2013-10-29,1.1398,1.4134,-0.3,东方财富基金历史净值接口
110008,易方达稳健收益债券B,2013-10-30,1.1437,1.4173,0.34,东方财富基金历史净值接口
110008,易方达稳健收益债券B,2013-10-31,1.1419,1.4155,-0.16,东方财富基金历史净值接口
110008,易方达稳健收益债券B,2013-11-01,1.1402,1.4138,-0.15,东方财富基金历史净值接口
110008,易方达稳健收益债券B,2013-11-04,1.1438,1.4174,0.32,东方财富基金历史净值接口
110008,易方达稳健收益债券B,2013-11-05,1.1446,1.4182,0.07,东方财富基金历史净值接口
110008,易方达稳健收益债券B,2013-11-06,1.1416,1.4152,-0.26,东方财富基金历史净值接口
110008,易方达稳健收益债券B,2013-11-07,1.139,1.4126,-0.23,东方财富基金历史净值接口
110008,易方达稳健收益债券B,2013-11-08,1.1349,1.4085,-0.36,东方财富基金历史净值接口
110008,易方达稳健收益债券B,2013-11-11,1.1357,1.4093,0.07,东方财富基金历史净值接口
110008,易方达稳健收益债券B,2013-11-12,1.1366,1.4102,0.08,东方财富基金历史净值接口
110008,易方达稳健收益债券B,2013-11-13,1.1293,1.4029,-0.64,东方财富基金历史净值接口
110008,易方达稳健收益债券B,2013-11-14,1.1307,1.4043,0.12,东方财富基金历史净值接口
110008,易方达稳健收益债券B,2013-11-15,1.1324,1.406,0.15,东方财富基金历史净值接口
110008,易方达稳健收益债券B,2013-11-18,1.1286,1.4022,-0.34,东方财富基金历史净值接口
110008,易方达稳健收益债券B,2013-11-19,1.1258,1.3994,-0.25,东方财富基金历史净值接口
110008,易方达稳健收益债券B,2013-11-20,1.125,1.3986,-0.07,东方财富基金历史净值接口
110008,易方达稳健收益债券B,2013-11-21,1.1222,1.3958,-0.25,东方财富基金历史净值接口
110008,易方达稳健收益债券B,2013-11-22,1.1188,1.3924,-0.3,东方财富基金历史净值接口
110008,易方达稳健收益债券B,2013-11-25,1.1176,1.3912,-0.11,东方财富基金历史净值接口
110008,易方达稳健收益债券B,2013-11-26,1.1174,1.391,-0.02,东方财富基金历史净值接口
110008,易方达稳健收益债券B,2013-11-27,1.1197,1.3933,0.21,东方财富基金历史净值接口
110008,易方达稳健收益债券B,2013-11-28,1.122,1.3956,0.21,东方财富基金历史净值接口
110008,易方达稳健收益债券B,2013-11-29,1.1228,1.3964,0.07,东方财富基金历史净值接口
110008,易方达稳健收益债券B,2013-12-02,1.1159,1.3895,-0.61,东方财富基金历史净值接口
110008,易方达稳健收益债券B,2013-12-03,1.1218,1.3954,0.53,东方财富基金历史净值接口
110008,易方达稳健收益债券B,2013-12-04,1.1264,1.4,0.41,东方财富基金历史净值接口
110008,易方达稳健收益债券B,2013-12-05,1.1252,1.3988,-0.11,东方财富基金历史净值接口
110008,易方达稳健收益债券B,2013-12-06,1.124,1.3976,-0.11,东方财富基金历史净值接口
110008,易方达稳健收益债券B,2013-12-09,1.1271,1.4007,0.28,东方财富基金历史净值接口
110008,易方达稳健收益债券B,2013-12-10,1.1267,1.4003,-0.04,东方财富基金历史净值接口
110008,易方达稳健收益债券B,2013-12-11,1.1217,1.3953,-0.44,东方财富基金历史净值接口
110008,易方达稳健收益债券B,2013-12-12,1.1219,1.3955,0.02,东方财富基金历史净值接口
110008,易方达稳健收益债券B,2013-12-13,1.1216,1.3952,-0.03,东方财富基金历史净值接口
110008,易方达稳健收益债券B,2013-12-16,1.1178,1.3914,-0.34,东方财富基金历史净值接口
110008,易方达稳健收益债券B,2013-12-17,1.1165,1.3901,-0.12,东方财富基金历史净值接口
110008,易方达稳健收益债券B,2013-12-18,1.1156,1.3892,-0.08,东方财富基金历史净值接口
110008,易方达稳健收益债券B,2013-12-19,1.1127,1.3863,-0.26,东方财富基金历史净值接口
110008,易方达稳健收益债券B,2013-12-20,1.1091,1.3827,-0.32,东方财富基金历史净值接口
110008,易方达稳健收益债券B,2013-12-23,1.0334,1.383,0.03,东方财富基金历史净值接口
110008,易方达稳健收益债券B,2013-12-24,1.0342,1.3838,0.08,东方财富基金历史净值接口
110008,易方达稳健收益债券B,2013-12-25,1.0365,1.3861,0.22,东方财富基金历史净值接口
110008,易方达稳健收益债券B,2013-12-26,1.0345,1.3841,-0.19,东方财富基金历史净值接口
110008,易方达稳健收益债券B,2013-12-27,1.0371,1.3867,0.25,东方财富基金历史净值接口
110008,易方达稳健收益债券B,2013-12-30,1.0373,1.3869,0.02,东方财富基金历史净值接口
110008,易方达稳健收益债券B,2013-12-31,1.0371,1.3867,-0.02,东方财富基金历史净值接口
110008,易方达稳健收益债券B,2014-01-02,1.0375,1.3871,0.04,东方财富基金历史净值接口
110008,易方达稳健收益债券B,2014-01-03,1.035,1.3846,-0.24,东方财富基金历史净值接口
110008,易方达稳健收益债券B,2014-01-06,1.0314,1.381,-0.35,东方财富基金历史净值接口
110008,易方达稳健收益债券B,2014-01-07,1.0319,1.3815,0.05,东方财富基金历史净值接口
110008,易方达稳健收益债券B,2014-01-08,1.0316,1.3812,-0.03,东方财富基金历史净值接口
110008,易方达稳健收益债券B,2014-01-09,1.0289,1.3785,-0.26,东方财富基金历史净值接口
110008,易方达稳健收益债券B,2014-01-10,1.0273,1.3769,-0.16,东方财富基金历史净值接口
110008,易方达稳健收益债券B,2014-01-13,1.0271,1.3767,-0.02,东方财富基金历史净值接口
110008,易方达稳健收益债券B,2014-01-14,1.0293,1.3789,0.21,东方财富基金历史净值接口
110008,易方达稳健收益债券B,2014-01-15,1.0292,1.3788,-0.01,东方财富基金历史净值接口
110008,易方达稳健收益债券B,2014-01-16,1.03,1.3796,0.08,东方财富基金历史净值接口
110008,易方达稳健收益债券B,2014-01-17,1.028,1.3776,-0.19,东方财富基金历史净值接口
110008,易方达稳健收益债券B,2014-01-20,1.0264,1.376,-0.16,东方财富基金历史净值接口
110008,易方达稳健收益债券B,2014-01-21,1.0283,1.3779,0.19,东方财富基金历史净值接口
110008,易方达稳健收益债券B,2014-01-22,1.0344,1.384,0.59,东方财富基金历史净值接口
110008,易方达稳健收益债券B,2014-01-23,1.0349,1.3845,0.05,东方财富基金历史净值接口
110008,易方达稳健收益债券B,2014-01-24,1.0364,1.386,0.14,东方财富基金历史净值接口
110008,易方达稳健收益债券B,2014-01-27,1.0365,1.3861,0.01,东方财富基金历史净值接口
110008,易方达稳健收益债券B,2014-01-28,1.0364,1.386,-0.01,东方财富基金历史净值接口
110008,易方达稳健收益债券B,2014-01-29,1.0377,1.3873,0.13,东方财富基金历史净值接口
110008,易方达稳健收益债券B,2014-01-30,1.0373,1.3869,-0.04,东方财富基金历史净值接口
110008,易方达稳健收益债券B,2014-02-07,1.0396,1.3892,0.22,东方财富基金历史净值接口
110008,易方达稳健收益债券B,2014-02-10,1.0454,1.395,0.56,东方财富基金历史净值接口
110008,易方达稳健收益债券B,2014-02-11,1.0457,1.3953,0.03,东方财富基金历史净值接口
110008,易方达稳健收益债券B,2014-02-12,1.0471,1.3967,0.13,东方财富基金历史净值接口
110008,易方达稳健收益债券B,2014-02-13,1.046,1.3956,-0.11,东方财富基金历史净值接口
110008,易方达稳健收益债券B,2014-02-14,1.0501,1.3997,0.39,东方财富基金历史净值接口
110008,易方达稳健收益债券B,2014-02-17,1.0552,1.4048,0.49,东方财富基金历史净值接口
110008,易方达稳健收益债券B,2014-02-18,1.0541,1.4037,-0.1,东方财富基金历史净值接口
110008,易方达稳健收益债券B,2014-02-19,1.0542,1.4038,0.01,东方财富基金历史净值接口
110008,易方达稳健收益债券B,2014-02-20,1.0582,1.4078,0.38,东方财富基金历史净值接口
110008,易方达稳健收益债券B,2014-02-21,1.0557,1.4053,-0.24,东方财富基金历史净值接口
110008,易方达稳健收益债券B,2014-02-24,1.0547,1.4043,-0.09,东方财富基金历史净值接口
110008,易方达稳健收益债券B,2014-02-25,1.0526,1.4022,-0.2,东方财富基金历史净值接口
110008,易方达稳健收益债券B,2014-02-26,1.0544,1.404,0.17,东方财富基金历史净值接口
110008,易方达稳健收益债券B,2014-02-27,1.0569,1.4065,0.24,东方财富基金历史净值接口
110008,易方达稳健收益债券B,2014-02-28,1.0595,1.4091,0.25,东方财富基金历史净值接口
110008,易方达稳健收益债券B,2014-03-03,1.0644,1.414,0.46,东方财富基金历史净值接口
110008,易方达稳健收益债券B,2014-03-04,1.0627,1.4123,-0.16,东方财富基金历史净值接口
110008,易方达稳健收益债券B,2014-03-05,1.0625,1.4121,-0.02,东方财富基金历史净值接口
110008,易方达稳健收益债券B,2014-03-06,1.0643,1.4139,0.17,东方财富基金历史净值接口
110008,易方达稳健收益债券B,2014-03-07,1.0663,1.4159,0.19,东方财富基金历史净值接口
110008,易方达稳健收益债券B,2014-03-10,1.0588,1.4084,-0.7,东方财富基金历史净值接口
110008,易方达稳健收益债券B,2014-03-11,1.0582,1.4078,-0.06,东方财富基金历史净值接口
110008,易方达稳健收益债券B,2014-03-12,1.0562,1.4058,-0.19,东方财富基金历史净值接口
110008,易方达稳健收益债券B,2014-03-13,1.0593,1.4089,0.29,东方财富基金历史净值接口
110008,易方达稳健收益债券B,2014-03-14,1.0597,1.4093,0.04,东方财富基金历史净值接口
110008,易方达稳健收益债券B,2014-03-17,1.0643,1.4139,0.43,东方财富基金历史净值接口
110008,易方达稳健收益债券B,2014-03-18,1.0648,1.4144,0.05,东方财富基金历史净值接口
110008,易方达稳健收益债券B,2014-03-19,1.0621,1.4117,-0.25,东方财富基金历史净值接口
110008,易方达稳健收益债券B,2014-03-20,1.0572,1.4068,-0.46,东方财富基金历史净值接口
110008,易方达稳健收益债券B,2014-03-21,1.0615,1.4111,0.41,东方财富基金历史净值接口
110008,易方达稳健收益债券B,2014-03-24,1.062,1.4116,0.05,东方财富基金历史净值接口
110008,易方达稳健收益债券B,2014-03-25,1.0613,1.4109,-0.07,东方财富基金历史净值接口
110008,易方达稳健收益债券B,2014-03-26,1.0627,1.4123,0.13,东方财富基金历史净值接口
110008,易方达稳健收益债券B,2014-03-27,1.0598,1.4094,-0.27,东方财富基金历史净值接口
110008,易方达稳健收益债券B,2014-03-28,1.0544,1.404,-0.51,东方财富基金历史净值接口
110008,易方达稳健收益债券B,2014-03-31,1.054,1.4036,-0.04,东方财富基金历史净值接口
110008,易方达稳健收益债券B,2014-04-01,1.0572,1.4068,0.3,东方财富基金历史净值接口
110008,易方达稳健收益债券B,2014-04-02,1.0569,1.4065,-0.03,东方财富基金历史净值接口
110008,易方达稳健收益债券B,2014-04-03,1.0561,1.4057,-0.08,东方财富基金历史净值接口
110008,易方达稳健收益债券B,2014-04-04,1.0595,1.4091,0.32,东方财富基金历史净值接口
110008,易方达稳健收益债券B,2014-04-08,1.0638,1.4134,0.41,东方财富基金历史净值接口
110008,易方达稳健收益债券B,2014-04-09,1.0657,1.4153,0.18,东方财富基金历史净值接口
110008,易方达稳健收益债券B,2014-04-10,1.0689,1.4185,0.3,东方财富基金历史净值接口
110008,易方达稳健收益债券B,2014-04-11,1.069,1.4186,0.01,东方财富基金历史净值接口
110008,易方达稳健收益债券B,2014-04-14,1.0721,1.4217,0.29,东方财富基金历史净值接口
110008,易方达稳健收益债券B,2014-04-15,1.0711,1.4207,-0.09,东方财富基金历史净值接口
110008,易方达稳健收益债券B,2014-04-16,1.0719,1.4215,0.07,东方财富基金历史净值接口
110008,易方达稳健收益债券B,2014-04-17,1.074,1.4236,0.2,东方财富基金历史净值接口
110008,易方达稳健收益债券B,2014-04-18,1.0761,1.4257,0.2,东方财富基金历史净值接口
110008,易方达稳健收益债券B,2014-04-21,1.076,1.4256,-0.01,东方财富基金历史净值接口
110008,易方达稳健收益债券B,2014-04-22,1.0769,1.4265,0.08,东方财富基金历史净值接口
110008,易方达稳健收益债券B,2014-04-23,1.0765,1.4261,-0.04,东方财富基金历史净值接口
110008,易方达稳健收益债券B,2014-04-24,1.0755,1.4251,-0.09,东方财富基金历史净值接口
110008,易方达稳健收益债券B,2014-04-25,1.073,1.4226,-0.23,东方财富基金历史净值接口
110008,易方达稳健收益债券B,2014-04-28,1.0678,1.4174,-0.48,东方财富基金历史净值接口
110008,易方达稳健收益债券B,2014-04-29,1.0696,1.4192,0.17,东方财富基金历史净值接口
110008,易方达稳健收益债券B,2014-04-30,1.0716,1.4212,0.19,东方财富基金历史净值接口
110008,易方达稳健收益债券B,2014-05-05,1.0746,1.4242,0.28,东方财富基金历史净值接口
110008,易方达稳健收益债券B,2014-05-06,1.0772,1.4268,0.24,东方财富基金历史净值接口
110008,易方达稳健收益债券B,2014-05-07,1.0765,1.4261,-0.07,东方财富基金历史净值接口
110008,易方达稳健收益债券B,2014-05-08,1.0756,1.4252,-0.08,东方财富基金历史净值接口
110008,易方达稳健收益债券B,2014-05-09,1.0779,1.4275,0.21,东方财富基金历史净值接口
110008,易方达稳健收益债券B,2014-05-12,1.0819,1.4315,0.37,东方财富基金历史净值接口
110008,易方达稳健收益债券B,2014-05-13,1.082,1.4316,0.01,东方财富基金历史净值接口
110008,易方达稳健收益债券B,2014-05-14,1.0811,1.4307,-0.08,东方财富基金历史净值接口
110008,易方达稳健收益债券B,2014-05-15,1.0785,1.4281,-0.24,东方财富基金历史净值接口
110008,易方达稳健收益债券B,2014-05-16,1.078,1.4276,-0.05,东方财富基金历史净值接口
110008,易方达稳健收益债券B,2014-05-19,1.0763,1.4259,-0.16,东方财富基金历史净值接口
110008,易方达稳健收益债券B,2014-05-20,1.0768,1.4264,0.05,东方财富基金历史净值接口
110008,易方达稳健收益债券B,2014-05-21,1.0793,1.4289,0.23,东方财富基金历史净值接口
110008,易方达稳健收益债券B,2014-05-22,1.0805,1.4301,0.11,东方财富基金历史净值接口
110008,易方达稳健收益债券B,2014-05-23,1.0828,1.4324,0.21,东方财富基金历史净值接口
110008,易方达稳健收益债券B,2014-05-26,1.0851,1.4347,0.21,东方财富基金历史净值接口
110008,易方达稳健收益债券B,2014-05-27,1.0851,1.4347,0.0,东方财富基金历史净值接口
110008,易方达稳健收益债券B,2014-05-28,1.0881,1.4377,0.28,东方财富基金历史净值接口
110008,易方达稳健收益债券B,2014-05-29,1.0871,1.4367,-0.09,东方财富基金历史净值接口
110008,易方达稳健收益债券B,2014-05-30,1.089,1.4386,0.17,东方财富基金历史净值接口
110008,易方达稳健收益债券B,2014-06-03,1.0923,1.4419,0.3,东方财富基金历史净值接口
110008,易方达稳健收益债券B,2014-06-04,1.0906,1.4402,-0.16,东方财富基金历史净值接口
110008,易方达稳健收益债券B,2014-06-05,1.0926,1.4422,0.18,东方财富基金历史净值接口
110008,易方达稳健收益债券B,2014-06-06,1.0932,1.4428,0.05,东方财富基金历史净值接口
110008,易方达稳健收益债券B,2014-06-09,1.0936,1.4432,0.04,东方财富基金历史净值接口
110008,易方达稳健收益债券B,2014-06-10,1.0994,1.449,0.53,东方财富基金历史净值接口
110008,易方达稳健收益债券B,2014-06-11,1.1028,1.4524,0.31,东方财富基金历史净值接口
110008,易方达稳健收益债券B,2014-06-12,1.1029,1.4525,0.01,东方财富基金历史净值接口
110008,易方达稳健收益债券B,2014-06-13,1.1056,1.4552,0.24,东方财富基金历史净值接口
110008,易方达稳健收益债券B,2014-06-16,1.1086,1.4582,0.27,东方财富基金历史净值接口
110008,易方达稳健收益债券B,2014-06-17,1.1058,1.4554,-0.25,东方财富基金历史净值接口
110008,易方达稳健收益债券B,2014-06-18,1.1038,1.4534,-0.18,东方财富基金历史净值接口
110008,易方达稳健收益债券B,2014-06-19,1.1009,1.4505,-0.26,东方财富基金历史净值接口
110008,易方达稳健收益债券B,2014-06-20,1.1026,1.4522,0.15,东方财富基金历史净值接口
110008,易方达稳健收益债券B,2014-06-23,1.1066,1.4562,0.36,东方财富基金历史净值接口
110008,易方达稳健收益债券B,2014-06-24,1.108,1.4576,0.13,东方财富基金历史净值接口
110008,易方达稳健收益债券B,2014-06-25,1.1075,1.4571,-0.05,东方财富基金历史净值接口
110008,易方达稳健收益债券B,2014-06-26,1.111,1.4606,0.32,东方财富基金历史净值接口
110008,易方达稳健收益债券B,2014-06-27,1.1121,1.4617,0.1,东方财富基金历史净值接口
110008,易方达稳健收益债券B,2014-06-30,1.1138,1.4634,0.15,东方财富基金历史净值接口
110008,易方达稳健收益债券B,2014-07-01,1.1123,1.4619,-0.13,东方财富基金历史净值接口
110008,易方达稳健收益债券B,2014-07-02,1.1126,1.4622,0.03,东方财富基金历史净值接口
110008,易方达稳健收益债券B,2014-07-03,1.1161,1.4657,0.31,东方财富基金历史净值接口
110008,易方达稳健收益债券B,2014-07-04,1.1147,1.4643,-0.13,东方财富基金历史净值接口
110008,易方达稳健收益债券B,2014-07-07,1.1166,1.4662,0.17,东方财富基金历史净值接口
110008,易方达稳健收益债券B,2014-07-08,1.1175,1.4671,0.08,东方财富基金历史净值接口
110008,易方达稳健收益债券B,2014-07-09,1.1134,1.463,-0.37,东方财富基金历史净值接口
110008,易方达稳健收益债券B,2014-07-10,1.1127,1.4623,-0.06,东方财富基金历史净值接口
110008,易方达稳健收益债券B,2014-07-11,1.1144,1.464,0.15,东方财富基金历史净值接口
110008,易方达稳健收益债券B,2014-07-14,1.1185,1.4681,0.37,东方财富基金历史净值接口
110008,易方达稳健收益债券B,2014-07-15,1.1184,1.468,-0.01,东方财富基金历史净值接口
110008,易方达稳健收益债券B,2014-07-16,1.1176,1.4672,-0.07,东方财富基金历史净值接口
110008,易方达稳健收益债券B,2014-07-17,1.1141,1.4637,-0.31,东方财富基金历史净值接口
110008,易方达稳健收益债券B,2014-07-18,1.1148,1.4644,0.06,东方财富基金历史净值接口
110008,易方达稳健收益债券B,2014-07-21,1.1139,1.4635,-0.08,东方财富基金历史净值接口
110008,易方达稳健收益债券B,2014-07-22,1.1193,1.4689,0.48,东方财富基金历史净值接口
110008,易方达稳健收益债券B,2014-07-23,1.118,1.4676,-0.12,东方财富基金历史净值接口
110008,易方达稳健收益债券B,2014-07-24,1.1202,1.4698,0.2,东方财富基金历史净值接口
110008,易方达稳健收益债券B,2014-07-25,1.123,1.4726,0.25,东方财富基金历史净值接口
110008,易方达稳健收益债券B,2014-07-28,1.1286,1.4782,0.5,东方财富基金历史净值接口
110008,易方达稳健收益债券B,2014-07-29,1.1297,1.4793,0.1,东方财富基金历史净值接口
110008,易方达稳健收益债券B,2014-07-30,1.1305,1.4801,0.07,东方财富基金历史净值接口
110008,易方达稳健收益债券B,2014-07-31,1.1321,1.4817,0.14,东方财富基金历史净值接口
110008,易方达稳健收益债券B,2014-08-01,1.1311,1.4807,-0.09,东方财富基金历史净值接口
110008,易方达稳健收益债券B,2014-08-04,1.1347,1.4843,0.32,东方财富基金历史净值接口
110008,易方达稳健收益债券B,2014-08-05,1.1354,1.485,0.06,东方财富基金历史净值接口
110008,易方达稳健收益债券B,2014-08-06,1.137,1.4866,0.14,东方财富基金历史净值接口
110008,易方达稳健收益债券B,2014-08-07,1.1328,1.4824,-0.37,东方财富基金历史净值接口
110008,易方达稳健收益债券B,2014-08-08,1.1344,1.484,0.14,东方财富基金历史净值接口
110008,易方达稳健收益债券B,2014-08-11,1.1394,1.489,0.44,东方财富基金历史净值接口
110008,易方达稳健收益债券B,2014-08-12,1.141,1.4906,0.14,东方财富基金历史净值接口
110008,易方达稳健收益债券B,2014-08-13,1.1402,1.4898,-0.07,东方财富基金历史净值接口
110008,易方达稳健收益债券B,2014-08-14,1.1389,1.4885,-0.11,东方财富基金历史净值接口
110008,易方达稳健收益债券B,2014-08-15,1.142,1.4916,0.27,东方财富基金历史净值接口
110008,易方达稳健收益债券B,2014-08-18,1.1437,1.4933,0.15,东方财富基金历史净值接口
110008,易方达稳健收益债券B,2014-08-19,1.1466,1.4962,0.25,东方财富基金历史净值接口
110008,易方达稳健收益债券B,2014-08-20,1.1472,1.4968,0.05,东方财富基金历史净值接口
110008,易方达稳健收益债券B,2014-08-21,1.1474,1.497,0.02,东方财富基金历史净值接口
110008,易方达稳健收益债券B,2014-08-22,1.1497,1.4993,0.2,东方财富基金历史净值接口
110008,易方达稳健收益债券B,2014-08-25,1.149,1.4986,-0.06,东方财富基金历史净值接口
110008,易方达稳健收益债券B,2014-08-26,1.1465,1.4961,-0.22,东方财富基金历史净值接口
110008,易方达稳健收益债券B,2014-08-27,1.1473,1.4969,0.07,东方财富基金历史净值接口
110008,易方达稳健收益债券B,2014-08-28,1.1481,1.4977,0.07,东方财富基金历史净值接口
110008,易方达稳健收益债券B,2014-08-29,1.1501,1.4997,0.17,东方财富基金历史净值接口
110008,易方达稳健收益债券B,2014-09-01,1.1546,1.5042,0.39,东方财富基金历史净值接口
110008,易方达稳健收益债券B,2014-09-02,1.1596,1.5092,0.43,东方财富基金历史净值接口
110008,易方达稳健收益债券B,2014-09-03,1.1642,1.5138,0.4,东方财富基金历史净值接口
110008,易方达稳健收益债券B,2014-09-04,1.1665,1.5161,0.2,东方财富基金历史净值接口
110008,易方达稳健收益债券B,2014-09-05,1.1701,1.5197,0.31,东方财富基金历史净值接口
110008,易方达稳健收益债券B,2014-09-09,1.1704,1.52,0.03,东方财富基金历史净值接口
110008,易方达稳健收益债券B,2014-09-10,1.1709,1.5205,0.04,东方财富基金历史净值接口
110008,易方达稳健收益债券B,2014-09-11,1.1701,1.5197,-0.07,东方财富基金历史净值接口
110008,易方达稳健收益债券B,2014-09-12,1.1747,1.5243,0.39,东方财富基金历史净值接口
110008,易方达稳健收益债券B,2014-09-15,1.1768,1.5264,0.18,东方财富基金历史净值接口
110008,易方达稳健收益债券B,2014-09-16,1.1677,1.5173,-0.77,东方财富基金历史净值接口
110008,易方达稳健收益债券B,2014-09-17,1.1704,1.52,0.23,东方财富基金历史净值接口
110008,易方达稳健收益债券B,2014-09-18,1.1748,1.5244,0.38,东方财富基金历史净值接口
110008,易方达稳健收益债券B,2014-09-19,1.1798,1.5294,0.43,东方财富基金历史净值接口
110008,易方达稳健收益债券B,2014-09-22,1.1735,1.5231,-0.53,东方财富基金历史净值接口
110008,易方达稳健收益债券B,2014-09-23,1.1772,1.5268,0.32,东方财富基金历史净值接口
110008,易方达稳健收益债券B,2014-09-24,1.1838,1.5334,0.56,东方财富基金历史净值接口
110008,易方达稳健收益债券B,2014-09-25,1.1845,1.5341,0.06,东方财富基金历史净值接口
110008,易方达稳健收益债券B,2014-09-26,1.1866,1.5362,0.18,东方财富基金历史净值接口
110008,易方达稳健收益债券B,2014-09-29,1.1891,1.5387,0.21,东方财富基金历史净值接口
110008,易方达稳健收益债券B,2014-09-30,1.193,1.5426,0.33,东方财富基金历史净值接口
110008,易方达稳健收益债券B,2014-10-08,1.1963,1.5459,0.28,东方财富基金历史净值接口
110008,易方达稳健收益债券B,2014-10-09,1.1994,1.549,0.26,东方财富基金历史净值接口
110008,易方达稳健收益债券B,2014-10-10,1.1966,1.5462,-0.23,东方财富基金历史净值接口
110008,易方达稳健收益债券B,2014-10-13,1.1961,1.5457,-0.04,东方财富基金历史净值接口
110008,易方达稳健收益债券B,2014-10-14,1.1969,1.5465,0.07,东方财富基金历史净值接口
110008,易方达稳健收益债券B,2014-10-15,1.201,1.5506,0.34,东方财富基金历史净值接口
110008,易方达稳健收益债券B,2014-10-16,1.1999,1.5495,-0.09,东方财富基金历史净值接口
110008,易方达稳健收益债券B,2014-10-17,1.2005,1.5501,0.05,东方财富基金历史净值接口
110008,易方达稳健收益债券B,2014-10-20,1.2087,1.5583,0.68,东方财富基金历史净值接口
110008,易方达稳健收益债券B,2014-10-21,1.2106,1.5602,0.16,东方财富基金历史净值接口
110008,易方达稳健收益债券B,2014-10-22,1.2092,1.5588,-0.12,东方财富基金历史净值接口
110008,易方达稳健收益债券B,2014-10-23,1.2074,1.557,-0.15,东方财富基金历史净值接口
110008,易方达稳健收益债券B,2014-10-24,1.2087,1.5583,0.11,东方财富基金历史净值接口
110008,易方达稳健收益债券B,2014-10-27,1.2091,1.5587,0.03,东方财富基金历史净值接口
110008,易方达稳健收益债券B,2014-10-28,1.2156,1.5652,0.54,东方财富基金历史净值接口
110008,易方达稳健收益债券B,2014-10-29,1.223,1.5726,0.61,东方财富基金历史净值接口
110008,易方达稳健收益债券B,2014-10-30,1.2332,1.5828,0.83,东方财富基金历史净值接口
110008,易方达稳健收益债券B,2014-10-31,1.2406,1.5902,0.6,东方财富基金历史净值接口
110008,易方达稳健收益债券B,2014-11-03,1.2455,1.5951,0.4,东方财富基金历史净值接口
110008,易方达稳健收益债券B,2014-11-04,1.2505,1.6001,0.4,东方财富基金历史净值接口
110008,易方达稳健收益债券B,2014-11-05,1.2507,1.6003,0.02,东方财富基金历史净值接口
110008,易方达稳健收益债券B,2014-11-06,1.2532,1.6028,0.2,东方财富基金历史净值接口
110008,易方达稳健收益债券B,2014-11-07,1.2578,1.6074,0.37,东方财富基金历史净值接口
110008,易方达稳健收益债券B,2014-11-10,1.2703,1.6199,0.99,东方财富基金历史净值接口
110008,易方达稳健收益债券B,2014-11-11,1.2653,1.6149,-0.39,东方财富基金历史净值接口
110008,易方达稳健收益债券B,2014-11-12,1.2684,1.618,0.25,东方财富基金历史净值接口
110008,易方达稳健收益债券B,2014-11-13,1.266,1.6156,-0.19,东方财富基金历史净值接口
110008,易方达稳健收益债券B,2014-11-14,1.2602,1.6098,-0.46,东方财富基金历史净值接口
110008,易方达稳健收益债券B,2014-11-17,1.2575,1.6071,-0.21,东方财富基金历史净值接口
110008,易方达稳健收益债券B,2014-11-18,1.2545,1.6041,-0.24,东方财富基金历史净值接口
110008,易方达稳健收益债券B,2014-11-19,1.2545,1.6041,0.0,东方财富基金历史净值接口
110008,易方达稳健收益债券B,2014-11-20,1.2543,1.6039,-0.02,东方财富基金历史净值接口
110008,易方达稳健收益债券B,2014-11-21,1.2593,1.6089,0.4,东方财富基金历史净值接口
110008,易方达稳健收益债券B,2014-11-24,1.2785,1.6281,1.52,东方财富基金历史净值接口
110008,易方达稳健收益债券B,2014-11-25,1.2798,1.6294,0.1,东方财富基金历史净值接口
110008,易方达稳健收益债券B,2014-11-26,1.2819,1.6315,0.16,东方财富基金历史净值接口
110008,易方达稳健收益债券B,2014-11-27,1.2841,1.6337,0.17,东方财富基金历史净值接口
110008,易方达稳健收益债券B,2014-11-28,1.2843,1.6339,0.02,东方财富基金历史净值接口
110008,易方达稳健收益债券B,2014-12-01,1.2837,1.6333,-0.05,东方财富基金历史净值接口
110008,易方达稳健收益债券B,2014-12-02,1.2909,1.6405,0.56,东方财富基金历史净值接口
110008,易方达稳健收益债券B,2014-12-03,1.2903,1.6399,-0.05,东方财富基金历史净值接口
110008,易方达稳健收益债券B,2014-12-04,1.3014,1.651,0.86,东方财富基金历史净值接口
110008,易方达稳健收益债券B,2014-12-05,1.2941,1.6437,-0.56,东方财富基金历史净值接口
110008,易方达稳健收益债券B,2014-12-08,1.3088,1.6584,1.14,东方财富基金历史净值接口
110008,易方达稳健收益债券B,2014-12-09,1.2792,1.6288,-2.26,东方财富基金历史净值接口
110008,易方达稳健收益债券B,2014-12-10,1.2969,1.6465,1.38,东方财富基金历史净值接口
110008,易方达稳健收益债券B,2014-12-11,1.2945,1.6441,-0.19,东方财富基金历史净值接口
110008,易方达稳健收益债券B,2014-12-12,1.2958,1.6454,0.1,东方财富基金历史净值接口
110008,易方达稳健收益债券B,2014-12-15,1.2995,1.6491,0.29,东方财富基金历史净值接口
110008,易方达稳健收益债券B,2014-12-16,1.3136,1.6632,1.09,东方财富基金历史净值接口
110008,易方达稳健收益债券B,2014-12-17,1.315,1.6646,0.11,东方财富基金历史净值接口
110008,易方达稳健收益债券B,2014-12-18,1.3188,1.6684,0.29,东方财富基金历史净值接口
110008,易方达稳健收益债券B,2014-12-19,1.3259,1.6755,0.54,东方财富基金历史净值接口
110008,易方达稳健收益债券B,2014-12-22,1.3328,1.6824,0.52,东方财富基金历史净值接口
110008,易方达稳健收益债券B,2014-12-23,1.3253,1.6749,-0.56,东方财富基金历史净值接口
110008,易方达稳健收益债券B,2014-12-24,1.3203,1.6699,-0.38,东方财富基金历史净值接口
110008,易方达稳健收益债券B,2014-12-25,1.3312,1.6808,0.83,东方财富基金历史净值接口
110008,易方达稳健收益债券B,2014-12-26,1.3437,1.6933,0.94,东方财富基金历史净值接口
110008,易方达稳健收益债券B,2014-12-29,1.3482,1.6978,0.33,东方财富基金历史净值接口
110008,易方达稳健收益债券B,2014-12-30,1.3464,1.696,-0.13,东方财富基金历史净值接口
110008,易方达稳健收益债券B,2014-12-31,1.3537,1.7033,0.54,东方财富基金历史净值接口
110008,易方达稳健收益债券B,2015-01-05,1.3658,1.7154,0.89,东方财富基金历史净值接口
110008,易方达稳健收益债券B,2015-01-06,1.3671,1.7167,0.1,东方财富基金历史净值接口
110008,易方达稳健收益债券B,2015-01-07,1.3707,1.7203,0.26,东方财富基金历史净值接口
110008,易方达稳健收益债券B,2015-01-08,1.3634,1.713,-0.53,东方财富基金历史净值接口
110008,易方达稳健收益债券B,2015-01-09,1.3645,1.7141,0.08,东方财富基金历史净值接口
110008,易方达稳健收益债券B,2015-01-12,1.3616,1.7112,-0.21,东方财富基金历史净值接口
110008,易方达稳健收益债券B,2015-01-13,1.3642,1.7138,0.19,东方财富基金历史净值接口
110008,易方达稳健收益债券B,2015-01-14,1.366,1.7156,0.13,东方财富基金历史净值接口
110008,易方达稳健收益债券B,2015-01-15,1.3756,1.7252,0.7,东方财富基金历史净值接口
110008,易方达稳健收益债券B,2015-01-16,1.3793,1.7289,0.27,东方财富基金历史净值接口
110008,易方达稳健收益债券B,2015-01-19,1.36,1.7096,-1.4,东方财富基金历史净值接口
110008,易方达稳健收益债券B,2015-01-20,1.2661,1.7157,0.45,东方财富基金历史净值接口
110008,易方达稳健收益债券B,2015-01-21,1.2763,1.7259,0.81,东方财富基金历史净值接口
110008,易方达稳健收益债券B,2015-01-22,1.2791,1.7287,0.22,东方财富基金历史净值接口
110008,易方达稳健收益债券B,2015-01-23,1.2778,1.7274,-0.1,东方财富基金历史净值接口
110008,易方达稳健收益债券B,2015-01-26,1.2787,1.7283,0.07,东方财富基金历史净值接口
110008,易方达稳健收益债券B,2015-01-27,1.2786,1.7282,-0.01,东方财富基金历史净值接口
110008,易方达稳健收益债券B,2015-01-28,1.2734,1.723,-0.41,东方财富基金历史净值接口
110008,易方达稳健收益债券B,2015-01-29,1.2685,1.7181,-0.38,东方财富基金历史净值接口
110008,易方达稳健收益债券B,2015-01-30,1.2642,1.7138,-0.34,东方财富基金历史净值接口
110008,易方达稳健收益债券B,2015-02-02,1.2578,1.7074,-0.51,东方财富基金历史净值接口
110008,易方达稳健收益债券B,2015-02-03,1.2631,1.7127,0.42,东方财富基金历史净值接口
110008,易方达稳健收益债券B,2015-02-04,1.2612,1.7108,-0.15,东方财富基金历史净值接口
110008,易方达稳健收益债券B,2015-02-05,1.2585,1.7081,-0.21,东方财富基金历史净值接口
110008,易方达稳健收益债券B,2015-02-06,1.2549,1.7045,-0.29,东方财富基金历史净值接口
110008,易方达稳健收益债券B,2015-02-09,1.2563,1.7059,0.11,东方财富基金历史净值接口
110008,易方达稳健收益债券B,2015-02-10,1.2593,1.7089,0.24,东方财富基金历史净值接口
110008,易方达稳健收益债券B,2015-02-11,1.2619,1.7115,0.21,东方财富基金历史净值接口
110008,易方达稳健收益债券B,2015-02-12,1.2639,1.7135,0.16,东方财富基金历史净值接口
110008,易方达稳健收益债券B,2015-02-13,1.2666,1.7162,0.21,东方财富基金历史净值接口
110008,易方达稳健收益债券B,2015-02-16,1.2707,1.7203,0.32,东方财富基金历史净值接口
110008,易方达稳健收益债券B,2015-02-17,1.2725,1.7221,0.14,东方财富基金历史净值接口
110008,易方达稳健收益债券B,2015-02-25,1.2753,1.7249,0.22,东方财富基金历史净值接口
110008,易方达稳健收益债券B,2015-02-26,1.2791,1.7287,0.3,东方财富基金历史净值接口
110008,易方达稳健收益债券B,2015-02-27,1.2812,1.7308,0.16,东方财富基金历史净值接口
110008,易方达稳健收益债券B,2015-03-02,1.2835,1.7331,0.18,东方财富基金历史净值接口
110008,易方达稳健收益债券B,2015-03-03,1.2816,1.7312,-0.15,东方财富基金历史净值接口
110008,易方达稳健收益债券B,2015-03-04,1.2827,1.7323,0.09,东方财富基金历史净值接口
110008,易方达稳健收益债券B,2015-03-05,1.2815,1.7311,-0.09,东方财富基金历史净值接口
110008,易方达稳健收益债券B,2015-03-06,1.2773,1.7269,-0.33,东方财富基金历史净值接口
110008,易方达稳健收益债券B,2015-03-09,1.2814,1.731,0.32,东方财富基金历史净值接口
110008,易方达稳健收益债券B,2015-03-10,1.2849,1.7345,0.27,东方财富基金历史净值接口
110008,易方达稳健收益债券B,2015-03-11,1.2863,1.7359,0.11,东方财富基金历史净值接口
110008,易方达稳健收益债券B,2015-03-12,1.2875,1.7371,0.09,东方财富基金历史净值接口
110008,易方达稳健收益债券B,2015-03-13,1.2879,1.7375,0.03,东方财富基金历史净值接口
110008,易方达稳健收益债券B,2015-03-16,1.2931,1.7427,0.4,东方财富基金历史净值接口
110008,易方达稳健收益债券B,2015-03-17,1.297,1.7466,0.3,东方财富基金历史净值接口
110008,易方达稳健收益债券B,2015-03-18,1.3001,1.7497,0.24,东方财富基金历史净值接口
110008,易方达稳健收益债券B,2015-03-19,1.3028,1.7524,0.21,东方财富基金历史净值接口
110008,易方达稳健收益债券B,2015-03-20,1.304,1.7536,0.09,东方财富基金历史净值接口
110008,易方达稳健收益债券B,2015-03-23,1.3066,1.7562,0.2,东方财富基金历史净值接口
110008,易方达稳健收益债券B,2015-03-24,1.3059,1.7555,-0.05,东方财富基金历史净值接口
110008,易方达稳健收益债券B,2015-03-25,1.3068,1.7564,0.07,东方财富基金历史净值接口
110008,易方达稳健收益债券B,2015-03-26,1.3021,1.7517,-0.36,东方财富基金历史净值接口
110008,易方达稳健收益债券B,2015-03-27,1.302,1.7516,-0.01,东方财富基金历史净值接口
110008,易方达稳健收益债券B,2015-03-30,1.3038,1.7534,0.14,东方财富基金历史净值接口
110008,易方达稳健收益债券B,2015-03-31,1.2998,1.7494,-0.31,东方财富基金历史净值接口
110008,易方达稳健收益债券B,2015-04-01,1.3048,1.7544,0.38,东方财富基金历史净值接口
110008,易方达稳健收益债券B,2015-04-02,1.308,1.7576,0.25,东方财富基金历史净值接口
110008,易方达稳健收益债券B,2015-04-03,1.3103,1.7599,0.18,东方财富基金历史净值接口
110008,易方达稳健收益债券B,2015-04-07,1.3154,1.765,0.39,东方财富基金历史净值接口
110008,易方达稳健收益债券B,2015-04-08,1.3158,1.7654,0.03,东方财富基金历史净值接口
110008,易方达稳健收益债券B,2015-04-09,1.3141,1.7637,-0.13,东方财富基金历史净值接口
110008,易方达稳健收益债券B,2015-04-10,1.3227,1.7723,0.65,东方财富基金历史净值接口
110008,易方达稳健收益债券B,2015-04-13,1.3263,1.7759,0.27,东方财富基金历史净值接口
110008,易方达稳健收益债券B,2015-04-14,1.3271,1.7767,0.06,东方财富基金历史净值接口
110008,易方达稳健收益债券B,2015-04-15,1.3231,1.7727,-0.3,东方财富基金历史净值接口
110008,易方达稳健收益债券B,2015-04-16,1.3302,1.7798,0.54,东方财富基金历史净值接口
110008,易方达稳健收益债券B,2015-04-17,1.3343,1.7839,0.31,东方财富基金历史净值接口
110008,易方达稳健收益债券B,2015-04-20,1.3356,1.7852,0.1,东方财富基金历史净值接口
110008,易方达稳健收益债券B,2015-04-21,1.3431,1.7927,0.56,东方财富基金历史净值接口
110008,易方达稳健收益债券B,2015-04-22,1.347,1.7966,0.29,东方财富基金历史净值接口
110008,易方达稳健收益债券B,2015-04-23,1.3459,1.7955,-0.08,东方财富基金历史净值接口
110008,易方达稳健收益债券B,2015-04-24,1.3426,1.7922,-0.25,东方财富基金历史净值接口
110008,易方达稳健收益债券B,2015-04-27,1.3482,1.7978,0.42,东方财富基金历史净值接口
110008,易方达稳健收益债券B,2015-04-28,1.3451,1.7947,-0.23,东方财富基金历史净值接口
110008,易方达稳健收益债券B,2015-04-29,1.3486,1.7982,0.26,东方财富基金历史净值接口
110008,易方达稳健收益债券B,2015-04-30,1.3502,1.7998,0.12,东方财富基金历史净值接口
110008,易方达稳健收益债券B,2015-05-04,1.3534,1.803,0.24,东方财富基金历史净值接口
110008,易方达稳健收益债券B,2015-05-05,1.3468,1.7964,-0.49,东方财富基金历史净值接口
110008,易方达稳健收益债券B,2015-05-06,1.345,1.7946,-0.13,东方财富基金历史净值接口
110008,易方达稳健收益债券B,2015-05-07,1.344,1.7936,-0.07,东方财富基金历史净值接口
110008,易方达稳健收益债券B,2015-05-08,1.3514,1.801,0.55,东方财富基金历史净值接口
110008,易方达稳健收益债券B,2015-05-11,1.3606,1.8102,0.68,东方财富基金历史净值接口
110008,易方达稳健收益债券B,2015-05-12,1.3655,1.8151,0.36,东方财富基金历史净值接口
110008,易方达稳健收益债券B,2015-05-13,1.3697,1.8193,0.31,东方财富基金历史净值接口
110008,易方达稳健收益债券B,2015-05-14,1.3731,1.8227,0.25,东方财富基金历史净值接口
110008,易方达稳健收益债券B,2015-05-15,1.3732,1.8228,0.01,东方财富基金历史净值接口
110008,易方达稳健收益债券B,2015-05-18,1.3757,1.8253,0.18,东方财富基金历史净值接口
110008,易方达稳健收益债券B,2015-05-19,1.3809,1.8305,0.38,东方财富基金历史净值接口
110008,易方达稳健收益债券B,2015-05-20,1.3855,1.8351,0.33,东方财富基金历史净值接口
110008,易方达稳健收益债券B,2015-05-21,1.3909,1.8405,0.39,东方财富基金历史净值接口
110008,易方达稳健收益债券B,2015-05-22,1.3931,1.8427,0.16,东方财富基金历史净值接口
110008,易方达稳健收益债券B,2015-05-25,1.4003,1.8499,0.52,东方财富基金历史净值接口
110008,易方达稳健收益债券B,2015-05-26,1.4052,1.8548,0.35,东方财富基金历史净值接口
110008,易方达稳健收益债券B,2015-05-27,1.4039,1.8535,-0.09,东方财富基金历史净值接口
110008,易方达稳健收益债券B,2015-05-28,1.391,1.8406,-0.92,东方财富基金历史净值接口
110008,易方达稳健收益债券B,2015-05-29,1.392,1.8416,0.07,东方财富基金历史净值接口
110008,易方达稳健收益债券B,2015-06-01,1.4013,1.8509,0.67,东方财富基金历史净值接口
110008,易方达稳健收益债券B,2015-06-02,1.4109,1.8605,0.69,东方财富基金历史净值接口
110008,易方达稳健收益债券B,2015-06-03,1.4134,1.863,0.18,东方财富基金历史净值接口
110008,易方达稳健收益债券B,2015-06-04,1.4154,1.865,0.14,东方财富基金历史净值接口
110008,易方达稳健收益债券B,2015-06-05,1.4153,1.8649,-0.01,东方财富基金历史净值接口
110008,易方达稳健收益债券B,2015-06-08,1.4113,1.8609,-0.28,东方财富基金历史净值接口
110008,易方达稳健收益债券B,2015-06-09,1.4103,1.8599,-0.07,东方财富基金历史净值接口
110008,易方达稳健收益债券B,2015-06-10,1.4124,1.862,0.15,东方财富基金历史净值接口
110008,易方达稳健收益债券B,2015-06-11,1.414,1.8636,0.11,东方财富基金历史净值接口
110008,易方达稳健收益债券B,2015-06-12,1.4125,1.8621,-0.11,东方财富基金历史净值接口
110008,易方达稳健收益债券B,2015-06-15,1.4116,1.8612,-0.06,东方财富基金历史净值接口
110008,易方达稳健收益债券B,2015-06-16,1.4071,1.8567,-0.32,东方财富基金历史净值接口
110008,易方达稳健收益债券B,2015-06-17,1.4071,1.8567,0.0,东方财富基金历史净值接口
110008,易方达稳健收益债券B,2015-06-18,1.4062,1.8558,-0.06,东方财富基金历史净值接口
110008,易方达稳健收益债券B,2015-06-19,1.4023,1.8519,-0.28,东方财富基金历史净值接口
110008,易方达稳健收益债券B,2015-06-23,1.4036,1.8532,0.09,东方财富基金历史净值接口
110008,易方达稳健收益债券B,2015-06-24,1.4056,1.8552,0.14,东方财富基金历史净值接口
110008,易方达稳健收益债券B,2015-06-25,1.402,1.8516,-0.26,东方财富基金历史净值接口
110008,易方达稳健收益债券B,2015-06-26,1.3955,1.8451,-0.46,东方财富基金历史净值接口
110008,易方达稳健收益债券B,2015-06-29,1.3973,1.8469,0.13,东方财富基金历史净值接口
110008,易方达稳健收益债券B,2015-06-30,1.4053,1.8549,0.57,东方财富基金历史净值接口
110008,易方达稳健收益债券B,2015-07-01,1.3998,1.8494,-0.39,东方财富基金历史净值接口
110008,易方达稳健收益债券B,2015-07-02,1.3958,1.8454,-0.29,东方财富基金历史净值接口
110008,易方达稳健收益债券B,2015-07-03,1.3869,1.8365,-0.64,东方财富基金历史净值接口
110008,易方达稳健收益债券B,2015-07-06,1.3987,1.8483,0.85,东方财富基金历史净值接口
110008,易方达稳健收益债券B,2015-07-07,1.3978,1.8474,-0.06,东方财富基金历史净值接口
110008,易方达稳健收益债券B,2015-07-08,1.3892,1.8388,-0.62,东方财富基金历史净值接口
110008,易方达稳健收益债券B,2015-07-09,1.407,1.8566,1.28,东方财富基金历史净值接口
110008,易方达稳健收益债券B,2015-07-10,1.427,1.8766,1.42,东方财富基金历史净值接口
110008,易方达稳健收益债券B,2015-07-13,1.4403,1.8899,0.93,东方财富基金历史净值接口
110008,易方达稳健收益债券B,2015-07-14,1.437,1.8866,-0.23,东方财富基金历史净值接口
110008,易方达稳健收益债券B,2015-07-15,1.4301,1.8797,-0.48,东方财富基金历史净值接口
110008,易方达稳健收益债券B,2015-07-16,1.4326,1.8822,0.17,东方财富基金历史净值接口
110008,易方达稳健收益债券B,2015-07-17,1.43,1.8796,-0.18,东方财富基金历史净值接口
110008,易方达稳健收益债券B,2015-07-20,1.4307,1.8803,0.05,东方财富基金历史净值接口
110008,易方达稳健收益债券B,2015-07-21,1.4319,1.8815,0.08,东方财富基金历史净值接口
110008,易方达稳健收益债券B,2015-07-22,1.4328,1.8824,0.06,东方财富基金历史净值接口
110008,易方达稳健收益债券B,2015-07-23,1.4361,1.8857,0.23,东方财富基金历史净值接口
110008,易方达稳健收益债券B,2015-07-24,1.4351,1.8847,-0.07,东方财富基金历史净值接口
110008,易方达稳健收益债券B,2015-07-27,1.4267,1.8763,-0.59,东方财富基金历史净值接口
110008,易方达稳健收益债券B,2015-07-28,1.4279,1.8775,0.08,东方财富基金历史净值接口
110008,易方达稳健收益债券B,2015-07-29,1.4316,1.8812,0.26,东方财富基金历史净值接口
110008,易方达稳健收益债券B,2015-07-30,1.4296,1.8792,-0.14,东方财富基金历史净值接口
110008,易方达稳健收益债券B,2015-07-31,1.4301,1.8797,0.04,东方财富基金历史净值接口
110008,易方达稳健收益债券B,2015-08-03,1.4334,1.883,0.23,东方财富基金历史净值接口
110008,易方达稳健收益债券B,2015-08-04,1.4367,1.8863,0.23,东方财富基金历史净值接口
110008,易方达稳健收益债券B,2015-08-05,1.4345,1.8841,-0.15,东方财富基金历史净值接口
110008,易方达稳健收益债券B,2015-08-06,1.4342,1.8838,-0.02,东方财富基金历史净值接口
110008,易方达稳健收益债券B,2015-08-07,1.4394,1.889,0.36,东方财富基金历史净值接口
110008,易方达稳健收益债券B,2015-08-10,1.4434,1.893,0.28,东方财富基金历史净值接口
110008,易方达稳健收益债券B,2015-08-11,1.4393,1.8889,-0.28,东方财富基金历史净值接口
110008,易方达稳健收益债券B,2015-08-12,1.4354,1.885,-0.27,东方财富基金历史净值接口
110008,易方达稳健收益债券B,2015-08-13,1.4376,1.8872,0.15,东方财富基金历史净值接口
110008,易方达稳健收益债券B,2015-08-14,1.4381,1.8877,0.03,东方财富基金历史净值接口
110008,易方达稳健收益债券B,2015-08-17,1.4396,1.8892,0.1,东方财富基金历史净值接口
110008,易方达稳健收益债券B,2015-08-18,1.4342,1.8838,-0.38,东方财富基金历史净值接口
110008,易方达稳健收益债券B,2015-08-19,1.4346,1.8842,0.03,东方财富基金历史净值接口
110008,易方达稳健收益债券B,2015-08-20,1.4325,1.8821,-0.15,东方财富基金历史净值接口
110008,易方达稳健收益债券B,2015-08-21,1.4291,1.8787,-0.24,东方财富基金历史净值接口
110008,易方达稳健收益债券B,2015-08-24,1.4244,1.874,-0.33,东方财富基金历史净值接口
110008,易方达稳健收益债券B,2015-08-25,1.421,1.8706,-0.24,东方财富基金历史净值接口
110008,易方达稳健收益债券B,2015-08-26,1.4259,1.8755,0.34,东方财富基金历史净值接口
110008,易方达稳健收益债券B,2015-08-27,1.4347,1.8843,0.62,东方财富基金历史净值接口
110008,易方达稳健收益债券B,2015-08-28,1.441,1.8906,0.44,东方财富基金历史净值接口
110008,易方达稳健收益债券B,2015-08-31,1.4398,1.8894,-0.08,东方财富基金历史净值接口
110008,易方达稳健收益债券B,2015-09-01,1.44,1.8896,0.01,东方财富基金历史净值接口
110008,易方达稳健收益债券B,2015-09-02,1.4451,1.8947,0.35,东方财富基金历史净值接口
110008,易方达稳健收益债券B,2015-09-07,1.4387,1.8883,-0.44,东方财富基金历史净值接口
110008,易方达稳健收益债券B,2015-09-08,1.4447,1.8943,0.42,东方财富基金历史净值接口
110008,易方达稳健收益债券B,2015-09-09,1.4483,1.8979,0.25,东方财富基金历史净值接口
110008,易方达稳健收益债券B,2015-09-10,1.4462,1.8958,-0.15,东方财富基金历史净值接口
110008,易方达稳健收益债券B,2015-09-11,1.4459,1.8955,-0.02,东方财富基金历史净值接口
110008,易方达稳健收益债券B,2015-09-14,1.4397,1.8893,-0.43,东方财富基金历史净值接口
110008,易方达稳健收益债券B,2015-09-15,1.4333,1.8829,-0.44,东方财富基金历史净值接口
110008,易方达稳健收益债券B,2015-09-16,1.443,1.8926,0.68,东方财富基金历史净值接口
110008,易方达稳健收益债券B,2015-09-17,1.4406,1.8902,-0.17,东方财富基金历史净值接口
110008,易方达稳健收益债券B,2015-09-18,1.4419,1.8915,0.09,东方财富基金历史净值接口
110008,易方达稳健收益债券B,2015-09-21,1.4457,1.8953,0.26,东方财富基金历史净值接口
110008,易方达稳健收益债券B,2015-09-22,1.4476,1.8972,0.13,东方财富基金历史净值接口
110008,易方达稳健收益债券B,2015-09-23,1.4445,1.8941,-0.21,东方财富基金历史净值接口
110008,易方达稳健收益债券B,2015-09-24,1.4456,1.8952,0.08,东方财富基金历史净值接口
110008,易方达稳健收益债券B,2015-09-25,1.442,1.8916,-0.25,东方财富基金历史净值接口
110008,易方达稳健收益债券B,2015-09-28,1.4452,1.8948,0.22,东方财富基金历史净值接口
110008,易方达稳健收益债券B,2015-09-29,1.4436,1.8932,-0.11,东方财富基金历史净值接口
110008,易方达稳健收益债券B,2015-09-30,1.4453,1.8949,0.12,东方财富基金历史净值接口
110008,易方达稳健收益债券B,2015-10-08,1.4524,1.902,0.49,东方财富基金历史净值接口
110008,易方达稳健收益债券B,2015-10-09,1.4551,1.9047,0.19,东方财富基金历史净值接口
110008,易方达稳健收益债券B,2015-10-12,1.4633,1.9129,0.56,东方财富基金历史净值接口
110008,易方达稳健收益债券B,2015-10-13,1.466,1.9156,0.18,东方财富基金历史净值接口
110008,易方达稳健收益债券B,2015-10-14,1.4663,1.9159,0.02,东方财富基金历史净值接口
110008,易方达稳健收益债券B,2015-10-15,1.4704,1.92,0.28,东方财富基金历史净值接口
110008,易方达稳健收益债券B,2015-10-16,1.4731,1.9227,0.18,东方财富基金历史净值接口
110008,易方达稳健收益债券B,2015-10-19,1.4738,1.9234,0.05,东方财富基金历史净值接口
110008,易方达稳健收益债券B,2015-10-20,1.4773,1.9269,0.24,东方财富基金历史净值接口
110008,易方达稳健收益债券B,2015-10-21,1.4705,1.9201,-0.46,东方财富基金历史净值接口
110008,易方达稳健收益债券B,2015-10-22,1.4759,1.9255,0.37,东方财富基金历史净值接口
110008,易方达稳健收益债券B,2015-10-23,1.4796,1.9292,0.25,东方财富基金历史净值接口
110008,易方达稳健收益债券B,2015-10-26,1.483,1.9326,0.23,东方财富基金历史净值接口
110008,易方达稳健收益债券B,2015-10-27,1.4846,1.9342,0.11,东方财富基金历史净值接口
110008,易方达稳健收益债券B,2015-10-28,1.4833,1.9329,-0.09,东方财富基金历史净值接口
110008,易方达稳健收益债券B,2015-10-29,1.4833,1.9329,0.0,东方财富基金历史净值接口
110008,易方达稳健收益债券B,2015-10-30,1.4828,1.9324,-0.03,东方财富基金历史净值接口
110008,易方达稳健收益债券B,2015-11-02,1.4809,1.9305,-0.13,东方财富基金历史净值接口
110008,易方达稳健收益债券B,2015-11-03,1.4792,1.9288,-0.11,东方财富基金历史净值接口
110008,易方达稳健收益债券B,2015-11-04,1.4839,1.9335,0.32,东方财富基金历史净值接口
110008,易方达稳健收益债券B,2015-11-05,1.4873,1.9369,0.23,东方财富基金历史净值接口
110008,易方达稳健收益债券B,2015-11-06,1.4905,1.9401,0.22,东方财富基金历史净值接口
110008,易方达稳健收益债券B,2015-11-09,1.4878,1.9374,-0.18,东方财富基金历史净值接口
110008,易方达稳健收益债券B,2015-11-10,1.4856,1.9352,-0.15,东方财富基金历史净值接口
110008,易方达稳健收益债券B,2015-11-11,1.4887,1.9383,0.21,东方财富基金历史净值接口
110008,易方达稳健收益债券B,2015-11-12,1.4893,1.9389,0.04,东方财富基金历史净值接口
110008,易方达稳健收益债券B,2015-11-13,1.4866,1.9362,-0.18,东方财富基金历史净值接口
110008,易方达稳健收益债券B,2015-11-16,1.489,1.9386,0.16,东方财富基金历史净值接口
110008,易方达稳健收益债券B,2015-11-17,1.4888,1.9384,-0.01,东方财富基金历史净值接口
110008,易方达稳健收益债券B,2015-11-18,1.4858,1.9354,-0.2,东方财富基金历史净值接口
110008,易方达稳健收益债券B,2015-11-19,1.4884,1.938,0.18,东方财富基金历史净值接口
110008,易方达稳健收益债券B,2015-11-20,1.4901,1.9397,0.11,东方财富基金历史净值接口
110008,易方达稳健收益债券B,2015-11-23,1.4873,1.9369,-0.19,东方财富基金历史净值接口
110008,易方达稳健收益债券B,2015-11-24,1.4901,1.9397,0.19,东方财富基金历史净值接口
110008,易方达稳健收益债券B,2015-11-25,1.4938,1.9434,0.25,东方财富基金历史净值接口
110008,易方达稳健收益债券B,2015-11-26,1.494,1.9436,0.01,东方财富基金历史净值接口
110008,易方达稳健收益债券B,2015-11-27,1.4817,1.9313,-0.82,东方财富基金历史净值接口
110008,易方达稳健收益债券B,2015-11-30,1.4842,1.9338,0.17,东方财富基金历史净值接口
110008,易方达稳健收益债券B,2015-12-01,1.487,1.9366,0.19,东方财富基金历史净值接口
110008,易方达稳健收益债券B,2015-12-02,1.4915,1.9411,0.3,东方财富基金历史净值接口
110008,易方达稳健收益债券B,2015-12-03,1.495,1.9446,0.23,东方财富基金历史净值接口
110008,易方达稳健收益债券B,2015-12-04,1.4929,1.9425,-0.14,东方财富基金历史净值接口
110008,易方达稳健收益债券B,2015-12-07,1.4948,1.9444,0.13,东方财富基金历史净值接口
110008,易方达稳健收益债券B,2015-12-08,1.4931,1.9427,-0.11,东方财富基金历史净值接口
110008,易方达稳健收益债券B,2015-12-09,1.4935,1.9431,0.03,东方财富基金历史净值接口
110008,易方达稳健收益债券B,2015-12-10,1.4937,1.9433,0.01,东方财富基金历史净值接口
110008,易方达稳健收益债券B,2015-12-11,1.4944,1.944,0.05,东方财富基金历史净值接口
110008,易方达稳健收益债券B,2015-12-14,1.4981,1.9477,0.25,东方财富基金历史净值接口
110008,易方达稳健收益债券B,2015-12-15,1.4984,1.948,0.02,东方财富基金历史净值接口
110008,易方达稳健收益债券B,2015-12-16,1.4985,1.9481,0.01,东方财富基金历史净值接口
110008,易方达稳健收益债券B,2015-12-17,1.505,1.9546,0.43,东方财富基金历史净值接口
110008,易方达稳健收益债券B,2015-12-18,1.5064,1.956,0.09,东方财富基金历史净值接口
110008,易方达稳健收益债券B,2015-12-21,1.5135,1.9631,0.47,东方财富基金历史净值接口
110008,易方达稳健收益债券B,2015-12-22,1.5171,1.9667,0.24,东方财富基金历史净值接口
110008,易方达稳健收益债券B,2015-12-23,1.5158,1.9654,-0.09,东方财富基金历史净值接口
110008,易方达稳健收益债券B,2015-12-24,1.5166,1.9662,0.05,东方财富基金历史净值接口
110008,易方达稳健收益债券B,2015-12-25,1.5178,1.9674,0.08,东方财富基金历史净值接口
110008,易方达稳健收益债券B,2015-12-28,1.5142,1.9638,-0.24,东方财富基金历史净值接口
110008,易方达稳健收益债券B,2015-12-29,1.5173,1.9669,0.2,东方财富基金历史净值接口
110008,易方达稳健收益债券B,2015-12-30,1.5178,1.9674,0.03,东方财富基金历史净值接口
110008,易方达稳健收益债券B,2015-12-31,1.5153,1.9649,-0.16,东方财富基金历史净值接口
110008,易方达稳健收益债券B,2016-01-04,1.3008,1.9504,-0.96,东方财富基金历史净值接口
110008,易方达稳健收益债券B,2016-01-05,1.2998,1.9494,-0.08,东方财富基金历史净值接口
110008,易方达稳健收益债券B,2016-01-06,1.3049,1.9545,0.39,东方财富基金历史净值接口
110008,易方达稳健收益债券B,2016-01-07,1.2939,1.9435,-0.84,东方财富基金历史净值接口
110008,易方达稳健收益债券B,2016-01-08,1.3008,1.9504,0.53,东方财富基金历史净值接口
110008,易方达稳健收益债券B,2016-01-11,1.294,1.9436,-0.52,东方财富基金历史净值接口
110008,易方达稳健收益债券B,2016-01-12,1.2952,1.9448,0.09,东方财富基金历史净值接口
110008,易方达稳健收益债券B,2016-01-13,1.2946,1.9442,-0.05,东方财富基金历史净值接口
110008,易方达稳健收益债券B,2016-01-14,1.2997,1.9493,0.39,东方财富基金历史净值接口
110008,易方达稳健收益债券B,2016-01-15,1.292,1.9416,-0.59,东方财富基金历史净值接口
110008,易方达稳健收益债券B,2016-01-18,1.2931,1.9427,0.09,东方财富基金历史净值接口
110008,易方达稳健收益债券B,2016-01-19,1.2984,1.948,0.41,东方财富基金历史净值接口
110008,易方达稳健收益债券B,2016-01-20,1.2957,1.9453,-0.21,东方财富基金历史净值接口
110008,易方达稳健收益债券B,2016-01-21,1.2882,1.9378,-0.58,东方财富基金历史净值接口
110008,易方达稳健收益债券B,2016-01-22,1.2912,1.9408,0.23,东方财富基金历史净值接口
110008,易方达稳健收益债券B,2016-01-25,1.2911,1.9407,-0.01,东方财富基金历史净值接口
110008,易方达稳健收益债券B,2016-01-26,1.2792,1.9288,-0.92,东方财富基金历史净值接口
110008,易方达稳健收益债券B,2016-01-27,1.2749,1.9245,-0.34,东方财富基金历史净值接口
110008,易方达稳健收益债券B,2016-01-28,1.2675,1.9171,-0.58,东方财富基金历史净值接口
110008,易方达稳健收益债券B,2016-01-29,1.2746,1.9242,0.56,东方财富基金历史净值接口
110008,易方达稳健收益债券B,2016-02-01,1.2708,1.9204,-0.3,东方财富基金历史净值接口
110008,易方达稳健收益债券B,2016-02-02,1.2751,1.9247,0.34,东方财富基金历史净值接口
110008,易方达稳健收益债券B,2016-02-03,1.2742,1.9238,-0.07,东方财富基金历史净值接口
110008,易方达稳健收益债券B,2016-02-04,1.278,1.9276,0.3,东方财富基金历史净值接口
110008,易方达稳健收益债券B,2016-02-05,1.2772,1.9268,-0.06,东方财富基金历史净值接口
110008,易方达稳健收益债券B,2016-02-15,1.2782,1.9278,0.08,东方财富基金历史净值接口
110008,易方达稳健收益债券B,2016-02-16,1.2844,1.934,0.49,东方财富基金历史净值接口
110008,易方达稳健收益债券B,2016-02-17,1.2868,1.9364,0.19,东方财富基金历史净值接口
110008,易方达稳健收益债券B,2016-02-18,1.2873,1.9369,0.04,东方财富基金历史净值接口
110008,易方达稳健收益债券B,2016-02-19,1.2874,1.937,0.01,东方财富基金历史净值接口
110008,易方达稳健收益债券B,2016-02-22,1.295,1.9446,0.59,东方财富基金历史净值接口
110008,易方达稳健收益债券B,2016-02-23,1.2944,1.944,-0.05,东方财富基金历史净值接口
110008,易方达稳健收益债券B,2016-02-24,1.296,1.9456,0.12,东方财富基金历史净值接口
110008,易方达稳健收益债券B,2016-02-25,1.278,1.9276,-1.39,东方财富基金历史净值接口
110008,易方达稳健收益债券B,2016-02-26,1.281,1.9306,0.23,东方财富基金历史净值接口
110008,易方达稳健收益债券B,2016-02-29,1.2723,1.9219,-0.68,东方财富基金历史净值接口
110008,易方达稳健收益债券B,2016-03-01,1.2772,1.9268,0.39,东方财富基金历史净值接口
110008,易方达稳健收益债券B,2016-03-02,1.2902,1.9398,1.02,东方财富基金历史净值接口
110008,易方达稳健收益债券B,2016-03-03,1.2907,1.9403,0.04,东方财富基金历史净值接口
110008,易方达稳健收益债券B,2016-03-04,1.2896,1.9392,-0.09,东方财富基金历史净值接口
110008,易方达稳健收益债券B,2016-03-07,1.2935,1.9431,0.3,东方财富基金历史净值接口
110008,易方达稳健收益债券B,2016-03-08,1.2922,1.9418,-0.1,东方财富基金历史净值接口
110008,易方达稳健收益债券B,2016-03-09,1.2879,1.9375,-0.33,东方财富基金历史净值接口
110008,易方达稳健收益债券B,2016-03-10,1.2856,1.9352,-0.18,东方财富基金历史净值接口
110008,易方达稳健收益债券B,2016-03-11,1.2868,1.9364,0.09,东方财富基金历史净值接口
110008,易方达稳健收益债券B,2016-03-14,1.2925,1.9421,0.44,东方财富基金历史净值接口
110008,易方达稳健收益债券B,2016-03-15,1.2928,1.9424,0.02,东方财富基金历史净值接口
110008,易方达稳健收益债券B,2016-03-16,1.2924,1.942,-0.03,东方财富基金历史净值接口
110008,易方达稳健收益债券B,2016-03-17,1.2969,1.9465,0.35,东方财富基金历史净值接口
110008,易方达稳健收益债券B,2016-03-18,1.3019,1.9515,0.39,东方财富基金历史净值接口
110008,易方达稳健收益债券B,2016-03-21,1.3068,1.9564,0.38,东方财富基金历史净值接口
110008,易方达稳健收益债券B,2016-03-22,1.3057,1.9553,-0.08,东方财富基金历史净值接口
110008,易方达稳健收益债券B,2016-03-23,1.3063,1.9559,0.05,东方财富基金历史净值接口
110008,易方达稳健收益债券B,2016-03-24,1.303,1.9526,-0.25,东方财富基金历史净值接口
110008,易方达稳健收益债券B,2016-03-25,1.3056,1.9552,0.2,东方财富基金历史净值接口
110008,易方达稳健收益债券B,2016-03-28,1.3055,1.9551,-0.01,东方财富基金历史净值接口
110008,易方达稳健收益债券B,2016-03-29,1.3016,1.9512,-0.3,东方财富基金历史净值接口
110008,易方达稳健收益债券B,2016-03-30,1.3081,1.9577,0.5,东方财富基金历史净值接口
110008,易方达稳健收益债券B,2016-03-31,1.3082,1.9578,0.01,东方财富基金历史净值接口
110008,易方达稳健收益债券B,2016-04-01,1.3093,1.9589,0.08,东方财富基金历史净值接口
110008,易方达稳健收益债券B,2016-04-05,1.3133,1.9629,0.31,东方财富基金历史净值接口
110008,易方达稳健收益债券B,2016-04-06,1.314,1.9636,0.05,东方财富基金历史净值接口
110008,易方达稳健收益债券B,2016-04-07,1.3099,1.9595,-0.31,东方财富基金历史净值接口
110008,易方达稳健收益债券B,2016-04-08,1.308,1.9576,-0.15,东方财富基金历史净值接口
110008,易方达稳健收益债券B,2016-04-11,1.313,1.9626,0.38,东方财富基金历史净值接口
110008,易方达稳健收益债券B,2016-04-12,1.3113,1.9609,-0.13,东方财富基金历史净值接口
110008,易方达稳健收益债券B,2016-04-13,1.3121,1.9617,0.06,东方财富基金历史净值接口
110008,易方达稳健收益债券B,2016-04-14,1.3122,1.9618,0.01,东方财富基金历史净值接口
110008,易方达稳健收益债券B,2016-04-15,1.3104,1.96,-0.14,东方财富基金历史净值接口
110008,易方达稳健收益债券B,2016-04-18,1.3075,1.9571,-0.22,东方财富基金历史净值接口
110008,易方达稳健收益债券B,2016-04-19,1.3072,1.9568,-0.02,东方财富基金历史净值接口
110008,易方达稳健收益债券B,2016-04-20,1.301,1.9506,-0.47,东方财富基金历史净值接口
110008,易方达稳健收益债券B,2016-04-21,1.2986,1.9482,-0.18,东方财富基金历史净值接口
110008,易方达稳健收益债券B,2016-04-22,1.2965,1.9461,-0.16,东方财富基金历史净值接口
110008,易方达稳健收益债券B,2016-04-25,1.2927,1.9423,-0.29,东方财富基金历史净值接口
110008,易方达稳健收益债券B,2016-04-26,1.2937,1.9433,0.08,东方财富基金历史净值接口
110008,易方达稳健收益债券B,2016-04-27,1.294,1.9436,0.02,东方财富基金历史净值接口
110008,易方达稳健收益债券B,2016-04-28,1.2943,1.9439,0.02,东方财富基金历史净值接口
110008,易方达稳健收益债券B,2016-04-29,1.2956,1.9452,0.1,东方财富基金历史净值接口
110008,易方达稳健收益债券B,2016-05-03,1.3034,1.953,0.6,东方财富基金历史净值接口
110008,易方达稳健收益债券B,2016-05-04,1.3063,1.9559,0.22,东方财富基金历史净值接口
110008,易方达稳健收益债券B,2016-05-05,1.3085,1.9581,0.17,东方财富基金历史净值接口
110008,易方达稳健收益债券B,2016-05-06,1.3013,1.9509,-0.55,东方财富基金历史净值接口
110008,易方达稳健收益债券B,2016-05-09,1.2958,1.9454,-0.42,东方财富基金历史净值接口
110008,易方达稳健收益债券B,2016-05-10,1.2974,1.947,0.12,东方财富基金历史净值接口
110008,易方达稳健收益债券B,2016-05-11,1.3018,1.9514,0.34,东方财富基金历史净值接口
110008,易方达稳健收益债券B,2016-05-12,1.3025,1.9521,0.05,东方财富基金历史净值接口
110008,易方达稳健收益债券B,2016-05-13,1.3008,1.9504,-0.13,东方财富基金历史净值接口
110008,易方达稳健收益债券B,2016-05-16,1.3027,1.9523,0.15,东方财富基金历史净值接口
110008,易方达稳健收益债券B,2016-05-17,1.3009,1.9505,-0.14,东方财富基金历史净值接口
110008,易方达稳健收益债券B,2016-05-18,1.2951,1.9447,-0.45,东方财富基金历史净值接口
110008,易方达稳健收益债券B,2016-05-19,1.2953,1.9449,0.02,东方财富基金历史净值接口
110008,易方达稳健收益债券B,2016-05-20,1.297,1.9466,0.13,东方财富基金历史净值接口
110008,易方达稳健收益债券B,2016-05-23,1.301,1.9506,0.31,东方财富基金历史净值接口
110008,易方达稳健收益债券B,2016-05-24,1.2982,1.9478,-0.22,东方财富基金历史净值接口
110008,易方达稳健收益债券B,2016-05-25,1.2961,1.9457,-0.16,东方财富基金历史净值接口
110008,易方达稳健收益债券B,2016-05-26,1.2959,1.9455,-0.02,东方财富基金历史净值接口
110008,易方达稳健收益债券B,2016-05-27,1.2957,1.9453,-0.02,东方财富基金历史净值接口
110008,易方达稳健收益债券B,2016-05-30,1.2939,1.9435,-0.14,东方财富基金历史净值接口
110008,易方达稳健收益债券B,2016-05-31,1.3032,1.9528,0.72,东方财富基金历史净值接口
110008,易方达稳健收益债券B,2016-06-01,1.3035,1.9531,0.02,东方财富基金历史净值接口
110008,易方达稳健收益债券B,2016-06-02,1.3057,1.9553,0.17,东方财富基金历史净值接口
110008,易方达稳健收益债券B,2016-06-03,1.3084,1.958,0.21,东方财富基金历史净值接口
110008,易方达稳健收益债券B,2016-06-06,1.3102,1.9598,0.14,东方财富基金历史净值接口
110008,易方达稳健收益债券B,2016-06-07,1.3097,1.9593,-0.04,东方财富基金历史净值接口
110008,易方达稳健收益债券B,2016-06-08,1.3083,1.9579,-0.11,东方财富基金历史净值接口
110008,易方达稳健收益债券B,2016-06-13,1.3008,1.9504,-0.57,东方财富基金历史净值接口
110008,易方达稳健收益债券B,2016-06-14,1.3043,1.9539,0.27,东方财富基金历史净值接口
110008,易方达稳健收益债券B,2016-06-15,1.3102,1.9598,0.45,东方财富基金历史净值接口
110008,易方达稳健收益债券B,2016-06-16,1.3099,1.9595,-0.02,东方财富基金历史净值接口
110008,易方达稳健收益债券B,2016-06-17,1.3129,1.9625,0.23,东方财富基金历史净值接口
110008,易方达稳健收益债券B,2016-06-20,1.3124,1.962,-0.04,东方财富基金历史净值接口
110008,易方达稳健收益债券B,2016-06-21,1.3104,1.96,-0.15,东方财富基金历史净值接口
110008,易方达稳健收益债券B,2016-06-22,1.3138,1.9634,0.26,东方财富基金历史净值接口
110008,易方达稳健收益债券B,2016-06-23,1.3122,1.9618,-0.12,东方财富基金历史净值接口
110008,易方达稳健收益债券B,2016-06-24,1.3105,1.9601,-0.13,东方财富基金历史净值接口
110008,易方达稳健收益债券B,2016-06-27,1.3174,1.967,0.53,东方财富基金历史净值接口
110008,易方达稳健收益债券B,2016-06-28,1.3181,1.9677,0.05,东方财富基金历史净值接口
110008,易方达稳健收益债券B,2016-06-29,1.3178,1.9674,-0.02,东方财富基金历史净值接口
110008,易方达稳健收益债券B,2016-06-30,1.3197,1.9693,0.14,东方财富基金历史净值接口
110008,易方达稳健收益债券B,2016-07-01,1.3213,1.9709,0.12,东方财富基金历史净值接口
110008,易方达稳健收益债券B,2016-07-04,1.3264,1.976,0.39,东方财富基金历史净值接口
110008,易方达稳健收益债券B,2016-07-05,1.3289,1.9785,0.19,东方财富基金历史净值接口
110008,易方达稳健收益债券B,2016-07-06,1.3337,1.9833,0.36,东方财富基金历史净值接口
110008,易方达稳健收益债券B,2016-07-07,1.3357,1.9853,0.15,东方财富基金历史净值接口
110008,易方达稳健收益债券B,2016-07-08,1.3354,1.985,-0.02,东方财富基金历史净值接口
110008,易方达稳健收益债券B,2016-07-11,1.3384,1.988,0.22,东方财富基金历史净值接口
110008,易方达稳健收益债券B,2016-07-12,1.3474,1.997,0.67,东方财富基金历史净值接口
110008,易方达稳健收益债券B,2016-07-13,1.3465,1.9961,-0.07,东方财富基金历史净值接口
110008,易方达稳健收益债券B,2016-07-14,1.3462,1.9958,-0.02,东方财富基金历史净值接口
110008,易方达稳健收益债券B,2016-07-15,1.3475,1.9971,0.1,东方财富基金历史净值接口
110008,易方达稳健收益债券B,2016-07-18,1.349,1.9986,0.11,东方财富基金历史净值接口
110008,易方达稳健收益债券B,2016-07-19,1.3459,1.9955,-0.23,东方财富基金历史净值接口
110008,易方达稳健收益债券B,2016-07-20,1.346,1.9956,0.01,东方财富基金历史净值接口
110008,易方达稳健收益债券B,2016-07-21,1.3489,1.9985,0.22,东方财富基金历史净值接口
110008,易方达稳健收益债券B,2016-07-22,1.3458,1.9954,-0.23,东方财富基金历史净值接口
110008,易方达稳健收益债券B,2016-07-25,1.3459,1.9955,0.01,东方财富基金历史净值接口
110008,易方达稳健收益债券B,2016-07-26,1.3503,1.9999,0.33,东方财富基金历史净值接口
110008,易方达稳健收益债券B,2016-07-27,1.3467,1.9963,-0.27,东方财富基金历史净值接口
110008,易方达稳健收益债券B,2016-07-28,1.35,1.9996,0.25,东方财富基金历史净值接口
110008,易方达稳健收益债券B,2016-07-29,1.3502,1.9998,0.01,东方财富基金历史净值接口
110008,易方达稳健收益债券B,2016-08-01,1.348,1.9976,-0.16,东方财富基金历史净值接口
110008,易方达稳健收益债券B,2016-08-02,1.349,1.9986,0.07,东方财富基金历史净值接口
110008,易方达稳健收益债券B,2016-08-03,1.3513,2.0009,0.17,东方财富基金历史净值接口
110008,易方达稳健收益债券B,2016-08-04,1.3512,2.0008,-0.01,东方财富基金历史净值接口
110008,易方达稳健收益债券B,2016-08-05,1.3507,2.0003,-0.04,东方财富基金历史净值接口
110008,易方达稳健收益债券B,2016-08-08,1.353,2.0026,0.17,东方财富基金历史净值接口
110008,易方达稳健收益债券B,2016-08-09,1.3568,2.0064,0.28,东方财富基金历史净值接口
110008,易方达稳健收益债券B,2016-08-10,1.3566,2.0062,-0.01,东方财富基金历史净值接口
110008,易方达稳健收益债券B,2016-08-11,1.3554,2.005,-0.09,东方财富基金历史净值接口
110008,易方达稳健收益债券B,2016-08-12,1.3579,2.0075,0.18,东方财富基金历史净值接口
110008,易方达稳健收益债券B,2016-08-15,1.3632,2.0128,0.39,东方财富基金历史净值接口
110008,易方达稳健收益债券B,2016-08-16,1.3622,2.0118,-0.07,东方财富基金历史净值接口
110008,易方达稳健收益债券B,2016-08-17,1.3621,2.0117,-0.01,东方财富基金历史净值接口
110008,易方达稳健收益债券B,2016-08-18,1.3615,2.0111,-0.04,东方财富基金历史净值接口
110008,易方达稳健收益债券B,2016-08-19,1.3606,2.0102,-0.07,东方财富基金历史净值接口
110008,易方达稳健收益债券B,2016-08-22,1.3594,2.009,-0.09,东方财富基金历史净值接口
110008,易方达稳健收益债券B,2016-08-23,1.3591,2.0087,-0.02,东方财富基金历史净值接口
110008,易方达稳健收益债券B,2016-08-24,1.3576,2.0072,-0.11,东方财富基金历史净值接口
110008,易方达稳健收益债券B,2016-08-25,1.3566,2.0062,-0.07,东方财富基金历史净值接口
110008,易方达稳健收益债券B,2016-08-26,1.3565,2.0061,-0.01,东方财富基金历史净值接口
110008,易方达稳健收益债券B,2016-08-29,1.3564,2.006,-0.01,东方财富基金历史净值接口
110008,易方达稳健收益债券B,2016-08-30,1.3549,2.0045,-0.11,东方财富基金历史净值接口
110008,易方达稳健收益债券B,2016-08-31,1.356,2.0056,0.08,东方财富基金历史净值接口
110008,易方达稳健收益债券B,2016-09-01,1.3552,2.0048,-0.06,东方财富基金历史净值接口
110008,易方达稳健收益债券B,2016-09-02,1.3547,2.0043,-0.04,东方财富基金历史净值接口
110008,易方达稳健收益债券B,2016-09-05,1.3557,2.0053,0.07,东方财富基金历史净值接口
110008,易方达稳健收益债券B,2016-09-06,1.3573,2.0069,0.12,东方财富基金历史净值接口
110008,易方达稳健收益债券B,2016-09-07,1.3571,2.0067,-0.01,东方财富基金历史净值接口
110008,易方达稳健收益债券B,2016-09-08,1.3576,2.0072,0.04,东方财富基金历史净值接口
110008,易方达稳健收益债券B,2016-09-09,1.3565,2.0061,-0.08,东方财富基金历史净值接口
110008,易方达稳健收益债券B,2016-09-12,1.352,2.0016,-0.33,东方财富基金历史净值接口
110008,易方达稳健收益债券B,2016-09-13,1.3529,2.0025,0.07,东方财富基金历史净值接口
110008,易方达稳健收益债券B,2016-09-14,1.3514,2.001,-0.11,东方财富基金历史净值接口
110008,易方达稳健收益债券B,2016-09-19,1.3541,2.0037,0.2,东方财富基金历史净值接口
110008,易方达稳健收益债券B,2016-09-20,1.3536,2.0032,-0.04,东方财富基金历史净值接口
110008,易方达稳健收益债券B,2016-09-21,1.3539,2.0035,0.02,东方财富基金历史净值接口
110008,易方达稳健收益债券B,2016-09-22,1.3568,2.0064,0.21,东方财富基金历史净值接口
110008,易方达稳健收益债券B,2016-09-23,1.3592,2.0088,0.18,东方财富基金历史净值接口
110008,易方达稳健收益债券B,2016-09-26,1.3556,2.0052,-0.26,东方财富基金历史净值接口
110008,易方达稳健收益债券B,2016-09-27,1.3564,2.006,0.06,东方财富基金历史净值接口
110008,易方达稳健收益债券B,2016-09-28,1.3563,2.0059,-0.01,东方财富基金历史净值接口
110008,易方达稳健收益债券B,2016-09-29,1.3576,2.0072,0.1,东方财富基金历史净值接口
110008,易方达稳健收益债券B,2016-09-30,1.3587,2.0083,0.08,东方财富基金历史净值接口
110008,易方达稳健收益债券B,2016-10-10,1.364,2.0136,0.39,东方财富基金历史净值接口
110008,易方达稳健收益债券B,2016-10-11,1.3665,2.0161,0.18,东方财富基金历史净值接口
110008,易方达稳健收益债券B,2016-10-12,1.3649,2.0145,-0.12,东方财富基金历史净值接口
110008,易方达稳健收益债券B,2016-10-13,1.3642,2.0138,-0.05,东方财富基金历史净值接口
110008,易方达稳健收益债券B,2016-10-14,1.3653,2.0149,0.08,东方财富基金历史净值接口
110008,易方达稳健收益债券B,2016-10-17,1.3646,2.0142,-0.05,东方财富基金历史净值接口
110008,易方达稳健收益债券B,2016-10-18,1.3678,2.0174,0.23,东方财富基金历史净值接口
110008,易方达稳健收益债券B,2016-10-19,1.3673,2.0169,-0.04,东方财富基金历史净值接口
110008,易方达稳健收益债券B,2016-10-20,1.3676,2.0172,0.02,东方财富基金历史净值接口
110008,易方达稳健收益债券B,2016-10-21,1.3674,2.017,-0.01,东方财富基金历史净值接口
110008,易方达稳健收益债券B,2016-10-24,1.3691,2.0187,0.12,东方财富基金历史净值接口
110008,易方达稳健收益债券B,2016-10-25,1.3699,2.0195,0.06,东方财富基金历史净值接口
110008,易方达稳健收益债券B,2016-10-26,1.3681,2.0177,-0.13,东方财富基金历史净值接口
110008,易方达稳健收益债券B,2016-10-27,1.3675,2.0171,-0.04,东方财富基金历史净值接口
110008,易方达稳健收益债券B,2016-10-28,1.3671,2.0167,-0.03,东方财富基金历史净值接口
110008,易方达稳健收益债券B,2016-10-31,1.3673,2.0169,0.01,东方财富基金历史净值接口
110008,易方达稳健收益债券B,2016-11-01,1.3692,2.0188,0.14,东方财富基金历史净值接口
110008,易方达稳健收益债券B,2016-11-02,1.3681,2.0177,-0.08,东方财富基金历史净值接口
110008,易方达稳健收益债券B,2016-11-03,1.3692,2.0188,0.08,东方财富基金历史净值接口
110008,易方达稳健收益债券B,2016-11-04,1.3684,2.018,-0.06,东方财富基金历史净值接口
110008,易方达稳健收益债券B,2016-11-07,1.3685,2.0181,0.01,东方财富基金历史净值接口
110008,易方达稳健收益债券B,2016-11-08,1.37,2.0196,0.11,东方财富基金历史净值接口
110008,易方达稳健收益债券B,2016-11-09,1.3684,2.018,-0.12,东方财富基金历史净值接口
110008,易方达稳健收益债券B,2016-11-10,1.3704,2.02,0.15,东方财富基金历史净值接口
110008,易方达稳健收益债券B,2016-11-11,1.3709,2.0205,0.04,东方财富基金历史净值接口
110008,易方达稳健收益债券B,2016-11-14,1.3706,2.0202,-0.02,东方财富基金历史净值接口
110008,易方达稳健收益债券B,2016-11-15,1.3698,2.0194,-0.06,东方财富基金历史净值接口
110008,易方达稳健收益债券B,2016-11-16,1.3694,2.019,-0.03,东方财富基金历史净值接口
110008,易方达稳健收益债券B,2016-11-17,1.3685,2.0181,-0.07,东方财富基金历史净值接口
110008,易方达稳健收益债券B,2016-11-18,1.3675,2.0171,-0.07,东方财富基金历史净值接口
110008,易方达稳健收益债券B,2016-11-21,1.3686,2.0182,0.08,东方财富基金历史净值接口
110008,易方达稳健收益债券B,2016-11-22,1.3697,2.0193,0.08,东方财富基金历史净值接口
110008,易方达稳健收益债券B,2016-11-23,1.3704,2.02,0.05,东方财富基金历史净值接口
110008,易方达稳健收益债券B,2016-11-24,1.3718,2.0214,0.1,东方财富基金历史净值接口
110008,易方达稳健收益债券B,2016-11-25,1.3731,2.0227,0.09,东方财富基金历史净值接口
110008,易方达稳健收益债券B,2016-11-28,1.3746,2.0242,0.11,东方财富基金历史净值接口
110008,易方达稳健收益债券B,2016-11-29,1.3765,2.0261,0.14,东方财富基金历史净值接口
110008,易方达稳健收益债券B,2016-11-30,1.3713,2.0209,-0.38,东方财富基金历史净值接口
110008,易方达稳健收益债券B,2016-12-01,1.3715,2.0211,0.01,东方财富基金历史净值接口
110008,易方达稳健收益债券B,2016-12-02,1.3671,2.0167,-0.32,东方财富基金历史净值接口
110008,易方达稳健收益债券B,2016-12-05,1.3634,2.013,-0.27,东方财富基金历史净值接口
110008,易方达稳健收益债券B,2016-12-06,1.3607,2.0103,-0.2,东方财富基金历史净值接口
110008,易方达稳健收益债券B,2016-12-07,1.3616,2.0112,0.07,东方财富基金历史净值接口
110008,易方达稳健收益债券B,2016-12-08,1.3637,2.0133,0.15,东方财富基金历史净值接口
110008,易方达稳健收益债券B,2016-12-09,1.3658,2.0154,0.15,东方财富基金历史净值接口
110008,易方达稳健收益债券B,2016-12-12,1.3587,2.0083,-0.52,东方财富基金历史净值接口
110008,易方达稳健收益债券B,2016-12-13,1.3564,2.006,-0.17,东方财富基金历史净值接口
110008,易方达稳健收益债券B,2016-12-14,1.3513,2.0009,-0.38,东方财富基金历史净值接口
110008,易方达稳健收益债券B,2016-12-15,1.3415,1.9911,-0.73,东方财富基金历史净值接口
110008,易方达稳健收益债券B,2016-12-16,1.3404,1.99,-0.08,东方财富基金历史净值接口
110008,易方达稳健收益债券B,2016-12-19,1.3384,1.988,-0.15,东方财富基金历史净值接口
110008,易方达稳健收益债券B,2016-12-20,1.3327,1.9823,-0.43,东方财富基金历史净值接口
110008,易方达稳健收益债券B,2016-12-21,1.3349,1.9845,0.17,东方财富基金历史净值接口
110008,易方达稳健收益债券B,2016-12-22,1.3367,1.9863,0.13,东方财富基金历史净值接口
110008,易方达稳健收益债券B,2016-12-23,1.3371,1.9867,0.03,东方财富基金历史净值接口
110008,易方达稳健收益债券B,2016-12-26,1.3389,1.9885,0.13,东方财富基金历史净值接口
110008,易方达稳健收益债券B,2016-12-27,1.3397,1.9893,0.06,东方财富基金历史净值接口
110008,易方达稳健收益债券B,2016-12-28,1.3392,1.9888,-0.04,东方财富基金历史净值接口
110008,易方达稳健收益债券B,2016-12-29,1.3406,1.9902,0.1,东方财富基金历史净值接口
110008,易方达稳健收益债券B,2016-12-30,1.3437,1.9933,0.23,东方财富基金历史净值接口
110008,易方达稳健收益债券B,2016-12-31,1.3438,1.9934,0.01,东方财富基金历史净值接口
110008,易方达稳健收益债券B,2017-01-03,1.3481,1.9977,0.33,东方财富基金历史净值接口
110008,易方达稳健收益债券B,2017-01-04,1.3526,2.0022,0.33,东方财富基金历史净值接口
110008,易方达稳健收益债券B,2017-01-05,1.353,2.0026,0.03,东方财富基金历史净值接口
110008,易方达稳健收益债券B,2017-01-06,1.3519,2.0015,-0.08,东方财富基金历史净值接口
110008,易方达稳健收益债券B,2017-01-09,1.3544,2.004,0.18,东方财富基金历史净值接口
110008,易方达稳健收益债券B,2017-01-10,1.3553,2.0049,0.07,东方财富基金历史净值接口
110008,易方达稳健收益债券B,2017-01-11,1.3534,2.003,-0.14,东方财富基金历史净值接口
110008,易方达稳健收益债券B,2017-01-12,1.2575,2.0021,-0.07,东方财富基金历史净值接口
110008,易方达稳健收益债券B,2017-01-13,1.258,2.0026,0.04,东方财富基金历史净值接口
110008,易方达稳健收益债券B,2017-01-16,1.2588,2.0034,0.06,东方财富基金历史净值接口
110008,易方达稳健收益债券B,2017-01-17,1.2591,2.0037,0.02,东方财富基金历史净值接口
110008,易方达稳健收益债券B,2017-01-18,1.2596,2.0042,0.04,东方财富基金历史净值接口
110008,易方达稳健收益债券B,2017-01-19,1.2583,2.0029,-0.1,东方财富基金历史净值接口
110008,易方达稳健收益债券B,2017-01-20,1.2594,2.004,0.09,东方财富基金历史净值接口
110008,易方达稳健收益债券B,2017-01-23,1.2591,2.0037,-0.02,东方财富基金历史净值接口
110008,易方达稳健收益债券B,2017-01-24,1.2595,2.0041,0.03,东方财富基金历史净值接口
110008,易方达稳健收益债券B,2017-01-25,1.2596,2.0042,0.01,东方财富基金历史净值接口
110008,易方达稳健收益债券B,2017-01-26,1.26,2.0046,0.03,东方财富基金历史净值接口
110008,易方达稳健收益债券B,2017-02-03,1.2588,2.0034,-0.1,东方财富基金历史净值接口
110008,易方达稳健收益债券B,2017-02-06,1.2582,2.0028,-0.05,东方财富基金历史净值接口
110008,易方达稳健收益债券B,2017-02-07,1.2566,2.0012,-0.13,东方财富基金历史净值接口
110008,易方达稳健收益债券B,2017-02-08,1.256,2.0006,-0.05,东方财富基金历史净值接口
110008,易方达稳健收益债券B,2017-02-09,1.2567,2.0013,0.06,东方财富基金历史净值接口
110008,易方达稳健收益债券B,2017-02-10,1.2576,2.0022,0.07,东方财富基金历史净值接口
110008,易方达稳健收益债券B,2017-02-13,1.2599,2.0045,0.18,东方财富基金历史净值接口
110008,易方达稳健收益债券B,2017-02-14,1.2598,2.0044,-0.01,东方财富基金历史净值接口
110008,易方达稳健收益债券B,2017-02-15,1.2588,2.0034,-0.08,东方财富基金历史净值接口
110008,易方达稳健收益债券B,2017-02-16,1.2599,2.0045,0.09,东方财富基金历史净值接口
110008,易方达稳健收益债券B,2017-02-17,1.2591,2.0037,-0.06,东方财富基金历史净值接口
110008,易方达稳健收益债券B,2017-02-20,1.2646,2.0092,0.44,东方财富基金历史净值接口
110008,易方达稳健收益债券B,2017-02-21,1.2648,2.0094,0.02,东方财富基金历史净值接口
110008,易方达稳健收益债券B,2017-02-22,1.2663,2.0109,0.12,东方财富基金历史净值接口
110008,易方达稳健收益债券B,2017-02-23,1.2657,2.0103,-0.05,东方财富基金历史净值接口
110008,易方达稳健收益债券B,2017-02-24,1.2656,2.0102,-0.01,东方财富基金历史净值接口
110008,易方达稳健收益债券B,2017-02-27,1.2649,2.0095,-0.06,东方财富基金历史净值接口
110008,易方达稳健收益债券B,2017-02-28,1.2652,2.0098,0.02,东方财富基金历史净值接口
110008,易方达稳健收益债券B,2017-03-01,1.2655,2.0101,0.02,东方财富基金历史净值接口
110008,易方达稳健收益债券B,2017-03-02,1.2636,2.0082,-0.15,东方财富基金历史净值接口
110008,易方达稳健收益债券B,2017-03-03,1.2639,2.0085,0.02,东方财富基金历史净值接口
110008,易方达稳健收益债券B,2017-03-06,1.2657,2.0103,0.14,东方财富基金历史净值接口
110008,易方达稳健收益债券B,2017-03-07,1.2661,2.0107,0.03,东方财富基金历史净值接口
110008,易方达稳健收益债券B,2017-03-08,1.2653,2.0099,-0.06,东方财富基金历史净值接口
110008,易方达稳健收益债券B,2017-03-09,1.264,2.0086,-0.1,东方财富基金历史净值接口
110008,易方达稳健收益债券B,2017-03-10,1.2648,2.0094,0.06,东方财富基金历史净值接口
110008,易方达稳健收益债券B,2017-03-13,1.2661,2.0107,0.1,东方财富基金历史净值接口
110008,易方达稳健收益债券B,2017-03-14,1.267,2.0116,0.07,东方财富基金历史净值接口
110008,易方达稳健收益债券B,2017-03-15,1.2674,2.012,0.03,东方财富基金历史净值接口
110008,易方达稳健收益债券B,2017-03-16,1.269,2.0136,0.13,东方财富基金历史净值接口
110008,易方达稳健收益债券B,2017-03-17,1.2667,2.0113,-0.18,东方财富基金历史净值接口
110008,易方达稳健收益债券B,2017-03-20,1.2677,2.0123,0.08,东方财富基金历史净值接口
110008,易方达稳健收益债券B,2017-03-21,1.269,2.0136,0.1,东方财富基金历史净值接口
110008,易方达稳健收益债券B,2017-03-22,1.2692,2.0138,0.02,东方财富基金历史净值接口
110008,易方达稳健收益债券B,2017-03-23,1.2696,2.0142,0.03,东方财富基金历史净值接口
110008,易方达稳健收益债券B,2017-03-24,1.2735,2.0181,0.31,东方财富基金历史净值接口
110008,易方达稳健收益债券B,2017-03-27,1.2728,2.0174,-0.06,东方财富基金历史净值接口
110008,易方达稳健收益债券B,2017-03-28,1.2717,2.0163,-0.09,东方财富基金历史净值接口
110008,易方达稳健收益债券B,2017-03-29,1.2715,2.0161,-0.02,东方财富基金历史净值接口
110008,易方达稳健收益债券B,2017-03-30,1.269,2.0136,-0.2,东方财富基金历史净值接口
110008,易方达稳健收益债券B,2017-03-31,1.2703,2.0149,0.1,东方财富基金历史净值接口
110008,易方达稳健收益债券B,2017-04-05,1.2739,2.0185,0.28,东方财富基金历史净值接口
110008,易方达稳健收益债券B,2017-04-06,1.2759,2.0205,0.16,东方财富基金历史净值接口
110008,易方达稳健收益债券B,2017-04-07,1.2764,2.021,0.04,东方财富基金历史净值接口
110008,易方达稳健收益债券B,2017-04-10,1.277,2.0216,0.05,东方财富基金历史净值接口
110008,易方达稳健收益债券B,2017-04-11,1.2767,2.0213,-0.02,东方财富基金历史净值接口
110008,易方达稳健收益债券B,2017-04-12,1.274,2.0186,-0.21,东方财富基金历史净值接口
110008,易方达稳健收益债券B,2017-04-13,1.2754,2.02,0.11,东方财富基金历史净值接口
110008,易方达稳健收益债券B,2017-04-14,1.2726,2.0172,-0.22,东方财富基金历史净值接口
110008,易方达稳健收益债券B,2017-04-17,1.2704,2.015,-0.17,东方财富基金历史净值接口
110008,易方达稳健收益债券B,2017-04-18,1.2703,2.0149,-0.01,东方财富基金历史净值接口
110008,易方达稳健收益债券B,2017-04-19,1.2695,2.0141,-0.06,东方财富基金历史净值接口
110008,易方达稳健收益债券B,2017-04-20,1.2695,2.0141,0.0,东方财富基金历史净值接口
110008,易方达稳健收益债券B,2017-04-21,1.2687,2.0133,-0.06,东方财富基金历史净值接口
110008,易方达稳健收益债券B,2017-04-24,1.2647,2.0093,-0.32,东方财富基金历史净值接口
110008,易方达稳健收益债券B,2017-04-25,1.2666,2.0112,0.15,东方财富基金历史净值接口
110008,易方达稳健收益债券B,2017-04-26,1.2659,2.0105,-0.06,东方财富基金历史净值接口
110008,易方达稳健收益债券B,2017-04-27,1.2658,2.0104,-0.01,东方财富基金历史净值接口
110008,易方达稳健收益债券B,2017-04-28,1.2646,2.0092,-0.09,东方财富基金历史净值接口
110008,易方达稳健收益债券B,2017-05-02,1.2647,2.0093,0.01,东方财富基金历史净值接口
110008,易方达稳健收益债券B,2017-05-03,1.265,2.0096,0.02,东方财富基金历史净值接口
110008,易方达稳健收益债券B,2017-05-04,1.2631,2.0077,-0.15,东方财富基金历史净值接口
110008,易方达稳健收益债券B,2017-05-05,1.2613,2.0059,-0.14,东方财富基金历史净值接口
110008,易方达稳健收益债券B,2017-05-08,1.258,2.0026,-0.26,东方财富基金历史净值接口
110008,易方达稳健收益债券B,2017-05-09,1.2568,2.0014,-0.1,东方财富基金历史净值接口
110008,易方达稳健收益债券B,2017-05-10,1.2533,1.9979,-0.28,东方财富基金历史净值接口
110008,易方达稳健收益债券B,2017-05-11,1.2545,1.9991,0.1,东方财富基金历史净值接口
110008,易方达稳健收益债券B,2017-05-12,1.255,1.9996,0.04,东方财富基金历史净值接口
110008,易方达稳健收益债券B,2017-05-15,1.2568,2.0014,0.14,东方财富基金历史净值接口
110008,易方达稳健收益债券B,2017-05-16,1.2575,2.0021,0.06,东方财富基金历史净值接口
110008,易方达稳健收益债券B,2017-05-17,1.2563,2.0009,-0.1,东方财富基金历史净值接口
110008,易方达稳健收益债券B,2017-05-18,1.2565,2.0011,0.02,东方财富基金历史净值接口
110008,易方达稳健收益债券B,2017-05-19,1.2571,2.0017,0.05,东方财富基金历史净值接口
110008,易方达稳健收益债券B,2017-05-22,1.2563,2.0009,-0.06,东方财富基金历史净值接口
110008,易方达稳健收益债券B,2017-05-23,1.2558,2.0004,-0.04,东方财富基金历史净值接口
110008,易方达稳健收益债券B,2017-05-24,1.2557,2.0003,-0.01,东方财富基金历史净值接口
110008,易方达稳健收益债券B,2017-05-25,1.2576,2.0022,0.15,东方财富基金历史净值接口
110008,易方达稳健收益债券B,2017-05-26,1.2588,2.0034,0.1,东方财富基金历史净值接口
110008,易方达稳健收益债券B,2017-05-31,1.2607,2.0053,0.15,东方财富基金历史净值接口
110008,易方达稳健收益债券B,2017-06-01,1.2606,2.0052,-0.01,东方财富基金历史净值接口
110008,易方达稳健收益债券B,2017-06-02,1.2612,2.0058,0.05,东方财富基金历史净值接口
110008,易方达稳健收益债券B,2017-06-05,1.2615,2.0061,0.02,东方财富基金历史净值接口
110008,易方达稳健收益债券B,2017-06-06,1.2641,2.0087,0.21,东方财富基金历史净值接口
110008,易方达稳健收益债券B,2017-06-07,1.2666,2.0112,0.2,东方财富基金历史净值接口
110008,易方达稳健收益债券B,2017-06-08,1.2691,2.0137,0.2,东方财富基金历史净值接口
110008,易方达稳健收益债券B,2017-06-09,1.2703,2.0149,0.09,东方财富基金历史净值接口
110008,易方达稳健收益债券B,2017-06-12,1.2722,2.0168,0.15,东方财富基金历史净值接口
110008,易方达稳健收益债券B,2017-06-13,1.275,2.0196,0.22,东方财富基金历史净值接口
110008,易方达稳健收益债券B,2017-06-14,1.2741,2.0187,-0.07,东方财富基金历史净值接口
110008,易方达稳健收益债券B,2017-06-15,1.275,2.0196,0.07,东方财富基金历史净值接口
110008,易方达稳健收益债券B,2017-06-16,1.2747,2.0193,-0.02,东方财富基金历史净值接口
110008,易方达稳健收益债券B,2017-06-19,1.2802,2.0248,0.43,东方财富基金历史净值接口
110008,易方达稳健收益债券B,2017-06-20,1.2812,2.0258,0.08,东方财富基金历史净值接口
110008,易方达稳健收益债券B,2017-06-21,1.2847,2.0293,0.27,东方财富基金历史净值接口
110008,易方达稳健收益债券B,2017-06-22,1.2836,2.0282,-0.09,东方财富基金历史净值接口
110008,易方达稳健收益债券B,2017-06-23,1.2852,2.0298,0.12,东方财富基金历史净值接口
110008,易方达稳健收益债券B,2017-06-26,1.2889,2.0335,0.29,东方财富基金历史净值接口
110008,易方达稳健收益债券B,2017-06-27,1.2908,2.0354,0.15,东方财富基金历史净值接口
110008,易方达稳健收益债券B,2017-06-28,1.2892,2.0338,-0.12,东方财富基金历史净值接口
110008,易方达稳健收益债券B,2017-06-29,1.2901,2.0347,0.07,东方财富基金历史净值接口
110008,易方达稳健收益债券B,2017-06-30,1.2908,2.0354,0.05,东方财富基金历史净值接口
110008,易方达稳健收益债券B,2017-07-03,1.2909,2.0355,0.01,东方财富基金历史净值接口
110008,易方达稳健收益债券B,2017-07-04,1.2899,2.0345,-0.08,东方财富基金历史净值接口
110008,易方达稳健收益债券B,2017-07-05,1.2929,2.0375,0.23,东方财富基金历史净值接口
110008,易方达稳健收益债券B,2017-07-06,1.2947,2.0393,0.14,东方财富基金历史净值接口
110008,易方达稳健收益债券B,2017-07-07,1.2943,2.0389,-0.03,东方财富基金历史净值接口
110008,易方达稳健收益债券B,2017-07-10,1.2944,2.039,0.01,东方财富基金历史净值接口
110008,易方达稳健收益债券B,2017-07-11,1.2951,2.0397,0.05,东方财富基金历史净值接口
110008,易方达稳健收益债券B,2017-07-12,1.2949,2.0395,-0.02,东方财富基金历史净值接口
110008,易方达稳健收益债券B,2017-07-13,1.2957,2.0403,0.06,东方财富基金历史净值接口
110008,易方达稳健收益债券B,2017-07-14,1.2975,2.0421,0.14,东方财富基金历史净值接口
110008,易方达稳健收益债券B,2017-07-17,1.297,2.0416,-0.04,东方财富基金历史净值接口
110008,易方达稳健收益债券B,2017-07-18,1.2964,2.041,-0.05,东方财富基金历史净值接口
110008,易方达稳健收益债券B,2017-07-19,1.299,2.0436,0.2,东方财富基金历史净值接口
110008,易方达稳健收益债券B,2017-07-20,1.3005,2.0451,0.12,东方财富基金历史净值接口
110008,易方达稳健收益债券B,2017-07-21,1.3006,2.0452,0.01,东方财富基金历史净值接口
110008,易方达稳健收益债券B,2017-07-24,1.3013,2.0459,0.05,东方财富基金历史净值接口
110008,易方达稳健收益债券B,2017-07-25,1.2998,2.0444,-0.12,东方财富基金历史净值接口
110008,易方达稳健收益债券B,2017-07-26,1.299,2.0436,-0.06,东方财富基金历史净值接口
110008,易方达稳健收益债券B,2017-07-27,1.2997,2.0443,0.05,东方财富基金历史净值接口
110008,易方达稳健收益债券B,2017-07-28,1.3006,2.0452,0.07,东方财富基金历史净值接口
110008,易方达稳健收益债券B,2017-07-31,1.3028,2.0474,0.17,东方财富基金历史净值接口
110008,易方达稳健收益债券B,2017-08-01,1.3029,2.0475,0.01,东方财富基金历史净值接口
110008,易方达稳健收益债券B,2017-08-02,1.302,2.0466,-0.07,东方财富基金历史净值接口
110008,易方达稳健收益债券B,2017-08-03,1.3019,2.0465,-0.01,东方财富基金历史净值接口
110008,易方达稳健收益债券B,2017-08-04,1.3008,2.0454,-0.08,东方财富基金历史净值接口
110008,易方达稳健收益债券B,2017-08-07,1.301,2.0456,0.02,东方财富基金历史净值接口
110008,易方达稳健收益债券B,2017-08-08,1.3002,2.0448,-0.06,东方财富基金历史净值接口
110008,易方达稳健收益债券B,2017-08-09,1.3006,2.0452,0.03,东方财富基金历史净值接口
110008,易方达稳健收益债券B,2017-08-10,1.301,2.0456,0.03,东方财富基金历史净值接口
110008,易方达稳健收益债券B,2017-08-11,1.2996,2.0442,-0.11,东方财富基金历史净值接口
110008,易方达稳健收益债券B,2017-08-14,1.3017,2.0463,0.16,东方财富基金历史净值接口
110008,易方达稳健收益债券B,2017-08-15,1.3025,2.0471,0.06,东方财富基金历史净值接口
110008,易方达稳健收益债券B,2017-08-16,1.3013,2.0459,-0.09,东方财富基金历史净值接口
110008,易方达稳健收益债券B,2017-08-17,1.3028,2.0474,0.12,东方财富基金历史净值接口
110008,易方达稳健收益债券B,2017-08-18,1.304,2.0486,0.09,东方财富基金历史净值接口
110008,易方达稳健收益债券B,2017-08-21,1.3042,2.0488,0.02,东方财富基金历史净值接口
110008,易方达稳健收益债券B,2017-08-22,1.3029,2.0475,-0.1,东方财富基金历史净值接口
110008,易方达稳健收益债券B,2017-08-23,1.302,2.0466,-0.07,东方财富基金历史净值接口
110008,易方达稳健收益债券B,2017-08-24,1.3014,2.046,-0.05,东方财富基金历史净值接口
110008,易方达稳健收益债券B,2017-08-25,1.3019,2.0465,0.04,东方财富基金历史净值接口
110008,易方达稳健收益债券B,2017-08-28,1.303,2.0476,0.08,东方财富基金历史净值接口
110008,易方达稳健收益债券B,2017-08-29,1.3029,2.0475,-0.01,东方财富基金历史净值接口
110008,易方达稳健收益债券B,2017-08-30,1.3026,2.0472,-0.02,东方财富基金历史净值接口
110008,易方达稳健收益债券B,2017-08-31,1.3022,2.0468,-0.03,东方财富基金历史净值接口
110008,易方达稳健收益债券B,2017-09-01,1.3026,2.0472,0.03,东方财富基金历史净值接口
110008,易方达稳健收益债券B,2017-09-04,1.304,2.0486,0.11,东方财富基金历史净值接口
110008,易方达稳健收益债券B,2017-09-05,1.3039,2.0485,-0.01,东方财富基金历史净值接口
110008,易方达稳健收益债券B,2017-09-06,1.3043,2.0489,0.03,东方财富基金历史净值接口
110008,易方达稳健收益债券B,2017-09-07,1.3041,2.0487,-0.02,东方财富基金历史净值接口
110008,易方达稳健收益债券B,2017-09-08,1.3061,2.0507,0.15,东方财富基金历史净值接口
110008,易方达稳健收益债券B,2017-09-11,1.3092,2.0538,0.24,东方财富基金历史净值接口
110008,易方达稳健收益债券B,2017-09-12,1.3101,2.0547,0.07,东方财富基金历史净值接口
110008,易方达稳健收益债券B,2017-09-13,1.312,2.0566,0.15,东方财富基金历史净值接口
110008,易方达稳健收益债券B,2017-09-14,1.3133,2.0579,0.1,东方财富基金历史净值接口
110008,易方达稳健收益债券B,2017-09-15,1.3136,2.0582,0.02,东方财富基金历史净值接口
110008,易方达稳健收益债券B,2017-09-18,1.314,2.0586,0.03,东方财富基金历史净值接口
110008,易方达稳健收益债券B,2017-09-19,1.315,2.0596,0.08,东方财富基金历史净值接口
110008,易方达稳健收益债券B,2017-09-20,1.3161,2.0607,0.08,东方财富基金历史净值接口
110008,易方达稳健收益债券B,2017-09-21,1.315,2.0596,-0.08,东方财富基金历史净值接口
110008,易方达稳健收益债券B,2017-09-22,1.3151,2.0597,0.01,东方财富基金历史净值接口
110008,易方达稳健收益债券B,2017-09-25,1.3155,2.0601,0.03,东方财富基金历史净值接口
110008,易方达稳健收益债券B,2017-09-26,1.3147,2.0593,-0.06,东方财富基金历史净值接口
110008,易方达稳健收益债券B,2017-09-27,1.3146,2.0592,-0.01,东方财富基金历史净值接口
110008,易方达稳健收益债券B,2017-09-28,1.3168,2.0614,0.17,东方财富基金历史净值接口
110008,易方达稳健收益债券B,2017-09-29,1.3176,2.0622,0.06,东方财富基金历史净值接口
110008,易方达稳健收益债券B,2017-10-09,1.3197,2.0643,0.16,东方财富基金历史净值接口
110008,易方达稳健收益债券B,2017-10-10,1.3195,2.0641,-0.02,东方财富基金历史净值接口
110008,易方达稳健收益债券B,2017-10-11,1.3202,2.0648,0.05,东方财富基金历史净值接口
110008,易方达稳健收益债券B,2017-10-12,1.3192,2.0638,-0.08,东方财富基金历史净值接口
110008,易方达稳健收益债券B,2017-10-13,1.3197,2.0643,0.04,东方财富基金历史净值接口
110008,易方达稳健收益债券B,2017-10-16,1.3174,2.062,-0.17,东方财富基金历史净值接口
110008,易方达稳健收益债券B,2017-10-17,1.3165,2.0611,-0.07,东方财富基金历史净值接口
110008,易方达稳健收益债券B,2017-10-18,1.3172,2.0618,0.05,东方财富基金历史净值接口
110008,易方达稳健收益债券B,2017-10-19,1.3184,2.063,0.09,东方财富基金历史净值接口
110008,易方达稳健收益债券B,2017-10-20,1.3182,2.0628,-0.02,东方财富基金历史净值接口
110008,易方达稳健收益债券B,2017-10-23,1.3189,2.0635,0.05,东方财富基金历史净值接口
110008,易方达稳健收益债券B,2017-10-24,1.3203,2.0649,0.11,东方财富基金历史净值接口
110008,易方达稳健收益债券B,2017-10-25,1.3199,2.0645,-0.03,东方财富基金历史净值接口
110008,易方达稳健收益债券B,2017-10-26,1.3211,2.0657,0.09,东方财富基金历史净值接口
110008,易方达稳健收益债券B,2017-10-27,1.3206,2.0652,-0.04,东方财富基金历史净值接口
110008,易方达稳健收益债券B,2017-10-30,1.3158,2.0604,-0.36,东方财富基金历史净值接口
110008,易方达稳健收益债券B,2017-10-31,1.3163,2.0609,0.04,东方财富基金历史净值接口
110008,易方达稳健收益债券B,2017-11-01,1.3173,2.0619,0.08,东方财富基金历史净值接口
110008,易方达稳健收益债券B,2017-11-02,1.3163,2.0609,-0.08,东方财富基金历史净值接口
110008,易方达稳健收益债券B,2017-11-03,1.3164,2.061,0.01,东方财富基金历史净值接口
110008,易方达稳健收益债券B,2017-11-06,1.3192,2.0638,0.21,东方财富基金历史净值接口
110008,易方达稳健收益债券B,2017-11-07,1.3189,2.0635,-0.02,东方财富基金历史净值接口
110008,易方达稳健收益债券B,2017-11-08,1.3179,2.0625,-0.08,东方财富基金历史净值接口
110008,易方达稳健收益债券B,2017-11-09,1.3186,2.0632,0.05,东方财富基金历史净值接口
110008,易方达稳健收益债券B,2017-11-10,1.3226,2.0672,0.3,东方财富基金历史净值接口
110008,易方达稳健收益债券B,2017-11-13,1.321,2.0656,-0.12,东方财富基金历史净值接口
110008,易方达稳健收益债券B,2017-11-14,1.3165,2.0611,-0.34,东方财富基金历史净值接口
110008,易方达稳健收益债券B,2017-11-15,1.3144,2.059,-0.16,东方财富基金历史净值接口
110008,易方达稳健收益债券B,2017-11-16,1.3186,2.0632,0.32,东方财富基金历史净值接口
110008,易方达稳健收益债券B,2017-11-17,1.3158,2.0604,-0.21,东方财富基金历史净值接口
110008,易方达稳健收益债券B,2017-11-20,1.3193,2.0639,0.27,东方财富基金历史净值接口
110008,易方达稳健收益债券B,2017-11-21,1.3193,2.0639,0.0,东方财富基金历史净值接口
110008,易方达稳健收益债券B,2017-11-22,1.3126,2.0572,-0.51,东方财富基金历史净值接口
110008,易方达稳健收益债券B,2017-11-23,1.3035,2.0481,-0.69,东方财富基金历史净值接口
110008,易方达稳健收益债券B,2017-11-24,1.3047,2.0493,0.09,东方财富基金历史净值接口
110008,易方达稳健收益债券B,2017-11-27,1.301,2.0456,-0.28,东方财富基金历史净值接口
110008,易方达稳健收益债券B,2017-11-28,1.3014,2.046,0.03,东方财富基金历史净值接口
110008,易方达稳健收益债券B,2017-11-29,1.3027,2.0473,0.1,东方财富基金历史净值接口
110008,易方达稳健收益债券B,2017-11-30,1.298,2.0426,-0.36,东方财富基金历史净值接口
110008,易方达稳健收益债券B,2017-12-01,1.3003,2.0449,0.18,东方财富基金历史净值接口
110008,易方达稳健收益债券B,2017-12-04,1.3039,2.0485,0.28,东方财富基金历史净值接口
110008,易方达稳健收益债券B,2017-12-05,1.3031,2.0477,-0.06,东方财富基金历史净值接口
110008,易方达稳健收益债券B,2017-12-06,1.3024,2.047,-0.05,东方财富基金历史净值接口
110008,易方达稳健收益债券B,2017-12-07,1.3025,2.0471,0.01,东方财富基金历史净值接口
110008,易方达稳健收益债券B,2017-12-08,1.3034,2.048,0.07,东方财富基金历史净值接口
110008,易方达稳健收益债券B,2017-12-11,1.3058,2.0504,0.18,东方财富基金历史净值接口
110008,易方达稳健收益债券B,2017-12-12,1.3023,2.0469,-0.27,东方财富基金历史净值接口
110008,易方达稳健收益债券B,2017-12-13,1.3055,2.0501,0.25,东方财富基金历史净值接口
110008,易方达稳健收益债券B,2017-12-14,1.3064,2.051,0.07,东方财富基金历史净值接口
110008,易方达稳健收益债券B,2017-12-15,1.3056,2.0502,-0.06,东方财富基金历史净值接口
110008,易方达稳健收益债券B,2017-12-18,1.3042,2.0488,-0.11,东方财富基金历史净值接口
110008,易方达稳健收益债券B,2017-12-19,1.3071,2.0517,0.22,东方财富基金历史净值接口
110008,易方达稳健收益债券B,2017-12-20,1.3067,2.0513,-0.03,东方财富基金历史净值接口
110008,易方达稳健收益债券B,2017-12-21,1.3095,2.0541,0.21,东方财富基金历史净值接口
110008,易方达稳健收益债券B,2017-12-22,1.3138,2.0584,0.33,东方财富基金历史净值接口
110008,易方达稳健收益债券B,2017-12-25,1.3127,2.0573,-0.08,东方财富基金历史净值接口
110008,易方达稳健收益债券B,2017-12-26,1.3118,2.0564,-0.07,东方财富基金历史净值接口
110008,易方达稳健收益债券B,2017-12-27,1.3075,2.0521,-0.33,东方财富基金历史净值接口
110008,易方达稳健收益债券B,2017-12-28,1.3086,2.0532,0.08,东方财富基金历史净值接口
110008,易方达稳健收益债券B,2017-12-29,1.3105,2.0551,0.15,东方财富基金历史净值接口
110008,易方达稳健收益债券B,2017-12-31,1.3101,2.0547,,东方财富基金历史净值接口
110008,易方达稳健收益债券B,2018-01-02,1.3101,2.0547,-0.03,东方财富基金历史净值接口
110008,易方达稳健收益债券B,2018-01-03,1.313,2.0576,0.22,东方财富基金历史净值接口
110008,易方达稳健收益债券B,2018-01-04,1.312,2.0566,-0.08,东方财富基金历史净值接口
110008,易方达稳健收益债券B,2018-01-05,1.312,2.0566,0.0,东方财富基金历史净值接口
110008,易方达稳健收益债券B,2018-01-08,1.3117,2.0563,-0.02,东方财富基金历史净值接口
110008,易方达稳健收益债券B,2018-01-09,1.3125,2.0571,0.06,东方财富基金历史净值接口
110008,易方达稳健收益债券B,2018-01-10,1.3096,2.0542,-0.22,东方财富基金历史净值接口
110008,易方达稳健收益债券B,2018-01-11,1.3075,2.0521,-0.16,东方财富基金历史净值接口
110008,易方达稳健收益债券B,2018-01-12,1.2449,2.0545,0.18,东方财富基金历史净值接口
110008,易方达稳健收益债券B,2018-01-15,1.2423,2.0519,-0.21,东方财富基金历史净值接口
110008,易方达稳健收益债券B,2018-01-16,1.2424,2.052,0.01,东方财富基金历史净值接口
110008,易方达稳健收益债券B,2018-01-17,1.2396,2.0492,-0.23,东方财富基金历史净值接口
110008,易方达稳健收益债券B,2018-01-18,1.2397,2.0493,0.01,东方财富基金历史净值接口
110008,易方达稳健收益债券B,2018-01-19,1.2404,2.05,0.06,东方财富基金历史净值接口
110008,易方达稳健收益债券B,2018-01-22,1.2447,2.0543,0.35,东方财富基金历史净值接口
110008,易方达稳健收益债券B,2018-01-23,1.2478,2.0574,0.25,东方财富基金历史净值接口
110008,易方达稳健收益债券B,2018-01-24,1.2487,2.0583,0.07,东方财富基金历史净值接口
110008,易方达稳健收益债券B,2018-01-25,1.2483,2.0579,-0.03,东方财富基金历史净值接口
110008,易方达稳健收益债券B,2018-01-26,1.2496,2.0592,0.1,东方财富基金历史净值接口
110008,易方达稳健收益债券B,2018-01-29,1.2458,2.0554,-0.3,东方财富基金历史净值接口
110008,易方达稳健收益债券B,2018-01-30,1.2458,2.0554,0.0,东方财富基金历史净值接口
110008,易方达稳健收益债券B,2018-01-31,1.2471,2.0567,0.1,东方财富基金历史净值接口
110008,易方达稳健收益债券B,2018-02-01,1.2452,2.0548,-0.15,东方财富基金历史净值接口
110008,易方达稳健收益债券B,2018-02-02,1.2464,2.056,0.1,东方财富基金历史净值接口
110008,易方达稳健收益债券B,2018-02-05,1.2445,2.0541,-0.15,东方财富基金历史净值接口
110008,易方达稳健收益债券B,2018-02-06,1.2403,2.0499,-0.34,东方财富基金历史净值接口
110008,易方达稳健收益债券B,2018-02-07,1.2358,2.0454,-0.36,东方财富基金历史净值接口
110008,易方达稳健收益债券B,2018-02-08,1.2347,2.0443,-0.09,东方财富基金历史净值接口
110008,易方达稳健收益债券B,2018-02-09,1.2288,2.0384,-0.48,东方财富基金历史净值接口
110008,易方达稳健收益债券B,2018-02-12,1.2335,2.0431,0.38,东方财富基金历史净值接口
110008,易方达稳健收益债券B,2018-02-13,1.2358,2.0454,0.19,东方财富基金历史净值接口
110008,易方达稳健收益债券B,2018-02-14,1.2377,2.0473,0.15,东方财富基金历史净值接口
110008,易方达稳健收益债券B,2018-02-22,1.2425,2.0521,0.39,东方财富基金历史净值接口
110008,易方达稳健收益债券B,2018-02-23,1.2422,2.0518,-0.02,东方财富基金历史净值接口
110008,易方达稳健收益债券B,2018-02-26,1.2479,2.0575,0.46,东方财富基金历史净值接口
110008,易方达稳健收益债券B,2018-02-27,1.2471,2.0567,-0.06,东方财富基金历史净值接口
110008,易方达稳健收益债券B,2018-02-28,1.2458,2.0554,-0.1,东方财富基金历史净值接口
110008,易方达稳健收益债券B,2018-03-01,1.2485,2.0581,0.22,东方财富基金历史净值接口
110008,易方达稳健收益债券B,2018-03-02,1.2456,2.0552,-0.23,东方财富基金历史净值接口
110008,易方达稳健收益债券B,2018-03-05,1.2456,2.0552,0.0,东方财富基金历史净值接口
110008,易方达稳健收益债券B,2018-03-06,1.2496,2.0592,0.32,东方财富基金历史净值接口
110008,易方达稳健收益债券B,2018-03-07,1.249,2.0586,-0.05,东方财富基金历史净值接口
110008,易方达稳健收益债券B,2018-03-08,1.251,2.0606,0.16,东方财富基金历史净值接口
110008,易方达稳健收益债券B,2018-03-09,1.2517,2.0613,0.06,东方财富基金历史净值接口
110008,易方达稳健收益债券B,2018-03-12,1.2551,2.0647,0.27,东方财富基金历史净值接口
110008,易方达稳健收益债券B,2018-03-13,1.2527,2.0623,-0.19,东方财富基金历史净值接口
110008,易方达稳健收益债券B,2018-03-14,1.2525,2.0621,-0.02,东方财富基金历史净值接口
110008,易方达稳健收益债券B,2018-03-15,1.2529,2.0625,0.03,东方财富基金历史净值接口
110008,易方达稳健收益债券B,2018-03-16,1.2525,2.0621,-0.03,东方财富基金历史净值接口
110008,易方达稳健收益债券B,2018-03-19,1.2533,2.0629,0.06,东方财富基金历史净值接口
110008,易方达稳健收益债券B,2018-03-20,1.2545,2.0641,0.1,东方财富基金历史净值接口
110008,易方达稳健收益债券B,2018-03-21,1.2551,2.0647,0.05,东方财富基金历史净值接口
110008,易方达稳健收益债券B,2018-03-22,1.255,2.0646,-0.01,东方财富基金历史净值接口
110008,易方达稳健收益债券B,2018-03-23,1.2546,2.0642,-0.03,东方财富基金历史净值接口
110008,易方达稳健收益债券B,2018-03-26,1.255,2.0646,0.03,东方财富基金历史净值接口
110008,易方达稳健收益债券B,2018-03-27,1.2563,2.0659,0.1,东方财富基金历史净值接口
110008,易方达稳健收益债券B,2018-03-28,1.2545,2.0641,-0.14,东方财富基金历史净值接口
110008,易方达稳健收益债券B,2018-03-29,1.2561,2.0657,0.13,东方财富基金历史净值接口
110008,易方达稳健收益债券B,2018-03-30,1.2598,2.0694,0.29,东方财富基金历史净值接口
110008,易方达稳健收益债券B,2018-04-02,1.2589,2.0685,-0.07,东方财富基金历史净值接口
110008,易方达稳健收益债券B,2018-04-03,1.2596,2.0692,0.06,东方财富基金历史净值接口
110008,易方达稳健收益债券B,2018-04-04,1.2587,2.0683,-0.07,东方财富基金历史净值接口
110008,易方达稳健收益债券B,2018-04-09,1.2621,2.0717,0.27,东方财富基金历史净值接口
110008,易方达稳健收益债券B,2018-04-10,1.2658,2.0754,0.29,东方财富基金历史净值接口
110008,易方达稳健收益债券B,2018-04-11,1.2679,2.0775,0.17,东方财富基金历史净值接口
110008,易方达稳健收益债券B,2018-04-12,1.2654,2.075,-0.2,东方财富基金历史净值接口
110008,易方达稳健收益债券B,2018-04-13,1.2637,2.0733,-0.13,东方财富基金历史净值接口
110008,易方达稳健收益债券B,2018-04-16,1.262,2.0716,-0.13,东方财富基金历史净值接口
110008,易方达稳健收益债券B,2018-04-17,1.26,2.0696,-0.16,东方财富基金历史净值接口
110008,易方达稳健收益债券B,2018-04-18,1.2749,2.0845,1.18,东方财富基金历史净值接口
110008,易方达稳健收益债券B,2018-04-19,1.276,2.0856,0.09,东方财富基金历史净值接口
110008,易方达稳健收益债券B,2018-04-20,1.273,2.0826,-0.24,东方财富基金历史净值接口
110008,易方达稳健收益债券B,2018-04-23,1.2712,2.0808,-0.14,东方财富基金历史净值接口
110008,易方达稳健收益债券B,2018-04-24,1.2765,2.0861,0.42,东方财富基金历史净值接口
110008,易方达稳健收益债券B,2018-04-25,1.2745,2.0841,-0.16,东方财富基金历史净值接口
110008,易方达稳健收益债券B,2018-04-26,1.2709,2.0805,-0.28,东方财富基金历史净值接口
110008,易方达稳健收益债券B,2018-04-27,1.27,2.0796,-0.07,东方财富基金历史净值接口
110008,易方达稳健收益债券B,2018-05-02,1.2698,2.0794,-0.02,东方财富基金历史净值接口
110008,易方达稳健收益债券B,2018-05-03,1.2725,2.0821,0.21,东方财富基金历史净值接口
110008,易方达稳健收益债券B,2018-05-04,1.2721,2.0817,-0.03,东方财富基金历史净值接口
110008,易方达稳健收益债券B,2018-05-07,1.2762,2.0858,0.32,东方财富基金历史净值接口
110008,易方达稳健收益债券B,2018-05-08,1.2782,2.0878,0.16,东方财富基金历史净值接口
110008,易方达稳健收益债券B,2018-05-09,1.2776,2.0872,-0.05,东方财富基金历史净值接口
110008,易方达稳健收益债券B,2018-05-10,1.2768,2.0864,-0.06,东方财富基金历史净值接口
110008,易方达稳健收益债券B,2018-05-11,1.2768,2.0864,0.0,东方财富基金历史净值接口
110008,易方达稳健收益债券B,2018-05-14,1.2793,2.0889,0.2,东方财富基金历史净值接口
110008,易方达稳健收益债券B,2018-05-15,1.2818,2.0914,0.2,东方财富基金历史净值接口
110008,易方达稳健收益债券B,2018-05-16,1.2784,2.088,-0.27,东方财富基金历史净值接口
110008,易方达稳健收益债券B,2018-05-17,1.2749,2.0845,-0.27,东方财富基金历史净值接口
110008,易方达稳健收益债券B,2018-05-18,1.2776,2.0872,0.21,东方财富基金历史净值接口
110008,易方达稳健收益债券B,2018-05-21,1.279,2.0886,0.11,东方财富基金历史净值接口
110008,易方达稳健收益债券B,2018-05-22,1.2792,2.0888,0.02,东方财富基金历史净值接口
110008,易方达稳健收益债券B,2018-05-23,1.2764,2.086,-0.22,东方财富基金历史净值接口
110008,易方达稳健收益债券B,2018-05-24,1.2732,2.0828,-0.25,东方财富基金历史净值接口
110008,易方达稳健收益债券B,2018-05-25,1.2735,2.0831,0.02,东方财富基金历史净值接口
110008,易方达稳健收益债券B,2018-05-28,1.2756,2.0852,0.16,东方财富基金历史净值接口
110008,易方达稳健收益债券B,2018-05-29,1.2737,2.0833,-0.15,东方财富基金历史净值接口
110008,易方达稳健收益债券B,2018-05-30,1.2678,2.0774,-0.46,东方财富基金历史净值接口
110008,易方达稳健收益债券B,2018-05-31,1.2697,2.0793,0.15,东方财富基金历史净值接口
110008,易方达稳健收益债券B,2018-06-01,1.2646,2.0742,-0.4,东方财富基金历史净值接口
110008,易方达稳健收益债券B,2018-06-04,1.262,2.0716,-0.21,东方财富基金历史净值接口
110008,易方达稳健收益债券B,2018-06-05,1.2609,2.0705,-0.09,东方财富基金历史净值接口
110008,易方达稳健收益债券B,2018-06-06,1.2603,2.0699,-0.05,东方财富基金历史净值接口
110008,易方达稳健收益债券B,2018-06-07,1.2592,2.0688,-0.09,东方财富基金历史净值接口
110008,易方达稳健收益债券B,2018-06-08,1.257,2.0666,-0.17,东方财富基金历史净值接口
110008,易方达稳健收益债券B,2018-06-11,1.256,2.0656,-0.08,东方财富基金历史净值接口
110008,易方达稳健收益债券B,2018-06-12,1.2595,2.0691,0.28,东方财富基金历史净值接口
110008,易方达稳健收益债券B,2018-06-13,1.258,2.0676,-0.12,东方财富基金历史净值接口
110008,易方达稳健收益债券B,2018-06-14,1.2574,2.067,-0.05,东方财富基金历史净值接口
110008,易方达稳健收益债券B,2018-06-15,1.2576,2.0672,0.02,东方财富基金历史净值接口
110008,易方达稳健收益债券B,2018-06-19,1.2526,2.0622,-0.4,东方财富基金历史净值接口
110008,易方达稳健收益债券B,2018-06-20,1.252,2.0616,-0.05,东方财富基金历史净值接口
110008,易方达稳健收益债券B,2018-06-21,1.2488,2.0584,-0.26,东方财富基金历史净值接口
110008,易方达稳健收益债券B,2018-06-22,1.2475,2.0571,-0.1,东方财富基金历史净值接口
110008,易方达稳健收益债券B,2018-06-25,1.2438,2.0534,-0.3,东方财富基金历史净值接口
110008,易方达稳健收益债券B,2018-06-26,1.2418,2.0514,-0.16,东方财富基金历史净值接口
110008,易方达稳健收益债券B,2018-06-27,1.239,2.0486,-0.23,东方财富基金历史净值接口
110008,易方达稳健收益债券B,2018-06-28,1.2363,2.0459,-0.22,东方财富基金历史净值接口
110008,易方达稳健收益债券B,2018-06-29,1.2445,2.0541,0.66,东方财富基金历史净值接口
110008,易方达稳健收益债券B,2018-06-30,1.2446,2.0542,,东方财富基金历史净值接口
110008,易方达稳健收益债券B,2018-07-02,1.2385,2.0481,-0.48,东方财富基金历史净值接口
110008,易方达稳健收益债券B,2018-07-03,1.239,2.0486,0.04,东方财富基金历史净值接口
110008,易方达稳健收益债券B,2018-07-04,1.2375,2.0471,-0.12,东方财富基金历史净值接口
110008,易方达稳健收益债券B,2018-07-05,1.2383,2.0479,0.06,东方财富基金历史净值接口
110008,易方达稳健收益债券B,2018-07-06,1.2384,2.048,0.01,东方财富基金历史净值接口
110008,易方达稳健收益债券B,2018-07-09,1.2452,2.0548,0.55,东方财富基金历史净值接口
110008,易方达稳健收益债券B,2018-07-10,1.2443,2.0539,-0.07,东方财富基金历史净值接口
110008,易方达稳健收益债券B,2018-07-11,1.2404,2.05,-0.31,东方财富基金历史净值接口
110008,易方达稳健收益债券B,2018-07-12,1.247,2.0566,0.53,东方财富基金历史净值接口
110008,易方达稳健收益债券B,2018-07-13,1.2489,2.0585,0.15,东方财富基金历史净值接口
110008,易方达稳健收益债券B,2018-07-16,1.2475,2.0571,-0.11,东方财富基金历史净值接口
110008,易方达稳健收益债券B,2018-07-17,1.2466,2.0562,-0.07,东方财富基金历史净值接口
110008,易方达稳健收益债券B,2018-07-18,1.2462,2.0558,-0.03,东方财富基金历史净值接口
110008,易方达稳健收益债券B,2018-07-19,1.2478,2.0574,0.13,东方财富基金历史净值接口
110008,易方达稳健收益债券B,2018-07-20,1.2551,2.0647,0.59,东方财富基金历史净值接口
110008,易方达稳健收益债券B,2018-07-23,1.2602,2.0698,0.41,东方财富基金历史净值接口
110008,易方达稳健收益债券B,2018-07-24,1.2647,2.0743,0.36,东方财富基金历史净值接口
110008,易方达稳健收益债券B,2018-07-25,1.265,2.0746,0.02,东方财富基金历史净值接口
110008,易方达稳健收益债券B,2018-07-26,1.2625,2.0721,-0.2,东方财富基金历史净值接口
110008,易方达稳健收益债券B,2018-07-27,1.2634,2.073,0.07,东方财富基金历史净值接口
110008,易方达稳健收益债券B,2018-07-30,1.2648,2.0744,0.11,东方财富基金历史净值接口
110008,易方达稳健收益债券B,2018-07-31,1.2669,2.0765,0.17,东方财富基金历史净值接口
110008,易方达稳健收益债券B,2018-08-01,1.2645,2.0741,-0.19,东方财富基金历史净值接口
110008,易方达稳健收益债券B,2018-08-02,1.2613,2.0709,-0.25,东方财富基金历史净值接口
110008,易方达稳健收益债券B,2018-08-03,1.2616,2.0712,0.02,东方财富基金历史净值接口
110008,易方达稳健收益债券B,2018-08-06,1.2572,2.0668,-0.35,东方财富基金历史净值接口
110008,易方达稳健收益债券B,2018-08-07,1.2657,2.0753,0.68,东方财富基金历史净值接口
110008,易方达稳健收益债券B,2018-08-08,1.2622,2.0718,-0.28,东方财富基金历史净值接口
110008,易方达稳健收益债券B,2018-08-09,1.2663,2.0759,0.32,东方财富基金历史净值接口
110008,易方达稳健收益债券B,2018-08-10,1.2658,2.0754,-0.04,东方财富基金历史净值接口
110008,易方达稳健收益债券B,2018-08-13,1.2639,2.0735,-0.15,东方财富基金历史净值接口
110008,易方达稳健收益债券B,2018-08-14,1.2637,2.0733,-0.02,东方财富基金历史净值接口
110008,易方达稳健收益债券B,2018-08-15,1.2578,2.0674,-0.47,东方财富基金历史净值接口
110008,易方达稳健收益债券B,2018-08-16,1.2561,2.0657,-0.14,东方财富基金历史净值接口
110008,易方达稳健收益债券B,2018-08-17,1.2499,2.0595,-0.49,东方财富基金历史净值接口
110008,易方达稳健收益债券B,2018-08-20,1.2512,2.0608,0.1,东方财富基金历史净值接口
110008,易方达稳健收益债券B,2018-08-21,1.255,2.0646,0.3,东方财富基金历史净值接口
110008,易方达稳健收益债券B,2018-08-22,1.2542,2.0638,-0.06,东方财富基金历史净值接口
110008,易方达稳健收益债券B,2018-08-23,1.2552,2.0648,0.08,东方财富基金历史净值接口
110008,易方达稳健收益债券B,2018-08-24,1.2565,2.0661,0.1,东方财富基金历史净值接口
110008,易方达稳健收益债券B,2018-08-27,1.2616,2.0712,0.41,东方财富基金历史净值接口
110008,易方达稳健收益债券B,2018-08-28,1.2634,2.073,0.14,东方财富基金历史净值接口
110008,易方达稳健收益债券B,2018-08-29,1.2614,2.071,-0.16,东方财富基金历史净值接口
110008,易方达稳健收益债券B,2018-08-30,1.2587,2.0683,-0.21,东方财富基金历史净值接口
110008,易方达稳健收益债券B,2018-08-31,1.2586,2.0682,-0.01,东方财富基金历史净值接口
110008,易方达稳健收益债券B,2018-09-03,1.2583,2.0679,-0.02,东方财富基金历史净值接口
110008,易方达稳健收益债券B,2018-09-04,1.2607,2.0703,0.19,东方财富基金历史净值接口
110008,易方达稳健收益债券B,2018-09-05,1.2561,2.0657,-0.36,东方财富基金历史净值接口
110008,易方达稳健收益债券B,2018-09-06,1.2541,2.0637,-0.16,东方财富基金历史净值接口
110008,易方达稳健收益债券B,2018-09-07,1.2545,2.0641,0.03,东方财富基金历史净值接口
110008,易方达稳健收益债券B,2018-09-10,1.2502,2.0598,-0.34,东方财富基金历史净值接口
110008,易方达稳健收益债券B,2018-09-11,1.2492,2.0588,-0.08,东方财富基金历史净值接口
110008,易方达稳健收益债券B,2018-09-12,1.249,2.0586,-0.02,东方财富基金历史净值接口
110008,易方达稳健收益债券B,2018-09-13,1.2513,2.0609,0.18,东方财富基金历史净值接口
110008,易方达稳健收益债券B,2018-09-14,1.252,2.0616,0.06,东方财富基金历史净值接口
110008,易方达稳健收益债券B,2018-09-17,1.2501,2.0597,-0.15,东方财富基金历史净值接口
110008,易方达稳健收益债券B,2018-09-18,1.2531,2.0627,0.24,东方财富基金历史净值接口
110008,易方达稳健收益债券B,2018-09-19,1.2571,2.0667,0.32,东方财富基金历史净值接口
110008,易方达稳健收益债券B,2018-09-20,1.2563,2.0659,-0.06,东方财富基金历史净值接口
110008,易方达稳健收益债券B,2018-09-21,1.2648,2.0744,0.68,东方财富基金历史净值接口
110008,易方达稳健收益债券B,2018-09-25,1.2634,2.073,-0.11,东方财富基金历史净值接口
110008,易方达稳健收益债券B,2018-09-26,1.2667,2.0763,0.26,东方财富基金历史净值接口
110008,易方达稳健收益债券B,2018-09-27,1.265,2.0746,-0.13,东方财富基金历史净值接口
110008,易方达稳健收益债券B,2018-09-28,1.2691,2.0787,0.32,东方财富基金历史净值接口
110008,易方达稳健收益债券B,2018-10-08,1.2586,2.0682,-0.83,东方财富基金历史净值接口
110008,易方达稳健收益债券B,2018-10-09,1.2589,2.0685,0.02,东方财富基金历史净值接口
110008,易方达稳健收益债券B,2018-10-10,1.258,2.0676,-0.07,东方财富基金历史净值接口
110008,易方达稳健收益债券B,2018-10-11,1.2447,2.0543,-1.06,东方财富基金历史净值接口
110008,易方达稳健收益债券B,2018-10-12,1.2488,2.0584,0.33,东方财富基金历史净值接口
110008,易方达稳健收益债券B,2018-10-15,1.2443,2.0539,-0.36,东方财富基金历史净值接口
110008,易方达稳健收益债券B,2018-10-16,1.2411,2.0507,-0.26,东方财富基金历史净值接口
110008,易方达稳健收益债券B,2018-10-17,1.2411,2.0507,0.0,东方财富基金历史净值接口
110008,易方达稳健收益债券B,2018-10-18,1.2336,2.0432,-0.6,东方财富基金历史净值接口
110008,易方达稳健收益债券B,2018-10-19,1.2417,2.0513,0.66,东方财富基金历史净值接口
110008,易方达稳健收益债券B,2018-10-22,1.253,2.0626,0.91,东方财富基金历史净值接口
110008,易方达稳健收益债券B,2018-10-23,1.2463,2.0559,-0.53,东方财富基金历史净值接口
110008,易方达稳健收益债券B,2018-10-24,1.2461,2.0557,-0.02,东方财富基金历史净值接口
110008,易方达稳健收益债券B,2018-10-25,1.2456,2.0552,-0.04,东方财富基金历史净值接口
110008,易方达稳健收益债券B,2018-10-26,1.2464,2.056,0.06,东方财富基金历史净值接口
110008,易方达稳健收益债券B,2018-10-29,1.2431,2.0527,-0.26,东方财富基金历史净值接口
110008,易方达稳健收益债券B,2018-10-30,1.2447,2.0543,0.13,东方财富基金历史净值接口
110008,易方达稳健收益债券B,2018-10-31,1.2493,2.0589,0.37,东方财富基金历史净值接口
110008,易方达稳健收益债券B,2018-11-01,1.2529,2.0625,0.29,东方财富基金历史净值接口
110008,易方达稳健收益债券B,2018-11-02,1.2652,2.0748,0.98,东方财富基金历史净值接口
110008,易方达稳健收益债券B,2018-11-05,1.2683,2.0779,0.25,东方财富基金历史净值接口
110008,易方达稳健收益债券B,2018-11-06,1.266,2.0756,-0.18,东方财富基金历史净值接口
110008,易方达稳健收益债券B,2018-11-07,1.264,2.0736,-0.16,东方财富基金历史净值接口
110008,易方达稳健收益债券B,2018-11-08,1.2626,2.0722,-0.11,东方财富基金历史净值接口
110008,易方达稳健收益债券B,2018-11-09,1.2613,2.0709,-0.1,东方财富基金历史净值接口
110008,易方达稳健收益债券B,2018-11-12,1.266,2.0756,0.37,东方财富基金历史净值接口
110008,易方达稳健收益债券B,2018-11-13,1.2694,2.079,0.27,东方财富基金历史净值接口
110008,易方达稳健收益债券B,2018-11-14,1.2701,2.0797,0.06,东方财富基金历史净值接口
110008,易方达稳健收益债券B,2018-11-15,1.276,2.0856,0.46,东方财富基金历史净值接口
110008,易方达稳健收益债券B,2018-11-16,1.2801,2.0897,0.32,东方财富基金历史净值接口
110008,易方达稳健收益债券B,2018-11-19,1.2827,2.0923,0.2,东方财富基金历史净值接口
110008,易方达稳健收益债券B,2018-11-20,1.2747,2.0843,-0.62,东方财富基金历史净值接口
110008,易方达稳健收益债券B,2018-11-21,1.2757,2.0853,0.08,东方财富基金历史净值接口
110008,易方达稳健收益债券B,2018-11-22,1.2741,2.0837,-0.13,东方财富基金历史净值接口
110008,易方达稳健收益债券B,2018-11-23,1.2681,2.0777,-0.47,东方财富基金历史净值接口
110008,易方达稳健收益债券B,2018-11-26,1.2677,2.0773,-0.03,东方财富基金历史净值接口
110008,易方达稳健收益债券B,2018-11-27,1.2687,2.0783,0.08,东方财富基金历史净值接口
110008,易方达稳健收益债券B,2018-11-28,1.2749,2.0845,0.49,东方财富基金历史净值接口
110008,易方达稳健收益债券B,2018-11-29,1.2722,2.0818,-0.21,东方财富基金历史净值接口
110008,易方达稳健收益债券B,2018-11-30,1.2746,2.0842,0.19,东方财富基金历史净值接口
110008,易方达稳健收益债券B,2018-12-03,1.2847,2.0943,0.79,东方财富基金历史净值接口
110008,易方达稳健收益债券B,2018-12-04,1.2864,2.096,0.13,东方财富基金历史净值接口
110008,易方达稳健收益债券B,2018-12-05,1.2871,2.0967,0.05,东方财富基金历史净值接口
110008,易方达稳健收益债券B,2018-12-06,1.2833,2.0929,-0.3,东方财富基金历史净值接口
110008,易方达稳健收益债券B,2018-12-07,1.2854,2.095,0.16,东方财富基金历史净值接口
110008,易方达稳健收益债券B,2018-12-10,1.2831,2.0927,-0.18,东方财富基金历史净值接口
110008,易方达稳健收益债券B,2018-12-11,1.2832,2.0928,0.01,东方财富基金历史净值接口
110008,易方达稳健收益债券B,2018-12-12,1.285,2.0946,0.14,东方财富基金历史净值接口
110008,易方达稳健收益债券B,2018-12-13,1.2877,2.0973,0.21,东方财富基金历史净值接口
110008,易方达稳健收益债券B,2018-12-14,1.2828,2.0924,-0.38,东方财富基金历史净值接口
110008,易方达稳健收益债券B,2018-12-17,1.2776,2.0872,-0.41,东方财富基金历史净值接口
110008,易方达稳健收益债券B,2018-12-18,1.2749,2.0845,-0.21,东方财富基金历史净值接口
110008,易方达稳健收益债券B,2018-12-19,1.2711,2.0807,-0.3,东方财富基金历史净值接口
110008,易方达稳健收益债券B,2018-12-20,1.2706,2.0802,-0.04,东方财富基金历史净值接口
110008,易方达稳健收益债券B,2018-12-21,1.2671,2.0767,-0.28,东方财富基金历史净值接口
110008,易方达稳健收益债券B,2018-12-24,1.2693,2.0789,0.17,东方财富基金历史净值接口
110008,易方达稳健收益债券B,2018-12-25,1.2678,2.0774,-0.12,东方财富基金历史净值接口
110008,易方达稳健收益债券B,2018-12-26,1.2671,2.0767,-0.06,东方财富基金历史净值接口
110008,易方达稳健收益债券B,2018-12-27,1.2647,2.0743,-0.19,东方财富基金历史净值接口
110008,易方达稳健收益债券B,2018-12-28,1.265,2.0746,0.02,东方财富基金历史净值接口
110008,易方达稳健收益债券B,2018-12-31,1.265,2.0746,,东方财富基金历史净值接口
110008,易方达稳健收益债券B,2019-01-02,1.2627,2.0723,-0.18,东方财富基金历史净值接口
110008,易方达稳健收益债券B,2019-01-03,1.2637,2.0733,0.08,东方财富基金历史净值接口
110008,易方达稳健收益债券B,2019-01-04,1.27,2.0796,0.5,东方财富基金历史净值接口
110008,易方达稳健收益债券B,2019-01-07,1.2773,2.0869,0.57,东方财富基金历史净值接口
110008,易方达稳健收益债券B,2019-01-08,1.2799,2.0895,0.2,东方财富基金历史净值接口
110008,易方达稳健收益债券B,2019-01-09,1.285,2.0946,0.4,东方财富基金历史净值接口
110008,易方达稳健收益债券B,2019-01-10,1.2898,2.0994,0.37,东方财富基金历史净值接口
110008,易方达稳健收益债券B,2019-01-11,1.2907,2.1003,0.07,东方财富基金历史净值接口
110008,易方达稳健收益债券B,2019-01-14,1.2873,2.0969,-0.26,东方财富基金历史净值接口
110008,易方达稳健收益债券B,2019-01-15,1.2664,2.103,0.47,东方财富基金历史净值接口
110008,易方达稳健收益债券B,2019-01-16,1.2653,2.1019,-0.09,东方财富基金历史净值接口
110008,易方达稳健收益债券B,2019-01-17,1.2628,2.0994,-0.2,东方财富基金历史净值接口
110008,易方达稳健收益债券B,2019-01-18,1.2685,2.1051,0.45,东方财富基金历史净值接口
110008,易方达稳健收益债券B,2019-01-21,1.2712,2.1078,0.21,东方财富基金历史净值接口
110008,易方达稳健收益债券B,2019-01-22,1.2679,2.1045,-0.26,东方财富基金历史净值接口
110008,易方达稳健收益债券B,2019-01-23,1.2682,2.1048,0.02,东方财富基金历史净值接口
110008,易方达稳健收益债券B,2019-01-24,1.2705,2.1071,0.18,东方财富基金历史净值接口
110008,易方达稳健收益债券B,2019-01-25,1.2725,2.1091,0.16,东方财富基金历史净值接口
110008,易方达稳健收益债券B,2019-01-28,1.2717,2.1083,-0.06,东方财富基金历史净值接口
110008,易方达稳健收益债券B,2019-01-29,1.2435,2.1081,-0.02,东方财富基金历史净值接口
110008,易方达稳健收益债券B,2019-01-30,1.243,2.1076,-0.04,东方财富基金历史净值接口
110008,易方达稳健收益债券B,2019-01-31,1.2441,2.1087,0.09,东方财富基金历史净值接口
110008,易方达稳健收益债券B,2019-02-01,1.2517,2.1163,0.61,东方财富基金历史净值接口
110008,易方达稳健收益债券B,2019-02-11,1.2594,2.124,0.62,东方财富基金历史净值接口
110008,易方达稳健收益债券B,2019-02-12,1.2646,2.1292,0.41,东方财富基金历史净值接口
110008,易方达稳健收益债券B,2019-02-13,1.27,2.1346,0.43,东方财富基金历史净值接口
110008,易方达稳健收益债券B,2019-02-14,1.2724,2.137,0.19,东方财富基金历史净值接口
110008,易方达稳健收益债券B,2019-02-15,1.2685,2.1331,-0.31,东方财富基金历史净值接口
110008,易方达稳健收益债券B,2019-02-18,1.2807,2.1453,0.96,东方财富基金历史净值接口
110008,易方达稳健收益债券B,2019-02-19,1.2795,2.1441,-0.09,东方财富基金历史净值接口
110008,易方达稳健收益债券B,2019-02-20,1.2812,2.1458,0.13,东方财富基金历史净值接口
110008,易方达稳健收益债券B,2019-02-21,1.2816,2.1462,0.03,东方财富基金历史净值接口
110008,易方达稳健收益债券B,2019-02-22,1.29,2.1546,0.66,东方财富基金历史净值接口
110008,易方达稳健收益债券B,2019-02-25,1.3087,2.1733,1.45,东方财富基金历史净值接口
110008,易方达稳健收益债券B,2019-02-26,1.3032,2.1678,-0.42,东方财富基金历史净值接口
110008,易方达稳健收益债券B,2019-02-27,1.2985,2.1631,-0.36,东方财富基金历史净值接口
110008,易方达稳健收益债券B,2019-02-28,1.2987,2.1633,0.02,东方财富基金历史净值接口
110008,易方达稳健收益债券B,2019-03-01,1.302,2.1666,0.25,东方财富基金历史净值接口
110008,易方达稳健收益债券B,2019-03-04,1.3059,2.1705,0.3,东方财富基金历史净值接口
110008,易方达稳健收益债券B,2019-03-05,1.3137,2.1783,0.6,东方财富基金历史净值接口
110008,易方达稳健收益债券B,2019-03-06,1.3156,2.1802,0.14,东方财富基金历史净值接口
110008,易方达稳健收益债券B,2019-03-07,1.3103,2.1749,-0.4,东方财富基金历史净值接口
110008,易方达稳健收益债券B,2019-03-08,1.3017,2.1663,-0.66,东方财富基金历史净值接口
110008,易方达稳健收益债券B,2019-03-11,1.3137,2.1783,0.92,东方财富基金历史净值接口
110008,易方达稳健收益债券B,2019-03-12,1.3175,2.1821,0.29,东方财富基金历史净值接口
110008,易方达稳健收益债券B,2019-03-13,1.3126,2.1772,-0.37,东方财富基金历史净值接口
110008,易方达稳健收益债券B,2019-03-14,1.3083,2.1729,-0.33,东方财富基金历史净值接口
110008,易方达稳健收益债券B,2019-03-15,1.3122,2.1768,0.3,东方财富基金历史净值接口
110008,易方达稳健收益债券B,2019-03-18,1.3227,2.1873,0.8,东方财富基金历史净值接口
110008,易方达稳健收益债券B,2019-03-19,1.3239,2.1885,0.09,东方财富基金历史净值接口
110008,易方达稳健收益债券B,2019-03-20,1.3227,2.1873,-0.09,东方财富基金历史净值接口
110008,易方达稳健收益债券B,2019-03-21,1.3256,2.1902,0.22,东方财富基金历史净值接口
110008,易方达稳健收益债券B,2019-03-22,1.3257,2.1903,0.01,东方财富基金历史净值接口
110008,易方达稳健收益债券B,2019-03-25,1.3203,2.1849,-0.41,东方财富基金历史净值接口
110008,易方达稳健收益债券B,2019-03-26,1.3125,2.1771,-0.59,东方财富基金历史净值接口
110008,易方达稳健收益债券B,2019-03-27,1.3154,2.18,0.22,东方财富基金历史净值接口
110008,易方达稳健收益债券B,2019-03-28,1.3142,2.1788,-0.09,东方财富基金历史净值接口
110008,易方达稳健收益债券B,2019-03-29,1.3257,2.1903,0.88,东方财富基金历史净值接口
110008,易方达稳健收益债券B,2019-04-01,1.339,2.2036,1.0,东方财富基金历史净值接口
110008,易方达稳健收益债券B,2019-04-02,1.3391,2.2037,0.01,东方财富基金历史净值接口
110008,易方达稳健收益债券B,2019-04-03,1.3413,2.2059,0.16,东方财富基金历史净值接口
110008,易方达稳健收益债券B,2019-04-04,1.3456,2.2102,0.32,东方财富基金历史净值接口
110008,易方达稳健收益债券B,2019-04-08,1.3434,2.208,-0.16,东方财富基金历史净值接口
110008,易方达稳健收益债券B,2019-04-09,1.3412,2.2058,-0.16,东方财富基金历史净值接口
110008,易方达稳健收益债券B,2019-04-10,1.3387,2.2033,-0.19,东方财富基金历史净值接口
110008,易方达稳健收益债券B,2019-04-11,1.3304,2.195,-0.62,东方财富基金历史净值接口
110008,易方达稳健收益债券B,2019-04-12,1.3298,2.1944,-0.05,东方财富基金历史净值接口
110008,易方达稳健收益债券B,2019-04-15,1.3244,2.189,-0.41,东方财富基金历史净值接口
110008,易方达稳健收益债券B,2019-04-16,1.329,2.1936,0.35,东方财富基金历史净值接口
110008,易方达稳健收益债券B,2019-04-17,1.3315,2.1961,0.19,东方财富基金历史净值接口
110008,易方达稳健收益债券B,2019-04-18,1.3314,2.196,-0.01,东方财富基金历史净值接口
110008,易方达稳健收益债券B,2019-04-19,1.3333,2.1979,0.14,东方财富基金历史净值接口
110008,易方达稳健收益债券B,2019-04-22,1.3259,2.1905,-0.56,东方财富基金历史净值接口
110008,易方达稳健收益债券B,2019-04-23,1.322,2.1866,-0.29,东方财富基金历史净值接口
110008,易方达稳健收益债券B,2019-04-24,1.3222,2.1868,0.02,东方财富基金历史净值接口
110008,易方达稳健收益债券B,2019-04-25,1.3139,2.1785,-0.63,东方财富基金历史净值接口
110008,易方达稳健收益债券B,2019-04-26,1.3099,2.1745,-0.3,东方财富基金历史净值接口
110008,易方达稳健收益债券B,2019-04-29,1.3092,2.1738,-0.05,东方财富基金历史净值接口
110008,易方达稳健收益债券B,2019-04-30,1.3121,2.1767,0.22,东方财富基金历史净值接口
110008,易方达稳健收益债券B,2019-05-06,1.2961,2.1607,-1.22,东方财富基金历史净值接口
110008,易方达稳健收益债券B,2019-05-07,1.2992,2.1638,0.24,东方财富基金历史净值接口
110008,易方达稳健收益债券B,2019-05-08,1.2976,2.1622,-0.12,东方财富基金历史净值接口
110008,易方达稳健收益债券B,2019-05-09,1.2966,2.1612,-0.08,东方财富基金历史净值接口
110008,易方达稳健收益债券B,2019-05-10,1.3069,2.1715,0.79,东方财富基金历史净值接口
110008,易方达稳健收益债券B,2019-05-13,1.3026,2.1672,-0.33,东方财富基金历史净值接口
110008,易方达稳健收益债券B,2019-05-14,1.3021,2.1667,-0.04,东方财富基金历史净值接口
110008,易方达稳健收益债券B,2019-05-15,1.3083,2.1729,0.48,东方财富基金历史净值接口
110008,易方达稳健收益债券B,2019-05-16,1.3086,2.1732,0.02,东方财富基金历史净值接口
110008,易方达稳健收益债券B,2019-05-17,1.3008,2.1654,-0.6,东方财富基金历史净值接口
110008,易方达稳健收益债券B,2019-05-20,1.2973,2.1619,-0.27,东方财富基金历史净值接口
110008,易方达稳健收益债券B,2019-05-21,1.3016,2.1662,0.33,东方财富基金历史净值接口
110008,易方达稳健收益债券B,2019-05-22,1.3016,2.1662,0.0,东方财富基金历史净值接口
110008,易方达稳健收益债券B,2019-05-23,1.2976,2.1622,-0.31,东方财富基金历史净值接口
110008,易方达稳健收益债券B,2019-05-24,1.2972,2.1618,-0.03,东方财富基金历史净值接口
110008,易方达稳健收益债券B,2019-05-27,1.3011,2.1657,0.3,东方财富基金历史净值接口
110008,易方达稳健收益债券B,2019-05-28,1.3022,2.1668,0.08,东方财富基金历史净值接口
110008,易方达稳健收益债券B,2019-05-29,1.3025,2.1671,0.02,东方财富基金历史净值接口
110008,易方达稳健收益债券B,2019-05-30,1.2998,2.1644,-0.21,东方财富基金历史净值接口
110008,易方达稳健收益债券B,2019-05-31,1.2997,2.1643,-0.01,东方财富基金历史净值接口
110008,易方达稳健收益债券B,2019-06-03,1.2973,2.1619,-0.18,东方财富基金历史净值接口
110008,易方达稳健收益债券B,2019-06-04,1.2945,2.1591,-0.22,东方财富基金历史净值接口
110008,易方达稳健收益债券B,2019-06-05,1.2943,2.1589,-0.02,东方财富基金历史净值接口
110008,易方达稳健收益债券B,2019-06-06,1.2904,2.155,-0.3,东方财富基金历史净值接口
110008,易方达稳健收益债券B,2019-06-10,1.2936,2.1582,0.25,东方财富基金历史净值接口
110008,易方达稳健收益债券B,2019-06-11,1.302,2.1666,0.65,东方财富基金历史净值接口
110008,易方达稳健收益债券B,2019-06-12,1.2996,2.1642,-0.18,东方财富基金历史净值接口
110008,易方达稳健收益债券B,2019-06-13,1.2983,2.1629,-0.1,东方财富基金历史净值接口
110008,易方达稳健收益债券B,2019-06-14,1.2948,2.1594,-0.27,东方财富基金历史净值接口
110008,易方达稳健收益债券B,2019-06-17,1.2947,2.1593,-0.01,东方财富基金历史净值接口
110008,易方达稳健收益债券B,2019-06-18,1.2947,2.1593,0.0,东方财富基金历史净值接口
110008,易方达稳健收益债券B,2019-06-19,1.2992,2.1638,0.35,东方财富基金历史净值接口
110008,易方达稳健收益债券B,2019-06-20,1.3082,2.1728,0.69,东方财富基金历史净值接口
110008,易方达稳健收益债券B,2019-06-21,1.3121,2.1767,0.3,东方财富基金历史净值接口
110008,易方达稳健收益债券B,2019-06-24,1.3125,2.1771,0.03,东方财富基金历史净值接口
110008,易方达稳健收益债券B,2019-06-25,1.3089,2.1735,-0.27,东方财富基金历史净值接口
110008,易方达稳健收益债券B,2019-06-26,1.3112,2.1758,0.18,东方财富基金历史净值接口
110008,易方达稳健收益债券B,2019-06-27,1.3165,2.1811,0.4,东方财富基金历史净值接口
110008,易方达稳健收益债券B,2019-06-28,1.3162,2.1808,-0.02,东方财富基金历史净值接口
110008,易方达稳健收益债券B,2019-06-30,1.3163,2.1809,,东方财富基金历史净值接口
110008,易方达稳健收益债券B,2019-07-01,1.3255,2.1901,0.71,东方财富基金历史净值接口
110008,易方达稳健收益债券B,2019-07-02,1.326,2.1906,0.04,东方财富基金历史净值接口
110008,易方达稳健收益债券B,2019-07-03,1.3251,2.1897,-0.07,东方财富基金历史净值接口
110008,易方达稳健收益债券B,2019-07-04,1.3256,2.1902,0.04,东方财富基金历史净值接口
110008,易方达稳健收益债券B,2019-07-05,1.3264,2.191,0.06,东方财富基金历史净值接口
110008,易方达稳健收益债券B,2019-07-08,1.3192,2.1838,-0.54,东方财富基金历史净值接口
110008,易方达稳健收益债券B,2019-07-09,1.3187,2.1833,-0.04,东方财富基金历史净值接口
110008,易方达稳健收益债券B,2019-07-10,1.3169,2.1815,-0.14,东方财富基金历史净值接口
110008,易方达稳健收益债券B,2019-07-11,1.3167,2.1813,-0.02,东方财富基金历史净值接口
110008,易方达稳健收益债券B,2019-07-12,1.3195,2.1841,0.21,东方财富基金历史净值接口
110008,易方达稳健收益债券B,2019-07-15,1.3202,2.1848,0.05,东方财富基金历史净值接口
110008,易方达稳健收益债券B,2019-07-16,1.3196,2.1842,-0.05,东方财富基金历史净值接口
110008,易方达稳健收益债券B,2019-07-17,1.3203,2.1849,0.05,东方财富基金历史净值接口
110008,易方达稳健收益债券B,2019-07-18,1.3171,2.1817,-0.24,东方财富基金历史净值接口
110008,易方达稳健收益债券B,2019-07-19,1.3189,2.1835,0.14,东方财富基金历史净值接口
110008,易方达稳健收益债券B,2019-07-22,1.3154,2.18,-0.27,东方财富基金历史净值接口
110008,易方达稳健收益债券B,2019-07-23,1.317,2.1816,0.12,东方财富基金历史净值接口
110008,易方达稳健收益债券B,2019-07-24,1.3186,2.1832,0.12,东方财富基金历史净值接口
110008,易方达稳健收益债券B,2019-07-25,1.3213,2.1859,0.2,东方财富基金历史净值接口
110008,易方达稳健收益债券B,2019-07-26,1.3241,2.1887,0.21,东方财富基金历史净值接口
110008,易方达稳健收益债券B,2019-07-29,1.325,2.1896,0.07,东方财富基金历史净值接口
110008,易方达稳健收益债券B,2019-07-30,1.3269,2.1915,0.14,东方财富基金历史净值接口
110008,易方达稳健收益债券B,2019-07-31,1.3267,2.1913,-0.02,东方财富基金历史净值接口
110008,易方达稳健收益债券B,2019-08-01,1.3261,2.1907,-0.05,东方财富基金历史净值接口
110008,易方达稳健收益债券B,2019-08-02,1.3245,2.1891,-0.12,东方财富基金历史净值接口
110008,易方达稳健收益债券B,2019-08-05,1.3214,2.186,-0.23,东方财富基金历史净值接口
110008,易方达稳健收益债券B,2019-08-06,1.3193,2.1839,-0.16,东方财富基金历史净值接口
110008,易方达稳健收益债券B,2019-08-07,1.3203,2.1849,0.08,东方财富基金历史净值接口
110008,易方达稳健收益债券B,2019-08-08,1.3235,2.1881,0.24,东方财富基金历史净值接口
110008,易方达稳健收益债券B,2019-08-09,1.3226,2.1872,-0.07,东方财富基金历史净值接口
110008,易方达稳健收益债券B,2019-08-12,1.3274,2.192,0.36,东方财富基金历史净值接口
110008,易方达稳健收益债券B,2019-08-13,1.3264,2.191,-0.08,东方财富基金历史净值接口
110008,易方达稳健收益债券B,2019-08-14,1.3284,2.193,0.15,东方财富基金历史净值接口
110008,易方达稳健收益债券B,2019-08-15,1.3305,2.1951,0.16,东方财富基金历史净值接口
110008,易方达稳健收益债券B,2019-08-16,1.3316,2.1962,0.08,东方财富基金历史净值接口
110008,易方达稳健收益债券B,2019-08-19,1.3373,2.2019,0.43,东方财富基金历史净值接口
110008,易方达稳健收益债券B,2019-08-20,1.3359,2.2005,-0.1,东方财富基金历史净值接口
110008,易方达稳健收益债券B,2019-08-21,1.3383,2.2029,0.18,东方财富基金历史净值接口
110008,易方达稳健收益债券B,2019-08-22,1.337,2.2016,-0.1,东方财富基金历史净值接口
110008,易方达稳健收益债券B,2019-08-23,1.3377,2.2023,0.05,东方财富基金历史净值接口
110008,易方达稳健收益债券B,2019-08-26,1.3344,2.199,-0.25,东方财富基金历史净值接口
110008,易方达稳健收益债券B,2019-08-27,1.3383,2.2029,0.29,东方财富基金历史净值接口
110008,易方达稳健收益债券B,2019-08-28,1.3382,2.2028,-0.01,东方财富基金历史净值接口
110008,易方达稳健收益债券B,2019-08-29,1.3369,2.2015,-0.1,东方财富基金历史净值接口
110008,易方达稳健收益债券B,2019-08-30,1.3357,2.2003,-0.09,东方财富基金历史净值接口
110008,易方达稳健收益债券B,2019-09-02,1.3407,2.2053,0.37,东方财富基金历史净值接口
110008,易方达稳健收益债券B,2019-09-03,1.3425,2.2071,0.13,东方财富基金历史净值接口
110008,易方达稳健收益债券B,2019-09-04,1.3455,2.2101,0.22,东方财富基金历史净值接口
110008,易方达稳健收益债券B,2019-09-05,1.3495,2.2141,0.3,东方财富基金历史净值接口
110008,易方达稳健收益债券B,2019-09-06,1.3519,2.2165,0.18,东方财富基金历史净值接口
110008,易方达稳健收益债券B,2019-09-09,1.357,2.2216,0.38,东方财富基金历史净值接口
110008,易方达稳健收益债券B,2019-09-10,1.3562,2.2208,-0.06,东方财富基金历史净值接口
110008,易方达稳健收益债券B,2019-09-11,1.3547,2.2193,-0.11,东方财富基金历史净值接口
110008,易方达稳健收益债券B,2019-09-12,1.3563,2.2209,0.12,东方财富基金历史净值接口
110008,易方达稳健收益债券B,2019-09-16,1.3558,2.2204,-0.04,东方财富基金历史净值接口
110008,易方达稳健收益债券B,2019-09-17,1.3496,2.2142,-0.46,东方财富基金历史净值接口
110008,易方达稳健收益债券B,2019-09-18,1.35,2.2146,0.03,东方财富基金历史净值接口
110008,易方达稳健收益债券B,2019-09-19,1.3533,2.2179,0.24,东方财富基金历史净值接口
110008,易方达稳健收益债券B,2019-09-20,1.3539,2.2185,0.04,东方财富基金历史净值接口
110008,易方达稳健收益债券B,2019-09-23,1.3514,2.216,-0.18,东方财富基金历史净值接口
110008,易方达稳健收益债券B,2019-09-24,1.3518,2.2164,0.03,东方财富基金历史净值接口
110008,易方达稳健收益债券B,2019-09-25,1.3486,2.2132,-0.24,东方财富基金历史净值接口
110008,易方达稳健收益债券B,2019-09-26,1.3453,2.2099,-0.24,东方财富基金历史净值接口
110008,易方达稳健收益债券B,2019-09-27,1.3465,2.2111,0.09,东方财富基金历史净值接口
110008,易方达稳健收益债券B,2019-09-30,1.3457,2.2103,-0.06,东方财富基金历史净值接口
110008,易方达稳健收益债券B,2019-10-08,1.3471,2.2117,0.1,东方财富基金历史净值接口
110008,易方达稳健收益债券B,2019-10-09,1.3489,2.2135,0.13,东方财富基金历史净值接口
110008,易方达稳健收益债券B,2019-10-10,1.3521,2.2167,0.24,东方财富基金历史净值接口
110008,易方达稳健收益债券B,2019-10-11,1.3555,2.2201,0.25,东方财富基金历史净值接口
110008,易方达稳健收益债券B,2019-10-14,1.3605,2.2251,0.37,东方财富基金历史净值接口
110008,易方达稳健收益债券B,2019-10-15,1.3561,2.2207,-0.32,东方财富基金历史净值接口
110008,易方达稳健收益债券B,2019-10-16,1.3542,2.2188,-0.14,东方财富基金历史净值接口
110008,易方达稳健收益债券B,2019-10-17,1.3535,2.2181,-0.05,东方财富基金历史净值接口
110008,易方达稳健收益债券B,2019-10-18,1.3492,2.2138,-0.32,东方财富基金历史净值接口
110008,易方达稳健收益债券B,2019-10-21,1.349,2.2136,-0.01,东方财富基金历史净值接口
110008,易方达稳健收益债券B,2019-10-22,1.35,2.2146,0.07,东方财富基金历史净值接口
110008,易方达稳健收益债券B,2019-10-23,1.3482,2.2128,-0.13,东方财富基金历史净值接口
110008,易方达稳健收益债券B,2019-10-24,1.3486,2.2132,0.03,东方财富基金历史净值接口
110008,易方达稳健收益债券B,2019-10-25,1.3517,2.2163,0.23,东方财富基金历史净值接口
110008,易方达稳健收益债券B,2019-10-28,1.3547,2.2193,0.22,东方财富基金历史净值接口
110008,易方达稳健收益债券B,2019-10-29,1.3521,2.2167,-0.19,东方财富基金历史净值接口
110008,易方达稳健收益债券B,2019-10-30,1.348,2.2126,-0.3,东方财富基金历史净值接口
110008,易方达稳健收益债券B,2019-10-31,1.347,2.2116,-0.07,东方财富基金历史净值接口
110008,易方达稳健收益债券B,2019-11-01,1.3517,2.2163,0.35,东方财富基金历史净值接口
110008,易方达稳健收益债券B,2019-11-04,1.3542,2.2188,0.19,东方财富基金历史净值接口
110008,易方达稳健收益债券B,2019-11-05,1.3578,2.2224,0.27,东方财富基金历史净值接口
110008,易方达稳健收益债券B,2019-11-06,1.3567,2.2213,-0.08,东方财富基金历史净值接口
110008,易方达稳健收益债券B,2019-11-07,1.359,2.2236,0.17,东方财富基金历史净值接口
110008,易方达稳健收益债券B,2019-11-08,1.3567,2.2213,-0.17,东方财富基金历史净值接口
110008,易方达稳健收益债券B,2019-11-11,1.3506,2.2152,-0.45,东方财富基金历史净值接口
110008,易方达稳健收益债券B,2019-11-12,1.3517,2.2163,0.08,东方财富基金历史净值接口
110008,易方达稳健收益债券B,2019-11-13,1.3522,2.2168,0.04,东方财富基金历史净值接口
110008,易方达稳健收益债券B,2019-11-14,1.3544,2.219,0.16,东方财富基金历史净值接口
110008,易方达稳健收益债券B,2019-11-15,1.3521,2.2167,-0.17,东方财富基金历史净值接口
110008,易方达稳健收益债券B,2019-11-18,1.3543,2.2189,0.16,东方财富基金历史净值接口
110008,易方达稳健收益债券B,2019-11-19,1.3591,2.2237,0.35,东方财富基金历史净值接口
110008,易方达稳健收益债券B,2019-11-20,1.3571,2.2217,-0.15,东方财富基金历史净值接口
110008,易方达稳健收益债券B,2019-11-21,1.3571,2.2217,0.0,东方财富基金历史净值接口
110008,易方达稳健收益债券B,2019-11-22,1.3554,2.22,-0.13,东方财富基金历史净值接口
110008,易方达稳健收益债券B,2019-11-25,1.3591,2.2237,0.27,东方财富基金历史净值接口
110008,易方达稳健收益债券B,2019-11-26,1.3594,2.224,0.02,东方财富基金历史净值接口
110008,易方达稳健收益债券B,2019-11-27,1.3596,2.2242,0.01,东方财富基金历史净值接口
110008,易方达稳健收益债券B,2019-11-28,1.3586,2.2232,-0.07,东方财富基金历史净值接口
110008,易方达稳健收益债券B,2019-11-29,1.3574,2.222,-0.09,东方财富基金历史净值接口
110008,易方达稳健收益债券B,2019-12-02,1.3587,2.2233,0.1,东方财富基金历史净值接口
110008,易方达稳健收益债券B,2019-12-03,1.3605,2.2251,0.13,东方财富基金历史净值接口
110008,易方达稳健收益债券B,2019-12-04,1.3591,2.2237,-0.1,东方财富基金历史净值接口
110008,易方达稳健收益债券B,2019-12-05,1.3619,2.2265,0.21,东方财富基金历史净值接口
110008,易方达稳健收益债券B,2019-12-06,1.3636,2.2282,0.12,东方财富基金历史净值接口
110008,易方达稳健收益债券B,2019-12-09,1.3652,2.2298,0.12,东方财富基金历史净值接口
110008,易方达稳健收益债券B,2019-12-10,1.3677,2.2323,0.18,东方财富基金历史净值接口
110008,易方达稳健收益债券B,2019-12-11,1.3681,2.2327,0.03,东方财富基金历史净值接口
110008,易方达稳健收益债券B,2019-12-12,1.3686,2.2332,0.04,东方财富基金历史净值接口
110008,易方达稳健收益债券B,2019-12-13,1.3733,2.2379,0.34,东方财富基金历史净值接口
110008,易方达稳健收益债券B,2019-12-16,1.3781,2.2427,0.35,东方财富基金历史净值接口
110008,易方达稳健收益债券B,2019-12-17,1.3838,2.2484,0.41,东方财富基金历史净值接口
110008,易方达稳健收益债券B,2019-12-18,1.383,2.2476,-0.06,东方财富基金历史净值接口
110008,易方达稳健收益债券B,2019-12-19,1.3839,2.2485,0.07,东方财富基金历史净值接口
110008,易方达稳健收益债券B,2019-12-20,1.382,2.2466,-0.14,东方财富基金历史净值接口
110008,易方达稳健收益债券B,2019-12-23,1.3789,2.2435,-0.22,东方财富基金历史净值接口
110008,易方达稳健收益债券B,2019-12-24,1.383,2.2476,0.3,东方财富基金历史净值接口
110008,易方达稳健收益债券B,2019-12-25,1.3838,2.2484,0.06,东方财富基金历史净值接口
110008,易方达稳健收益债券B,2019-12-26,1.3327,2.2523,0.28,东方财富基金历史净值接口
110008,易方达稳健收益债券B,2019-12-27,1.332,2.2516,-0.05,东方财富基金历史净值接口
110008,易方达稳健收益债券B,2019-12-30,1.3372,2.2568,0.39,东方财富基金历史净值接口
110008,易方达稳健收益债券B,2019-12-31,1.3409,2.2605,0.28,东方财富基金历史净值接口
110008,易方达稳健收益债券B,2020-01-02,1.3478,2.2674,0.51,东方财富基金历史净值接口
110008,易方达稳健收益债券B,2020-01-03,1.3487,2.2683,0.07,东方财富基金历史净值接口
110008,易方达稳健收益债券B,2020-01-06,1.3492,2.2688,0.04,东方财富基金历史净值接口
110008,易方达稳健收益债券B,2020-01-07,1.352,2.2716,0.21,东方财富基金历史净值接口
110008,易方达稳健收益债券B,2020-01-08,1.3477,2.2673,-0.32,东方财富基金历史净值接口
110008,易方达稳健收益债券B,2020-01-09,1.3517,2.2713,0.3,东方财富基金历史净值接口
110008,易方达稳健收益债券B,2020-01-10,1.3522,2.2718,0.04,东方财富基金历史净值接口
110008,易方达稳健收益债券B,2020-01-13,1.3546,2.2742,0.18,东方财富基金历史净值接口
110008,易方达稳健收益债券B,2020-01-14,1.3071,2.2747,0.04,东方财富基金历史净值接口
110008,易方达稳健收益债券B,2020-01-15,1.3039,2.2715,-0.24,东方财富基金历史净值接口
110008,易方达稳健收益债券B,2020-01-16,1.3021,2.2697,-0.14,东方财富基金历史净值接口
110008,易方达稳健收益债券B,2020-01-17,1.3023,2.2699,0.02,东方财富基金历史净值接口
110008,易方达稳健收益债券B,2020-01-20,1.3069,2.2745,0.35,东方财富基金历史净值接口
110008,易方达稳健收益债券B,2020-01-21,1.3033,2.2709,-0.28,东方财富基金历史净值接口
110008,易方达稳健收益债券B,2020-01-22,1.3052,2.2728,0.15,东方财富基金历史净值接口
110008,易方达稳健收益债券B,2020-01-23,1.2962,2.2638,-0.69,东方财富基金历史净值接口
110008,易方达稳健收益债券B,2020-02-03,1.2762,2.2438,-1.54,东方财富基金历史净值接口
110008,易方达稳健收益债券B,2020-02-04,1.2867,2.2543,0.82,东方财富基金历史净值接口
110008,易方达稳健收益债券B,2020-02-05,1.29,2.2576,0.26,东方财富基金历史净值接口
110008,易方达稳健收益债券B,2020-02-06,1.2942,2.2618,0.33,东方财富基金历史净值接口
110008,易方达稳健收益债券B,2020-02-07,1.2954,2.263,0.09,东方财富基金历史净值接口
110008,易方达稳健收益债券B,2020-02-10,1.2998,2.2674,0.34,东方财富基金历史净值接口
110008,易方达稳健收益债券B,2020-02-11,1.3026,2.2702,0.22,东方财富基金历史净值接口
110008,易方达稳健收益债券B,2020-02-12,1.3093,2.2769,0.51,东方财富基金历史净值接口
110008,易方达稳健收益债券B,2020-02-13,1.3077,2.2753,-0.12,东方财富基金历史净值接口
110008,易方达稳健收益债券B,2020-02-14,1.3096,2.2772,0.15,东方财富基金历史净值接口
110008,易方达稳健收益债券B,2020-02-17,1.3167,2.2843,0.54,东方财富基金历史净值接口
110008,易方达稳健收益债券B,2020-02-18,1.3175,2.2851,0.06,东方财富基金历史净值接口
110008,易方达稳健收益债券B,2020-02-19,1.3178,2.2854,0.02,东方财富基金历史净值接口
110008,易方达稳健收益债券B,2020-02-20,1.3234,2.291,0.43,东方财富基金历史净值接口
110008,易方达稳健收益债券B,2020-02-21,1.3245,2.2921,0.08,东方财富基金历史净值接口
110008,易方达稳健收益债券B,2020-02-24,1.3242,2.2918,-0.02,东方财富基金历史净值接口
110008,易方达稳健收益债券B,2020-02-25,1.3226,2.2902,-0.12,东方财富基金历史净值接口
110008,易方达稳健收益债券B,2020-02-26,1.322,2.2896,-0.05,东方财富基金历史净值接口
110008,易方达稳健收益债券B,2020-02-27,1.3228,2.2904,0.06,东方财富基金历史净值接口
110008,易方达稳健收益债券B,2020-02-28,1.3167,2.2843,-0.46,东方财富基金历史净值接口
110008,易方达稳健收益债券B,2020-03-02,1.3249,2.2925,0.62,东方财富基金历史净值接口
110008,易方达稳健收益债券B,2020-03-03,1.3255,2.2931,0.05,东方财富基金历史净值接口
110008,易方达稳健收益债券B,2020-03-04,1.3287,2.2963,0.24,东方财富基金历史净值接口
110008,易方达稳健收益债券B,2020-03-05,1.333,2.3006,0.32,东方财富基金历史净值接口
110008,易方达稳健收益债券B,2020-03-06,1.331,2.2986,-0.15,东方财富基金历史净值接口
110008,易方达稳健收益债券B,2020-03-09,1.3261,2.2937,-0.37,东方财富基金历史净值接口
110008,易方达稳健收益债券B,2020-03-10,1.3298,2.2974,0.28,东方财富基金历史净值接口
110008,易方达稳健收益债券B,2020-03-11,1.3269,2.2945,-0.22,东方财富基金历史净值接口
110008,易方达稳健收益债券B,2020-03-12,1.3225,2.2901,-0.33,东方财富基金历史净值接口
110008,易方达稳健收益债券B,2020-03-13,1.3172,2.2848,-0.4,东方财富基金历史净值接口
110008,易方达稳健收益债券B,2020-03-16,1.3069,2.2745,-0.78,东方财富基金历史净值接口
110008,易方达稳健收益债券B,2020-03-17,1.3032,2.2708,-0.28,东方财富基金历史净值接口
110008,易方达稳健收益债券B,2020-03-18,1.2994,2.267,-0.29,东方财富基金历史净值接口
110008,易方达稳健收益债券B,2020-03-19,1.2938,2.2614,-0.43,东方财富基金历史净值接口
110008,易方达稳健收益债券B,2020-03-20,1.2996,2.2672,0.45,东方财富基金历史净值接口
110008,易方达稳健收益债券B,2020-03-23,1.295,2.2626,-0.35,东方财富基金历史净值接口
110008,易方达稳健收益债券B,2020-03-24,1.3007,2.2683,0.44,东方财富基金历史净值接口
110008,易方达稳健收益债券B,2020-03-25,1.3065,2.2741,0.45,东方财富基金历史净值接口
110008,易方达稳健收益债券B,2020-03-26,1.306,2.2736,-0.04,东方财富基金历史净值接口
110008,易方达稳健收益债券B,2020-03-27,1.307,2.2746,0.08,东方财富基金历史净值接口
110008,易方达稳健收益债券B,2020-03-30,1.3051,2.2727,-0.15,东方财富基金历史净值接口
110008,易方达稳健收益债券B,2020-03-31,1.3061,2.2737,0.08,东方财富基金历史净值接口
110008,易方达稳健收益债券B,2020-04-01,1.3075,2.2751,0.11,东方财富基金历史净值接口
110008,易方达稳健收益债券B,2020-04-02,1.309,2.2766,0.11,东方财富基金历史净值接口
110008,易方达稳健收益债券B,2020-04-03,1.3075,2.2751,-0.11,东方财富基金历史净值接口
110008,易方达稳健收益债券B,2020-04-07,1.3181,2.2857,0.81,东方财富基金历史净值接口
110008,易方达稳健收益债券B,2020-04-08,1.321,2.2886,0.22,东方财富基金历史净值接口
110008,易方达稳健收益债券B,2020-04-09,1.3206,2.2882,-0.03,东方财富基金历史净值接口
110008,易方达稳健收益债券B,2020-04-10,1.3181,2.2857,-0.19,东方财富基金历史净值接口
110008,易方达稳健收益债券B,2020-04-13,1.3168,2.2844,-0.1,东方财富基金历史净值接口
110008,易方达稳健收益债券B,2020-04-14,1.3186,2.2862,0.14,东方财富基金历史净值接口
110008,易方达稳健收益债券B,2020-04-15,1.318,2.2856,-0.05,东方财富基金历史净值接口
110008,易方达稳健收益债券B,2020-04-16,1.3196,2.2872,0.12,东方财富基金历史净值接口
110008,易方达稳健收益债券B,2020-04-17,1.3218,2.2894,0.17,东方财富基金历史净值接口
110008,易方达稳健收益债券B,2020-04-20,1.3221,2.2897,0.02,东方财富基金历史净值接口
110008,易方达稳健收益债券B,2020-04-21,1.3215,2.2891,-0.05,东方财富基金历史净值接口
110008,易方达稳健收益债券B,2020-04-22,1.3237,2.2913,0.17,东方财富基金历史净值接口
110008,易方达稳健收益债券B,2020-04-23,1.3265,2.2941,0.21,东方财富基金历史净值接口
110008,易方达稳健收益债券B,2020-04-24,1.3249,2.2925,-0.12,东方财富基金历史净值接口
110008,易方达稳健收益债券B,2020-04-27,1.3254,2.293,0.04,东方财富基金历史净值接口
110008,易方达稳健收益债券B,2020-04-28,1.3263,2.2939,0.07,东方财富基金历史净值接口
110008,易方达稳健收益债券B,2020-04-29,1.3301,2.2977,0.29,东方财富基金历史净值接口
110008,易方达稳健收益债券B,2020-04-30,1.3321,2.2997,0.15,东方财富基金历史净值接口
110008,易方达稳健收益债券B,2020-05-06,1.3311,2.2987,-0.08,东方财富基金历史净值接口
110008,易方达稳健收益债券B,2020-05-07,1.3279,2.2955,-0.24,东方财富基金历史净值接口
110008,易方达稳健收益债券B,2020-05-08,1.3294,2.297,0.11,东方财富基金历史净值接口
110008,易方达稳健收益债券B,2020-05-11,1.3273,2.2949,-0.16,东方财富基金历史净值接口
110008,易方达稳健收益债券B,2020-05-12,1.3258,2.2934,-0.11,东方财富基金历史净值接口
110008,易方达稳健收益债券B,2020-05-13,1.3255,2.2931,-0.02,东方财富基金历史净值接口
110008,易方达稳健收益债券B,2020-05-14,1.3209,2.2885,-0.35,东方财富基金历史净值接口
110008,易方达稳健收益债券B,2020-05-15,1.3198,2.2874,-0.08,东方财富基金历史净值接口
110008,易方达稳健收益债券B,2020-05-18,1.317,2.2846,-0.21,东方财富基金历史净值接口
110008,易方达稳健收益债券B,2020-05-19,1.3191,2.2867,0.16,东方财富基金历史净值接口
110008,易方达稳健收益债券B,2020-05-20,1.3164,2.284,-0.2,东方财富基金历史净值接口
110008,易方达稳健收益债券B,2020-05-21,1.3156,2.2832,-0.06,东方财富基金历史净值接口
110008,易方达稳健收益债券B,2020-05-22,1.3136,2.2812,-0.15,东方财富基金历史净值接口
110008,易方达稳健收益债券B,2020-05-25,1.3103,2.2779,-0.25,东方财富基金历史净值接口
110008,易方达稳健收益债券B,2020-05-26,1.3111,2.2787,0.06,东方财富基金历史净值接口
110008,易方达稳健收益债券B,2020-05-27,1.3107,2.2783,-0.03,东方财富基金历史净值接口
110008,易方达稳健收益债券B,2020-05-28,1.3113,2.2789,0.05,东方财富基金历史净值接口
110008,易方达稳健收益债券B,2020-05-29,1.3126,2.2802,0.1,东方财富基金历史净值接口
110008,易方达稳健收益债券B,2020-06-01,1.3179,2.2855,0.4,东方财富基金历史净值接口
110008,易方达稳健收益债券B,2020-06-02,1.3144,2.282,-0.27,东方财富基金历史净值接口
110008,易方达稳健收益债券B,2020-06-03,1.3092,2.2768,-0.4,东方财富基金历史净值接口
110008,易方达稳健收益债券B,2020-06-04,1.3059,2.2735,-0.25,东方财富基金历史净值接口
110008,易方达稳健收益债券B,2020-06-05,1.3034,2.271,-0.19,东方财富基金历史净值接口
110008,易方达稳健收益债券B,2020-06-08,1.3047,2.2723,0.1,东方财富基金历史净值接口
110008,易方达稳健收益债券B,2020-06-09,1.3069,2.2745,0.17,东方财富基金历史净值接口
110008,易方达稳健收益债券B,2020-06-10,1.3069,2.2745,0.0,东方财富基金历史净值接口
110008,易方达稳健收益债券B,2020-06-11,1.3064,2.274,-0.04,东方财富基金历史净值接口
110008,易方达稳健收益债券B,2020-06-12,1.3075,2.2751,0.08,东方财富基金历史净值接口
110008,易方达稳健收益债券B,2020-06-15,1.3043,2.2719,-0.24,东方财富基金历史净值接口
110008,易方达稳健收益债券B,2020-06-16,1.3054,2.273,0.08,东方财富基金历史净值接口
110008,易方达稳健收益债券B,2020-06-17,1.3038,2.2714,-0.12,东方财富基金历史净值接口
110008,易方达稳健收益债券B,2020-06-18,1.3055,2.2731,0.13,东方财富基金历史净值接口
110008,易方达稳健收益债券B,2020-06-19,1.3063,2.2739,0.06,东方财富基金历史净值接口
110008,易方达稳健收益债券B,2020-06-22,1.3042,2.2718,-0.16,东方财富基金历史净值接口
110008,易方达稳健收益债券B,2020-06-23,1.3007,2.2683,-0.27,东方财富基金历史净值接口
110008,易方达稳健收益债券B,2020-06-24,1.3045,2.2721,0.29,东方财富基金历史净值接口
110008,易方达稳健收益债券B,2020-06-29,1.304,2.2716,-0.04,东方财富基金历史净值接口
110008,易方达稳健收益债券B,2020-06-30,1.3079,2.2755,0.3,东方财富基金历史净值接口
110008,易方达稳健收益债券B,2020-07-01,1.3144,2.282,0.5,东方财富基金历史净值接口
110008,易方达稳健收益债券B,2020-07-02,1.3216,2.2892,0.55,东方财富基金历史净值接口
110008,易方达稳健收益债券B,2020-07-03,1.326,2.2936,0.33,东方财富基金历史净值接口
110008,易方达稳健收益债券B,2020-07-06,1.3414,2.309,1.16,东方财富基金历史净值接口
110008,易方达稳健收益债券B,2020-07-07,1.3371,2.3047,-0.32,东方财富基金历史净值接口
110008,易方达稳健收益债券B,2020-07-08,1.3407,2.3083,0.27,东方财富基金历史净值接口
110008,易方达稳健收益债券B,2020-07-09,1.341,2.3086,0.02,东方财富基金历史净值接口
110008,易方达稳健收益债券B,2020-07-10,1.3324,2.3,-0.64,东方财富基金历史净值接口
110008,易方达稳健收益债券B,2020-07-13,1.3365,2.3041,0.31,东方财富基金历史净值接口
110008,易方达稳健收益债券B,2020-07-14,1.3341,2.3017,-0.18,东方财富基金历史净值接口
110008,易方达稳健收益债券B,2020-07-15,1.3311,2.2987,-0.22,东方财富基金历史净值接口
110008,易方达稳健收益债券B,2020-07-16,1.3208,2.2884,-0.77,东方财富基金历史净值接口
110008,易方达稳健收益债券B,2020-07-17,1.3257,2.2933,0.37,东方财富基金历史净值接口
110008,易方达稳健收益债券B,2020-07-20,1.342,2.3096,1.23,东方财富基金历史净值接口
110008,易方达稳健收益债券B,2020-07-21,1.3442,2.3118,0.16,东方财富基金历史净值接口
110008,易方达稳健收益债券B,2020-07-22,1.3478,2.3154,0.27,东方财富基金历史净值接口
110008,易方达稳健收益债券B,2020-07-23,1.3492,2.3168,0.1,东方财富基金历史净值接口
110008,易方达稳健收益债券B,2020-07-24,1.3374,2.305,-0.87,东方财富基金历史净值接口
110008,易方达稳健收益债券B,2020-07-27,1.3387,2.3063,0.1,东方财富基金历史净值接口
110008,易方达稳健收益债券B,2020-07-28,1.3378,2.3054,-0.07,东方财富基金历史净值接口
110008,易方达稳健收益债券B,2020-07-29,1.3456,2.3132,0.58,东方财富基金历史净值接口
110008,易方达稳健收益债券B,2020-07-30,1.3464,2.314,0.06,东方财富基金历史净值接口
110008,易方达稳健收益债券B,2020-07-31,1.3491,2.3167,0.2,东方财富基金历史净值接口
110008,易方达稳健收益债券B,2020-08-03,1.3558,2.3234,0.5,东方财富基金历史净值接口
110008,易方达稳健收益债券B,2020-08-04,1.3567,2.3243,0.07,东方财富基金历史净值接口
110008,易方达稳健收益债券B,2020-08-05,1.3569,2.3245,0.01,东方财富基金历史净值接口
110008,易方达稳健收益债券B,2020-08-06,1.3541,2.3217,-0.21,东方财富基金历史净值接口
110008,易方达稳健收益债券B,2020-08-07,1.3534,2.321,-0.05,东方财富基金历史净值接口
110008,易方达稳健收益债券B,2020-08-10,1.3583,2.3259,0.36,东方财富基金历史净值接口
110008,易方达稳健收益债券B,2020-08-11,1.3561,2.3237,-0.16,东方财富基金历史净值接口
110008,易方达稳健收益债券B,2020-08-12,1.3534,2.321,-0.2,东方财富基金历史净值接口
110008,易方达稳健收益债券B,2020-08-13,1.3541,2.3217,0.05,东方财富基金历史净值接口
110008,易方达稳健收益债券B,2020-08-14,1.3599,2.3275,0.43,东方财富基金历史净值接口
110008,易方达稳健收益债券B,2020-08-17,1.3686,2.3362,0.64,东方财富基金历史净值接口
110008,易方达稳健收益债券B,2020-08-18,1.3687,2.3363,0.01,东方财富基金历史净值接口
110008,易方达稳健收益债券B,2020-08-19,1.3642,2.3318,-0.33,东方财富基金历史净值接口
110008,易方达稳健收益债券B,2020-08-20,1.3587,2.3263,-0.4,东方财富基金历史净值接口
110008,易方达稳健收益债券B,2020-08-21,1.3604,2.328,0.13,东方财富基金历史净值接口
110008,易方达稳健收益债券B,2020-08-24,1.3613,2.3289,0.07,东方财富基金历史净值接口
110008,易方达稳健收益债券B,2020-08-25,1.3595,2.3271,-0.13,东方财富基金历史净值接口
110008,易方达稳健收益债券B,2020-08-26,1.3528,2.3204,-0.49,东方财富基金历史净值接口
110008,易方达稳健收益债券B,2020-08-27,1.3526,2.3202,-0.01,东方财富基金历史净值接口
110008,易方达稳健收益债券B,2020-08-28,1.358,2.3256,0.4,东方财富基金历史净值接口
110008,易方达稳健收益债券B,2020-08-31,1.358,2.3256,0.0,东方财富基金历史净值接口
110008,易方达稳健收益债券B,2020-09-01,1.3583,2.3259,0.02,东方财富基金历史净值接口
110008,易方达稳健收益债券B,2020-09-02,1.3558,2.3234,-0.18,东方财富基金历史净值接口
110008,易方达稳健收益债券B,2020-09-03,1.3534,2.321,-0.18,东方财富基金历史净值接口
110008,易方达稳健收益债券B,2020-09-04,1.3515,2.3191,-0.14,东方财富基金历史净值接口
110008,易方达稳健收益债券B,2020-09-07,1.345,2.3126,-0.48,东方财富基金历史净值接口
110008,易方达稳健收益债券B,2020-09-08,1.3471,2.3147,0.16,东方财富基金历史净值接口
110008,易方达稳健收益债券B,2020-09-09,1.3424,2.31,-0.35,东方财富基金历史净值接口
110008,易方达稳健收益债券B,2020-09-10,1.3404,2.308,-0.15,东方财富基金历史净值接口
110008,易方达稳健收益债券B,2020-09-11,1.3421,2.3097,0.13,东方财富基金历史净值接口
110008,易方达稳健收益债券B,2020-09-14,1.3445,2.3121,0.18,东方财富基金历史净值接口
110008,易方达稳健收益债券B,2020-09-15,1.3469,2.3145,0.18,东方财富基金历史净值接口
110008,易方达稳健收益债券B,2020-09-16,1.3469,2.3145,0.0,东方财富基金历史净值接口
110008,易方达稳健收益债券B,2020-09-17,1.3463,2.3139,-0.04,东方财富基金历史净值接口
110008,易方达稳健收益债券B,2020-09-18,1.3495,2.3171,0.24,东方财富基金历史净值接口
110008,易方达稳健收益债券B,2020-09-21,1.3484,2.316,-0.08,东方财富基金历史净值接口
110008,易方达稳健收益债券B,2020-09-22,1.3435,2.3111,-0.36,东方财富基金历史净值接口
110008,易方达稳健收益债券B,2020-09-23,1.3443,2.3119,0.06,东方财富基金历史净值接口
110008,易方达稳健收益债券B,2020-09-24,1.3381,2.3057,-0.46,东方财富基金历史净值接口
110008,易方达稳健收益债券B,2020-09-25,1.3359,2.3035,-0.16,东方财富基金历史净值接口
110008,易方达稳健收益债券B,2020-09-28,1.3367,2.3043,0.06,东方财富基金历史净值接口
110008,易方达稳健收益债券B,2020-09-29,1.3373,2.3049,0.04,东方财富基金历史净值接口
110008,易方达稳健收益债券B,2020-09-30,1.3371,2.3047,-0.01,东方财富基金历史净值接口
110008,易方达稳健收益债券B,2020-10-09,1.3417,2.3093,0.34,东方财富基金历史净值接口
110008,易方达稳健收益债券B,2020-10-12,1.3479,2.3155,0.46,东方财富基金历史净值接口
110008,易方达稳健收益债券B,2020-10-13,1.349,2.3166,0.08,东方财富基金历史净值接口
110008,易方达稳健收益债券B,2020-10-14,1.3486,2.3162,-0.03,东方财富基金历史净值接口
110008,易方达稳健收益债券B,2020-10-15,1.3486,2.3162,0.0,东方财富基金历史净值接口
110008,易方达稳健收益债券B,2020-10-16,1.3487,2.3163,0.01,东方财富基金历史净值接口
110008,易方达稳健收益债券B,2020-10-19,1.3475,2.3151,-0.09,东方财富基金历史净值接口
110008,易方达稳健收益债券B,2020-10-20,1.349,2.3166,0.11,东方财富基金历史净值接口
110008,易方达稳健收益债券B,2020-10-21,1.3507,2.3183,0.13,东方财富基金历史净值接口
110008,易方达稳健收益债券B,2020-10-22,1.3506,2.3182,-0.01,东方财富基金历史净值接口
110008,易方达稳健收益债券B,2020-10-23,1.3496,2.3172,-0.07,东方财富基金历史净值接口
110008,易方达稳健收益债券B,2020-10-26,1.3482,2.3158,-0.1,东方财富基金历史净值接口
110008,易方达稳健收益债券B,2020-10-27,1.3495,2.3171,0.1,东方财富基金历史净值接口
110008,易方达稳健收益债券B,2020-10-28,1.3492,2.3168,-0.02,东方财富基金历史净值接口
110008,易方达稳健收益债券B,2020-10-29,1.3522,2.3198,0.22,东方财富基金历史净值接口
110008,易方达稳健收益债券B,2020-10-30,1.3476,2.3152,-0.34,东方财富基金历史净值接口
110008,易方达稳健收益债券B,2020-11-02,1.3502,2.3178,0.19,东方财富基金历史净值接口
110008,易方达稳健收益债券B,2020-11-03,1.3536,2.3212,0.25,东方财富基金历史净值接口
110008,易方达稳健收益债券B,2020-11-04,1.3588,2.3264,0.38,东方财富基金历史净值接口
110008,易方达稳健收益债券B,2020-11-05,1.3606,2.3282,0.13,东方财富基金历史净值接口
110008,易方达稳健收益债券B,2020-11-06,1.361,2.3286,0.03,东方财富基金历史净值接口
110008,易方达稳健收益债券B,2020-11-09,1.3657,2.3333,0.35,东方财富基金历史净值接口
110008,易方达稳健收益债券B,2020-11-10,1.3667,2.3343,0.07,东方财富基金历史净值接口
110008,易方达稳健收益债券B,2020-11-11,1.3663,2.3339,-0.03,东方财富基金历史净值接口
110008,易方达稳健收益债券B,2020-11-12,1.3648,2.3324,-0.11,东方财富基金历史净值接口
110008,易方达稳健收益债券B,2020-11-13,1.3581,2.3257,-0.49,东方财富基金历史净值接口
110008,易方达稳健收益债券B,2020-11-16,1.3614,2.329,0.24,东方财富基金历史净值接口
110008,易方达稳健收益债券B,2020-11-17,1.3625,2.3301,0.08,东方财富基金历史净值接口
110008,易方达稳健收益债券B,2020-11-18,1.3627,2.3303,0.01,东方财富基金历史净值接口
110008,易方达稳健收益债券B,2020-11-19,1.3625,2.3301,-0.01,东方财富基金历史净值接口
110008,易方达稳健收益债券B,2020-11-20,1.3617,2.3293,-0.06,东方财富基金历史净值接口
110008,易方达稳健收益债券B,2020-11-23,1.3687,2.3363,0.51,东方财富基金历史净值接口
110008,易方达稳健收益债券B,2020-11-24,1.3661,2.3337,-0.19,东方财富基金历史净值接口
110008,易方达稳健收益债券B,2020-11-25,1.3629,2.3305,-0.23,东方财富基金历史净值接口
110008,易方达稳健收益债券B,2020-11-26,1.3638,2.3314,0.07,东方财富基金历史净值接口
110008,易方达稳健收益债券B,2020-11-27,1.367,2.3346,0.23,东方财富基金历史净值接口
110008,易方达稳健收益债券B,2020-11-30,1.3658,2.3334,-0.09,东方财富基金历史净值接口
110008,易方达稳健收益债券B,2020-12-01,1.3726,2.3402,0.5,东方财富基金历史净值接口
110008,易方达稳健收益债券B,2020-12-02,1.3735,2.3411,0.07,东方财富基金历史净值接口
110008,易方达稳健收益债券B,2020-12-03,1.3714,2.339,-0.15,东方财富基金历史净值接口
110008,易方达稳健收益债券B,2020-12-04,1.3709,2.3385,-0.04,东方财富基金历史净值接口
110008,易方达稳健收益债券B,2020-12-07,1.3667,2.3343,-0.31,东方财富基金历史净值接口
110008,易方达稳健收益债券B,2020-12-08,1.3664,2.334,-0.02,东方财富基金历史净值接口
110008,易方达稳健收益债券B,2020-12-09,1.3623,2.3299,-0.3,东方财富基金历史净值接口
110008,易方达稳健收益债券B,2020-12-10,1.3631,2.3307,0.06,东方财富基金历史净值接口
110008,易方达稳健收益债券B,2020-12-11,1.3596,2.3272,-0.26,东方财富基金历史净值接口
110008,易方达稳健收益债券B,2020-12-14,1.3618,2.3294,0.16,东方财富基金历史净值接口
110008,易方达稳健收益债券B,2020-12-15,1.3606,2.3282,-0.09,东方财富基金历史净值接口
110008,易方达稳健收益债券B,2020-12-16,1.3611,2.3287,0.04,东方财富基金历史净值接口
110008,易方达稳健收益债券B,2020-12-17,1.3631,2.3307,0.15,东方财富基金历史净值接口
110008,易方达稳健收益债券B,2020-12-18,1.3621,2.3297,-0.07,东方财富基金历史净值接口
110008,易方达稳健收益债券B,2020-12-21,1.325,2.3316,0.14,东方财富基金历史净值接口
110008,易方达稳健收益债券B,2020-12-22,1.3201,2.3267,-0.37,东方财富基金历史净值接口
110008,易方达稳健收益债券B,2020-12-23,1.3233,2.3299,0.24,东方财富基金历史净值接口
110008,易方达稳健收益债券B,2020-12-24,1.323,2.3296,-0.02,东方财富基金历史净值接口
110008,易方达稳健收益债券B,2020-12-25,1.3272,2.3338,0.32,东方财富基金历史净值接口
110008,易方达稳健收益债券B,2020-12-28,1.3286,2.3352,0.11,东方财富基金历史净值接口
110008,易方达稳健收益债券B,2020-12-29,1.328,2.3346,-0.05,东方财富基金历史净值接口
110008,易方达稳健收益债券B,2020-12-30,1.3309,2.3375,0.22,东方财富基金历史净值接口
110008,易方达稳健收益债券B,2020-12-31,1.3373,2.3439,0.48,东方财富基金历史净值接口
110008,易方达稳健收益债券B,2021-01-04,1.3388,2.3454,0.11,东方财富基金历史净值接口
110008,易方达稳健收益债券B,2021-01-05,1.3428,2.3494,0.3,东方财富基金历史净值接口
110008,易方达稳健收益债券B,2021-01-06,1.3474,2.354,0.34,东方财富基金历史净值接口
110008,易方达稳健收益债券B,2021-01-07,1.3526,2.3592,0.39,东方财富基金历史净值接口
110008,易方达稳健收益债券B,2021-01-08,1.3528,2.3594,0.01,东方财富基金历史净值接口
110008,易方达稳健收益债券B,2021-01-11,1.3514,2.358,-0.1,东方财富基金历史净值接口
110008,易方达稳健收益债券B,2021-01-12,1.3459,2.3655,0.55,东方财富基金历史净值接口
110008,易方达稳健收益债券B,2021-01-13,1.3457,2.3653,-0.01,东方财富基金历史净值接口
110008,易方达稳健收益债券B,2021-01-14,1.3425,2.3621,-0.24,东方财富基金历史净值接口
110008,易方达稳健收益债券B,2021-01-15,1.3442,2.3638,0.13,东方财富基金历史净值接口
110008,易方达稳健收益债券B,2021-01-18,1.3498,2.3694,0.42,东方财富基金历史净值接口
110008,易方达稳健收益债券B,2021-01-19,1.3471,2.3667,-0.2,东方财富基金历史净值接口
110008,易方达稳健收益债券B,2021-01-20,1.3481,2.3677,0.07,东方财富基金历史净值接口
110008,易方达稳健收益债券B,2021-01-21,1.3533,2.3729,0.39,东方财富基金历史净值接口
110008,易方达稳健收益债券B,2021-01-22,1.3536,2.3732,0.02,东方财富基金历史净值接口
110008,易方达稳健收益债券B,2021-01-25,1.353,2.3726,-0.04,东方财富基金历史净值接口
110008,易方达稳健收益债券B,2021-01-26,1.3462,2.3658,-0.5,东方财富基金历史净值接口
110008,易方达稳健收益债券B,2021-01-27,1.3488,2.3684,0.19,东方财富基金历史净值接口
110008,易方达稳健收益债券B,2021-01-28,1.3406,2.3602,-0.61,东方财富基金历史净值接口
110008,易方达稳健收益债券B,2021-01-29,1.337,2.3566,-0.27,东方财富基金历史净值接口
110008,易方达稳健收益债券B,2021-02-01,1.3403,2.3599,0.25,东方财富基金历史净值接口
110008,易方达稳健收益债券B,2021-02-02,1.3402,2.3598,-0.01,东方财富基金历史净值接口
110008,易方达稳健收益债券B,2021-02-03,1.3382,2.3578,-0.15,东方财富基金历史净值接口
110008,易方达稳健收益债券B,2021-02-04,1.336,2.3556,-0.16,东方财富基金历史净值接口
110008,易方达稳健收益债券B,2021-02-05,1.3378,2.3574,0.13,东方财富基金历史净值接口
110008,易方达稳健收益债券B,2021-02-08,1.3411,2.3607,0.25,东方财富基金历史净值接口
110008,易方达稳健收益债券B,2021-02-09,1.3468,2.3664,0.43,东方财富基金历史净值接口
110008,易方达稳健收益债券B,2021-02-10,1.3503,2.3699,0.26,东方财富基金历史净值接口
110008,易方达稳健收益债券B,2021-02-18,1.3533,2.3729,0.22,东方财富基金历史净值接口
110008,易方达稳健收益债券B,2021-02-19,1.3569,2.3765,0.27,东方财富基金历史净值接口
110008,易方达稳健收益债券B,2021-02-22,1.3535,2.3731,-0.25,东方财富基金历史净值接口
110008,易方达稳健收益债券B,2021-02-23,1.3547,2.3743,0.09,东方财富基金历史净值接口
110008,易方达稳健收益债券B,2021-02-24,1.3506,2.3702,-0.3,东方财富基金历史净值接口
110008,易方达稳健收益债券B,2021-02-25,1.3535,2.3731,0.21,东方财富基金历史净值接口
110008,易方达稳健收益债券B,2021-02-26,1.347,2.3666,-0.48,东方财富基金历史净值接口
110008,易方达稳健收益债券B,2021-03-01,1.352,2.3716,0.37,东方财富基金历史净值接口
110008,易方达稳健收益债券B,2021-03-02,1.3508,2.3704,-0.09,东方财富基金历史净值接口
110008,易方达稳健收益债券B,2021-03-03,1.3582,2.3778,0.55,东方财富基金历史净值接口
110008,易方达稳健收益债券B,2021-03-04,1.3523,2.3719,-0.43,东方财富基金历史净值接口
110008,易方达稳健收益债券B,2021-03-05,1.3494,2.369,-0.21,东方财富基金历史净值接口
110008,易方达稳健收益债券B,2021-03-08,1.3451,2.3647,-0.32,东方财富基金历史净值接口
110008,易方达稳健收益债券B,2021-03-09,1.3389,2.3585,-0.46,东方财富基金历史净值接口
110008,易方达稳健收益债券B,2021-03-10,1.3392,2.3588,0.02,东方财富基金历史净值接口
110008,易方达稳健收益债券B,2021-03-11,1.3481,2.3677,0.66,东方财富基金历史净值接口
110008,易方达稳健收益债券B,2021-03-12,1.351,2.3706,0.22,东方财富基金历史净值接口
110008,易方达稳健收益债券B,2021-03-15,1.3512,2.3708,0.01,东方财富基金历史净值接口
110008,易方达稳健收益债券B,2021-03-16,1.354,2.3736,0.21,东方财富基金历史净值接口
110008,易方达稳健收益债券B,2021-03-17,1.3518,2.3714,-0.16,东方财富基金历史净值接口
110008,易方达稳健收益债券B,2021-03-18,1.3543,2.3739,0.18,东方财富基金历史净值接口
110008,易方达稳健收益债券B,2021-03-19,1.3497,2.3693,-0.34,东方财富基金历史净值接口
110008,易方达稳健收益债券B,2021-03-22,1.3553,2.3749,0.41,东方财富基金历史净值接口
110008,易方达稳健收益债券B,2021-03-23,1.3514,2.371,-0.29,东方财富基金历史净值接口
110008,易方达稳健收益债券B,2021-03-24,1.3469,2.3665,-0.33,东方财富基金历史净值接口
110008,易方达稳健收益债券B,2021-03-25,1.3457,2.3653,-0.09,东方财富基金历史净值接口
110008,易方达稳健收益债券B,2021-03-26,1.3509,2.3705,0.39,东方财富基金历史净值接口
110008,易方达稳健收益债券B,2021-03-29,1.3523,2.3719,0.1,东方财富基金历史净值接口
110008,易方达稳健收益债券B,2021-03-30,1.3546,2.3742,0.17,东方财富基金历史净值接口
110008,易方达稳健收益债券B,2021-03-31,1.3545,2.3741,-0.01,东方财富基金历史净值接口
110008,易方达稳健收益债券B,2021-04-01,1.3577,2.3773,0.24,东方财富基金历史净值接口
110008,易方达稳健收益债券B,2021-04-02,1.357,2.3766,-0.05,东方财富基金历史净值接口
110008,易方达稳健收益债券B,2021-04-06,1.3573,2.3769,0.02,东方财富基金历史净值接口
110008,易方达稳健收益债券B,2021-04-07,1.357,2.3766,-0.02,东方财富基金历史净值接口
110008,易方达稳健收益债券B,2021-04-08,1.3563,2.3759,-0.05,东方财富基金历史净值接口
110008,易方达稳健收益债券B,2021-04-09,1.3543,2.3739,-0.15,东方财富基金历史净值接口
110008,易方达稳健收益债券B,2021-04-12,1.351,2.3706,-0.24,东方财富基金历史净值接口
110008,易方达稳健收益债券B,2021-04-13,1.3497,2.3693,-0.1,东方财富基金历史净值接口
110008,易方达稳健收益债券B,2021-04-14,1.3511,2.3707,0.1,东方财富基金历史净值接口
110008,易方达稳健收益债券B,2021-04-15,1.351,2.3706,-0.01,东方财富基金历史净值接口
110008,易方达稳健收益债券B,2021-04-16,1.3529,2.3725,0.14,东方财富基金历史净值接口
110008,易方达稳健收益债券B,2021-04-19,1.3589,2.3785,0.44,东方财富基金历史净值接口
110008,易方达稳健收益债券B,2021-04-20,1.3599,2.3795,0.07,东方财富基金历史净值接口
110008,易方达稳健收益债券B,2021-04-21,1.3603,2.3799,0.03,东方财富基金历史净值接口
110008,易方达稳健收益债券B,2021-04-22,1.3596,2.3792,-0.05,东方财富基金历史净值接口
110008,易方达稳健收益债券B,2021-04-23,1.3601,2.3797,0.04,东方财富基金历史净值接口
110008,易方达稳健收益债券B,2021-04-26,1.358,2.3776,-0.15,东方财富基金历史净值接口
110008,易方达稳健收益债券B,2021-04-27,1.3561,2.3757,-0.14,东方财富基金历史净值接口
110008,易方达稳健收益债券B,2021-04-28,1.3583,2.3779,0.16,东方财富基金历史净值接口
110008,易方达稳健收益债券B,2021-04-29,1.3604,2.38,0.15,东方财富基金历史净值接口
110008,易方达稳健收益债券B,2021-04-30,1.3591,2.3787,-0.1,东方财富基金历史净值接口
110008,易方达稳健收益债券B,2021-05-06,1.3606,2.3802,0.11,东方财富基金历史净值接口
110008,易方达稳健收益债券B,2021-05-07,1.3595,2.3791,-0.08,东方财富基金历史净值接口
110008,易方达稳健收益债券B,2021-05-10,1.3605,2.3801,0.07,东方财富基金历史净值接口
110008,易方达稳健收益债券B,2021-05-11,1.3616,2.3812,0.08,东方财富基金历史净值接口
110008,易方达稳健收益债券B,2021-05-12,1.3631,2.3827,0.11,东方财富基金历史净值接口
110008,易方达稳健收益债券B,2021-05-13,1.36,2.3796,-0.23,东方财富基金历史净值接口
110008,易方达稳健收益债券B,2021-05-14,1.364,2.3836,0.29,东方财富基金历史净值接口
110008,易方达稳健收益债券B,2021-05-17,1.3671,2.3867,0.23,东方财富基金历史净值接口
110008,易方达稳健收益债券B,2021-05-18,1.3684,2.388,0.1,东方财富基金历史净值接口
110008,易方达稳健收益债券B,2021-05-19,1.3672,2.3868,-0.09,东方财富基金历史净值接口
110008,易方达稳健收益债券B,2021-05-20,1.3685,2.3881,0.1,东方财富基金历史净值接口
110008,易方达稳健收益债券B,2021-05-21,1.3682,2.3878,-0.02,东方财富基金历史净值接口
110008,易方达稳健收益债券B,2021-05-24,1.3696,2.3892,0.1,东方财富基金历史净值接口
110008,易方达稳健收益债券B,2021-05-25,1.3753,2.3949,0.42,东方财富基金历史净值接口
110008,易方达稳健收益债券B,2021-05-26,1.3772,2.3968,0.14,东方财富基金历史净值接口
110008,易方达稳健收益债券B,2021-05-27,1.3782,2.3978,0.07,东方财富基金历史净值接口
110008,易方达稳健收益债券B,2021-05-28,1.377,2.3966,-0.09,东方财富基金历史净值接口
110008,易方达稳健收益债券B,2021-05-31,1.3775,2.3971,0.04,东方财富基金历史净值接口
110008,易方达稳健收益债券B,2021-06-01,1.3774,2.397,-0.01,东方财富基金历史净值接口
110008,易方达稳健收益债券B,2021-06-02,1.3763,2.3959,-0.08,东方财富基金历史净值接口
110008,易方达稳健收益债券B,2021-06-03,1.3758,2.3954,-0.04,东方财富基金历史净值接口
110008,易方达稳健收益债券B,2021-06-04,1.377,2.3966,0.09,东方财富基金历史净值接口
110008,易方达稳健收益债券B,2021-06-07,1.3757,2.3953,-0.09,东方财富基金历史净值接口
110008,易方达稳健收益债券B,2021-06-08,1.3744,2.394,-0.09,东方财富基金历史净值接口
110008,易方达稳健收益债券B,2021-06-09,1.3751,2.3947,0.05,东方财富基金历史净值接口
110008,易方达稳健收益债券B,2021-06-10,1.3764,2.396,0.09,东方财富基金历史净值接口
110008,易方达稳健收益债券B,2021-06-11,1.3757,2.3953,-0.05,东方财富基金历史净值接口
110008,易方达稳健收益债券B,2021-06-15,1.3724,2.392,-0.24,东方财富基金历史净值接口
110008,易方达稳健收益债券B,2021-06-16,1.3702,2.3898,-0.16,东方财富基金历史净值接口
110008,易方达稳健收益债券B,2021-06-17,1.3694,2.389,-0.06,东方财富基金历史净值接口
110008,易方达稳健收益债券B,2021-06-18,1.3701,2.3897,0.05,东方财富基金历史净值接口
110008,易方达稳健收益债券B,2021-06-21,1.3705,2.3901,0.03,东方财富基金历史净值接口
110008,易方达稳健收益债券B,2021-06-22,1.3738,2.3934,0.24,东方财富基金历史净值接口
110008,易方达稳健收益债券B,2021-06-23,1.3758,2.3954,0.15,东方财富基金历史净值接口
110008,易方达稳健收益债券B,2021-06-24,1.3778,2.3974,0.15,东方财富基金历史净值接口
110008,易方达稳健收益债券B,2021-06-25,1.3805,2.4001,0.2,东方财富基金历史净值接口
110008,易方达稳健收益债券B,2021-06-28,1.3806,2.4002,0.01,东方财富基金历史净值接口
110008,易方达稳健收益债券B,2021-06-29,1.3783,2.3979,-0.17,东方财富基金历史净值接口
110008,易方达稳健收益债券B,2021-06-30,1.3803,2.3999,0.15,东方财富基金历史净值接口
110008,易方达稳健收益债券B,2021-07-01,1.3808,2.4004,0.04,东方财富基金历史净值接口
110008,易方达稳健收益债券B,2021-07-02,1.3757,2.3953,-0.37,东方财富基金历史净值接口
110008,易方达稳健收益债券B,2021-07-05,1.3764,2.396,0.05,东方财富基金历史净值接口
110008,易方达稳健收益债券B,2021-07-06,1.3783,2.3979,0.14,东方财富基金历史净值接口
110008,易方达稳健收益债券B,2021-07-07,1.3815,2.4011,0.23,东方财富基金历史净值接口
110008,易方达稳健收益债券B,2021-07-08,1.3813,2.4009,-0.01,东方财富基金历史净值接口
110008,易方达稳健收益债券B,2021-07-09,1.3813,2.4009,0.0,东方财富基金历史净值接口
110008,易方达稳健收益债券B,2021-07-12,1.3834,2.403,0.15,东方财富基金历史净值接口
110008,易方达稳健收益债券B,2021-07-13,1.3871,2.4067,0.27,东方财富基金历史净值接口
110008,易方达稳健收益债券B,2021-07-14,1.3859,2.4055,-0.09,东方财富基金历史净值接口
110008,易方达稳健收益债券B,2021-07-15,1.3901,2.4097,0.3,东方财富基金历史净值接口
110008,易方达稳健收益债券B,2021-07-16,1.3897,2.4093,-0.03,东方财富基金历史净值接口
110008,易方达稳健收益债券B,2021-07-19,1.3904,2.41,0.05,东方财富基金历史净值接口
110008,易方达稳健收益债券B,2021-07-20,1.3906,2.4102,0.01,东方财富基金历史净值接口
110008,易方达稳健收益债券B,2021-07-21,1.3944,2.414,0.27,东方财富基金历史净值接口
110008,易方达稳健收益债券B,2021-07-22,1.397,2.4166,0.19,东方财富基金历史净值接口
110008,易方达稳健收益债券B,2021-07-23,1.3973,2.4169,0.02,东方财富基金历史净值接口
110008,易方达稳健收益债券B,2021-07-26,1.3931,2.4127,-0.3,东方财富基金历史净值接口
110008,易方达稳健收益债券B,2021-07-27,1.385,2.4046,-0.58,东方财富基金历史净值接口
110008,易方达稳健收益债券B,2021-07-28,1.385,2.4046,0.0,东方财富基金历史净值接口
110008,易方达稳健收益债券B,2021-07-29,1.3877,2.4073,0.19,东方财富基金历史净值接口
110008,易方达稳健收益债券B,2021-07-30,1.3879,2.4075,0.01,东方财富基金历史净值接口
110008,易方达稳健收益债券B,2021-08-02,1.3944,2.414,0.47,东方财富基金历史净值接口
110008,易方达稳健收益债券B,2021-08-03,1.395,2.4146,0.04,东方财富基金历史净值接口
110008,易方达稳健收益债券B,2021-08-04,1.3971,2.4167,0.15,东方财富基金历史净值接口
110008,易方达稳健收益债券B,2021-08-05,1.3971,2.4167,0.0,东方财富基金历史净值接口
110008,易方达稳健收益债券B,2021-08-06,1.3964,2.416,-0.05,东方财富基金历史净值接口
110008,易方达稳健收益债券B,2021-08-09,1.3998,2.4194,0.24,东方财富基金历史净值接口
110008,易方达稳健收益债券B,2021-08-10,1.4036,2.4232,0.27,东方财富基金历史净值接口
110008,易方达稳健收益债券B,2021-08-11,1.4042,2.4238,0.04,东方财富基金历史净值接口
110008,易方达稳健收益债券B,2021-08-12,1.4024,2.422,-0.13,东方财富基金历史净值接口
110008,易方达稳健收益债券B,2021-08-13,1.4032,2.4228,0.06,东方财富基金历史净值接口
110008,易方达稳健收益债券B,2021-08-16,1.4049,2.4245,0.12,东方财富基金历史净值接口
110008,易方达稳健收益债券B,2021-08-17,1.4002,2.4198,-0.33,东方财富基金历史净值接口
110008,易方达稳健收益债券B,2021-08-18,1.4036,2.4232,0.24,东方财富基金历史净值接口
110008,易方达稳健收益债券B,2021-08-19,1.4017,2.4213,-0.14,东方财富基金历史净值接口
110008,易方达稳健收益债券B,2021-08-20,1.4001,2.4197,-0.11,东方财富基金历史净值接口
110008,易方达稳健收益债券B,2021-08-23,1.4028,2.4224,0.19,东方财富基金历史净值接口
110008,易方达稳健收益债券B,2021-08-24,1.4038,2.4234,0.07,东方财富基金历史净值接口
110008,易方达稳健收益债券B,2021-08-25,1.4053,2.4249,0.11,东方财富基金历史净值接口
110008,易方达稳健收益债券B,2021-08-26,1.4007,2.4203,-0.33,东方财富基金历史净值接口
110008,易方达稳健收益债券B,2021-08-27,1.4009,2.4205,0.01,东方财富基金历史净值接口
110008,易方达稳健收益债券B,2021-08-30,1.3995,2.4191,-0.1,东方财富基金历史净值接口
110008,易方达稳健收益债券B,2021-08-31,1.4025,2.4221,0.21,东方财富基金历史净值接口
110008,易方达稳健收益债券B,2021-09-01,1.4076,2.4272,0.36,东方财富基金历史净值接口
110008,易方达稳健收益债券B,2021-09-02,1.4118,2.4314,0.3,东方财富基金历史净值接口
110008,易方达稳健收益债券B,2021-09-03,1.415,2.4346,0.23,东方财富基金历史净值接口
110008,易方达稳健收益债券B,2021-09-06,1.4184,2.438,0.24,东方财富基金历史净值接口
110008,易方达稳健收益债券B,2021-09-07,1.4204,2.44,0.14,东方财富基金历史净值接口
110008,易方达稳健收益债券B,2021-09-08,1.4234,2.443,0.21,东方财富基金历史净值接口
110008,易方达稳健收益债券B,2021-09-09,1.4254,2.445,0.14,东方财富基金历史净值接口
110008,易方达稳健收益债券B,2021-09-10,1.4252,2.4448,-0.01,东方财富基金历史净值接口
110008,易方达稳健收益债券B,2021-09-13,1.4257,2.4453,0.04,东方财富基金历史净值接口
110008,易方达稳健收益债券B,2021-09-14,1.4195,2.4391,-0.43,东方财富基金历史净值接口
110008,易方达稳健收益债券B,2021-09-15,1.4175,2.4371,-0.14,东方财富基金历史净值接口
110008,易方达稳健收益债券B,2021-09-16,1.414,2.4336,-0.25,东方财富基金历史净值接口
110008,易方达稳健收益债券B,2021-09-17,1.4162,2.4358,0.16,东方财富基金历史净值接口
110008,易方达稳健收益债券B,2021-09-22,1.4183,2.4379,0.15,东方财富基金历史净值接口
110008,易方达稳健收益债券B,2021-09-23,1.4204,2.44,0.15,东方财富基金历史净值接口
110008,易方达稳健收益债券B,2021-09-24,1.4179,2.4375,-0.18,东方财富基金历史净值接口
110008,易方达稳健收益债券B,2021-09-27,1.4154,2.435,-0.18,东方财富基金历史净值接口
110008,易方达稳健收益债券B,2021-09-28,1.4176,2.4372,0.16,东方财富基金历史净值接口
110008,易方达稳健收益债券B,2021-09-29,1.4154,2.435,-0.16,东方财富基金历史净值接口
110008,易方达稳健收益债券B,2021-09-30,1.416,2.4356,0.04,东方财富基金历史净值接口
110008,易方达稳健收益债券B,2021-10-08,1.4168,2.4364,0.06,东方财富基金历史净值接口
110008,易方达稳健收益债券B,2021-10-11,1.4174,2.437,0.04,东方财富基金历史净值接口
110008,易方达稳健收益债券B,2021-10-12,1.4143,2.4339,-0.22,东方财富基金历史净值接口
110008,易方达稳健收益债券B,2021-10-13,1.4131,2.4327,-0.08,东方财富基金历史净值接口
110008,易方达稳健收益债券B,2021-10-14,1.412,2.4316,-0.08,东方财富基金历史净值接口
110008,易方达稳健收益债券B,2021-10-15,1.413,2.4326,0.07,东方财富基金历史净值接口
110008,易方达稳健收益债券B,2021-10-18,1.4123,2.4319,-0.05,东方财富基金历史净值接口
110008,易方达稳健收益债券B,2021-10-19,1.4139,2.4335,0.11,东方财富基金历史净值接口
110008,易方达稳健收益债券B,2021-10-20,1.4141,2.4337,0.01,东方财富基金历史净值接口
110008,易方达稳健收益债券B,2021-10-21,1.4155,2.4351,0.1,东方财富基金历史净值接口
110008,易方达稳健收益债券B,2021-10-22,1.416,2.4356,0.04,东方财富基金历史净值接口
110008,易方达稳健收益债券B,2021-10-25,1.4167,2.4363,0.05,东方财富基金历史净值接口
110008,易方达稳健收益债券B,2021-10-26,1.4169,2.4365,0.01,东方财富基金历史净值接口
110008,易方达稳健收益债券B,2021-10-27,1.4166,2.4362,-0.02,东方财富基金历史净值接口
110008,易方达稳健收益债券B,2021-10-28,1.4169,2.4365,0.02,东方财富基金历史净值接口
110008,易方达稳健收益债券B,2021-10-29,1.4184,2.438,0.11,东方财富基金历史净值接口
110008,易方达稳健收益债券B,2021-11-01,1.4207,2.4403,0.16,东方财富基金历史净值接口
110008,易方达稳健收益债券B,2021-11-02,1.4185,2.4381,-0.15,东方财富基金历史净值接口
110008,易方达稳健收益债券B,2021-11-03,1.4193,2.4389,0.06,东方财富基金历史净值接口
110008,易方达稳健收益债券B,2021-11-04,1.4205,2.4401,0.08,东方财富基金历史净值接口
110008,易方达稳健收益债券B,2021-11-05,1.4195,2.4391,-0.07,东方财富基金历史净值接口
110008,易方达稳健收益债券B,2021-11-08,1.4199,2.4395,0.03,东方财富基金历史净值接口
110008,易方达稳健收益债券B,2021-11-09,1.4197,2.4393,-0.01,东方财富基金历史净值接口
110008,易方达稳健收益债券B,2021-11-10,1.4187,2.4383,-0.07,东方财富基金历史净值接口
110008,易方达稳健收益债券B,2021-11-11,1.4214,2.441,0.19,东方财富基金历史净值接口
110008,易方达稳健收益债券B,2021-11-12,1.4218,2.4414,0.03,东方财富基金历史净值接口
110008,易方达稳健收益债券B,2021-11-15,1.4218,2.4414,0.0,东方财富基金历史净值接口
110008,易方达稳健收益债券B,2021-11-16,1.4205,2.4401,-0.09,东方财富基金历史净值接口
110008,易方达稳健收益债券B,2021-11-17,1.4201,2.4397,-0.03,东方财富基金历史净值接口
110008,易方达稳健收益债券B,2021-11-18,1.4197,2.4393,-0.03,东方财富基金历史净值接口
110008,易方达稳健收益债券B,2021-11-19,1.4215,2.4411,0.13,东方财富基金历史净值接口
110008,易方达稳健收益债券B,2021-11-22,1.4226,2.4422,0.08,东方财富基金历史净值接口
110008,易方达稳健收益债券B,2021-11-23,1.4232,2.4428,0.04,东方财富基金历史净值接口
110008,易方达稳健收益债券B,2021-11-24,1.4239,2.4435,0.05,东方财富基金历史净值接口
110008,易方达稳健收益债券B,2021-11-25,1.4233,2.4429,-0.04,东方财富基金历史净值接口
110008,易方达稳健收益债券B,2021-11-26,1.4221,2.4417,-0.08,东方财富基金历史净值接口
110008,易方达稳健收益债券B,2021-11-29,1.4225,2.4421,0.03,东方财富基金历史净值接口
110008,易方达稳健收益债券B,2021-11-30,1.4215,2.4411,-0.07,东方财富基金历史净值接口
110008,易方达稳健收益债券B,2021-12-01,1.4233,2.4429,0.13,东方财富基金历史净值接口
110008,易方达稳健收益债券B,2021-12-02,1.424,2.4436,0.05,东方财富基金历史净值接口
110008,易方达稳健收益债券B,2021-12-03,1.4286,2.4482,0.32,东方财富基金历史净值接口
110008,易方达稳健收益债券B,2021-12-06,1.4298,2.4494,0.08,东方财富基金历史净值接口
110008,易方达稳健收益债券B,2021-12-07,1.431,2.4506,0.08,东方财富基金历史净值接口
110008,易方达稳健收益债券B,2021-12-08,1.4332,2.4528,0.15,东方财富基金历史净值接口
110008,易方达稳健收益债券B,2021-12-09,1.4373,2.4569,0.29,东方财富基金历史净值接口
110008,易方达稳健收益债券B,2021-12-10,1.4355,2.4551,-0.13,东方财富基金历史净值接口
110008,易方达稳健收益债券B,2021-12-13,1.4378,2.4574,0.16,东方财富基金历史净值接口
110008,易方达稳健收益债券B,2021-12-14,1.4355,2.4551,-0.16,东方财富基金历史净值接口
110008,易方达稳健收益债券B,2021-12-15,1.4365,2.4561,0.07,东方财富基金历史净值接口
110008,易方达稳健收益债券B,2021-12-16,1.438,2.4576,0.1,东方财富基金历史净值接口
110008,易方达稳健收益债券B,2021-12-17,1.4368,2.4564,-0.08,东方财富基金历史净值接口
110008,易方达稳健收益债券B,2021-12-20,1.403,2.4546,-0.13,东方财富基金历史净值接口
110008,易方达稳健收益债券B,2021-12-21,1.4046,2.4562,0.11,东方财富基金历史净值接口
110008,易方达稳健收益债券B,2021-12-22,1.4049,2.4565,0.02,东方财富基金历史净值接口
110008,易方达稳健收益债券B,2021-12-23,1.4082,2.4598,0.23,东方财富基金历史净值接口
110008,易方达稳健收益债券B,2021-12-24,1.4087,2.4603,0.04,东方财富基金历史净值接口
110008,易方达稳健收益债券B,2021-12-27,1.4087,2.4603,0.0,东方财富基金历史净值接口
110008,易方达稳健收益债券B,2021-12-28,1.4084,2.46,-0.02,东方财富基金历史净值接口
110008,易方达稳健收益债券B,2021-12-29,1.4066,2.4582,-0.13,东方财富基金历史净值接口
110008,易方达稳健收益债券B,2021-12-30,1.4092,2.4608,0.18,东方财富基金历史净值接口
110008,易方达稳健收益债券B,2021-12-31,1.4114,2.463,0.16,东方财富基金历史净值接口
110008,易方达稳健收益债券B,2022-01-04,1.412,2.4636,0.04,东方财富基金历史净值接口
110008,易方达稳健收益债券B,2022-01-05,1.4112,2.4628,-0.06,东方财富基金历史净值接口
110008,易方达稳健收益债券B,2022-01-06,1.4108,2.4624,-0.03,东方财富基金历史净值接口
110008,易方达稳健收益债券B,2022-01-07,1.4108,2.4624,0.0,东方财富基金历史净值接口
110008,易方达稳健收益债券B,2022-01-10,1.3798,2.4634,0.07,东方财富基金历史净值接口
110008,易方达稳健收益债券B,2022-01-11,1.3784,2.462,-0.1,东方财富基金历史净值接口
110008,易方达稳健收益债券B,2022-01-12,1.3787,2.4623,0.02,东方财富基金历史净值接口
110008,易方达稳健收益债券B,2022-01-13,1.3752,2.4588,-0.25,东方财富基金历史净值接口
110008,易方达稳健收益债券B,2022-01-14,1.372,2.4556,-0.23,东方财富基金历史净值接口
110008,易方达稳健收益债券B,2022-01-17,1.3744,2.458,0.17,东方财富基金历史净值接口
110008,易方达稳健收益债券B,2022-01-18,1.3798,2.4634,0.39,东方财富基金历史净值接口
110008,易方达稳健收益债券B,2022-01-19,1.3818,2.4654,0.14,东方财富基金历史净值接口
110008,易方达稳健收益债券B,2022-01-20,1.3851,2.4687,0.24,东方财富基金历史净值接口
110008,易方达稳健收益债券B,2022-01-21,1.383,2.4666,-0.15,东方财富基金历史净值接口
110008,易方达稳健收益债券B,2022-01-24,1.3839,2.4675,0.07,东方财富基金历史净值接口
110008,易方达稳健收益债券B,2022-01-25,1.3783,2.4619,-0.4,东方财富基金历史净值接口
110008,易方达稳健收益债券B,2022-01-26,1.3797,2.4633,0.1,东方财富基金历史净值接口
110008,易方达稳健收益债券B,2022-01-27,1.3759,2.4595,-0.28,东方财富基金历史净值接口
110008,易方达稳健收益债券B,2022-01-28,1.3731,2.4567,-0.2,东方财富基金历史净值接口
110008,易方达稳健收益债券B,2022-02-07,1.3791,2.4627,0.44,东方财富基金历史净值接口
110008,易方达稳健收益债券B,2022-02-08,1.3815,2.4651,0.17,东方财富基金历史净值接口
110008,易方达稳健收益债券B,2022-02-09,1.3844,2.468,0.21,东方财富基金历史净值接口
110008,易方达稳健收益债券B,2022-02-10,1.3865,2.4701,0.15,东方财富基金历史净值接口
110008,易方达稳健收益债券B,2022-02-11,1.3835,2.4671,-0.22,东方财富基金历史净值接口
110008,易方达稳健收益债券B,2022-02-14,1.3769,2.4605,-0.48,东方财富基金历史净值接口
110008,易方达稳健收益债券B,2022-02-15,1.3749,2.4585,-0.15,东方财富基金历史净值接口
110008,易方达稳健收益债券B,2022-02-16,1.3765,2.4601,0.12,东方财富基金历史净值接口
110008,易方达稳健收益债券B,2022-02-17,1.377,2.4606,0.04,东方财富基金历史净值接口
110008,易方达稳健收益债券B,2022-02-18,1.3803,2.4639,0.24,东方财富基金历史净值接口
110008,易方达稳健收益债券B,2022-02-21,1.3799,2.4635,-0.03,东方财富基金历史净值接口
110008,易方达稳健收益债券B,2022-02-22,1.3747,2.4583,-0.38,东方财富基金历史净值接口
110008,易方达稳健收益债券B,2022-02-23,1.3756,2.4592,0.07,东方财富基金历史净值接口
110008,易方达稳健收益债券B,2022-02-24,1.3709,2.4545,-0.34,东方财富基金历史净值接口
110008,易方达稳健收益债券B,2022-02-25,1.3723,2.4559,0.1,东方财富基金历史净值接口
110008,易方达稳健收益债券B,2022-02-28,1.3719,2.4555,-0.03,东方财富基金历史净值接口
110008,易方达稳健收益债券B,2022-03-01,1.3744,2.458,0.18,东方财富基金历史净值接口
110008,易方达稳健收益债券B,2022-03-02,1.3726,2.4562,-0.13,东方财富基金历史净值接口
110008,易方达稳健收益债券B,2022-03-03,1.3719,2.4555,-0.05,东方财富基金历史净值接口
110008,易方达稳健收益债券B,2022-03-04,1.3678,2.4514,-0.3,东方财富基金历史净值接口
110008,易方达稳健收益债券B,2022-03-07,1.3593,2.4429,-0.62,东方财富基金历史净值接口
110008,易方达稳健收益债券B,2022-03-08,1.3522,2.4358,-0.52,东方财富基金历史净值接口
110008,易方达稳健收益债券B,2022-03-09,1.349,2.4326,-0.24,东方财富基金历史净值接口
110008,易方达稳健收益债券B,2022-03-10,1.352,2.4356,0.22,东方财富基金历史净值接口
110008,易方达稳健收益债券B,2022-03-11,1.3527,2.4363,0.05,东方财富基金历史净值接口
110008,易方达稳健收益债券B,2022-03-14,1.3454,2.429,-0.54,东方财富基金历史净值接口
110008,易方达稳健收益债券B,2022-03-15,1.3323,2.4159,-0.97,东方财富基金历史净值接口
110008,易方达稳健收益债券B,2022-03-16,1.3429,2.4265,0.8,东方财富基金历史净值接口
110008,易方达稳健收益债券B,2022-03-17,1.3489,2.4325,0.45,东方财富基金历史净值接口
110008,易方达稳健收益债券B,2022-03-18,1.3521,2.4357,0.24,东方财富基金历史净值接口
110008,易方达稳健收益债券B,2022-03-21,1.3524,2.436,0.02,东方财富基金历史净值接口
110008,易方达稳健收益债券B,2022-03-22,1.3517,2.4353,-0.05,东方财富基金历史净值接口
110008,易方达稳健收益债券B,2022-03-23,1.352,2.4356,0.02,东方财富基金历史净值接口
110008,易方达稳健收益债券B,2022-03-24,1.3488,2.4324,-0.24,东方财富基金历史净值接口
110008,易方达稳健收益债券B,2022-03-25,1.3441,2.4277,-0.35,东方财富基金历史净值接口
110008,易方达稳健收益债券B,2022-03-28,1.3426,2.4262,-0.11,东方财富基金历史净值接口
110008,易方达稳健收益债券B,2022-03-29,1.3419,2.4255,-0.05,东方财富基金历史净值接口
110008,易方达稳健收益债券B,2022-03-30,1.3497,2.4333,0.58,东方财富基金历史净值接口
110008,易方达稳健收益债券B,2022-03-31,1.3482,2.4318,-0.11,东方财富基金历史净值接口
110008,易方达稳健收益债券B,2022-04-01,1.353,2.4366,0.36,东方财富基金历史净值接口
110008,易方达稳健收益债券B,2022-04-06,1.3543,2.4379,0.1,东方财富基金历史净值接口
110008,易方达稳健收益债券B,2022-04-07,1.3508,2.4344,-0.26,东方财富基金历史净值接口
110008,易方达稳健收益债券B,2022-04-08,1.3531,2.4367,0.17,东方财富基金历史净值接口
110008,易方达稳健收益债券B,2022-04-11,1.3468,2.4304,-0.47,东方财富基金历史净值接口
110008,易方达稳健收益债券B,2022-04-12,1.3503,2.4339,0.26,东方财富基金历史净值接口
110008,易方达稳健收益债券B,2022-04-13,1.3473,2.4309,-0.22,东方财富基金历史净值接口
110008,易方达稳健收益债券B,2022-04-14,1.3528,2.4364,0.41,东方财富基金历史净值接口
110008,易方达稳健收益债券B,2022-04-15,1.3543,2.4379,0.11,东方财富基金历史净值接口
110008,易方达稳健收益债券B,2022-04-18,1.3518,2.4354,-0.18,东方财富基金历史净值接口
110008,易方达稳健收益债券B,2022-04-19,1.3497,2.4333,-0.16,东方财富基金历史净值接口
110008,易方达稳健收益债券B,2022-04-20,1.3456,2.4292,-0.3,东方财富基金历史净值接口
110008,易方达稳健收益债券B,2022-04-21,1.3397,2.4233,-0.44,东方财富基金历史净值接口
110008,易方达稳健收益债券B,2022-04-22,1.3418,2.4254,0.16,东方财富基金历史净值接口
110008,易方达稳健收益债券B,2022-04-25,1.3274,2.411,-1.07,东方财富基金历史净值接口
110008,易方达稳健收益债券B,2022-04-26,1.3237,2.4073,-0.28,东方财富基金历史净值接口
110008,易方达稳健收益债券B,2022-04-27,1.3318,2.4154,0.61,东方财富基金历史净值接口
110008,易方达稳健收益债券B,2022-04-28,1.3345,2.4181,0.2,东方财富基金历史净值接口
110008,易方达稳健收益债券B,2022-04-29,1.343,2.4266,0.64,东方财富基金历史净值接口
110008,易方达稳健收益债券B,2022-05-05,1.3453,2.4289,0.17,东方财富基金历史净值接口
110008,易方达稳健收益债券B,2022-05-06,1.3392,2.4228,-0.45,东方财富基金历史净值接口
110008,易方达稳健收益债券B,2022-05-09,1.3378,2.4214,-0.1,东方财富基金历史净值接口
110008,易方达稳健收益债券B,2022-05-10,1.3403,2.4239,0.19,东方财富基金历史净值接口
110008,易方达稳健收益债券B,2022-05-11,1.3438,2.4274,0.26,东方财富基金历史净值接口
110008,易方达稳健收益债券B,2022-05-12,1.3438,2.4274,0.0,东方财富基金历史净值接口
110008,易方达稳健收益债券B,2022-05-13,1.3467,2.4303,0.22,东方财富基金历史净值接口
110008,易方达稳健收益债券B,2022-05-16,1.3462,2.4298,-0.04,东方财富基金历史净值接口
110008,易方达稳健收益债券B,2022-05-17,1.3501,2.4337,0.29,东方财富基金历史净值接口
110008,易方达稳健收益债券B,2022-05-18,1.3489,2.4325,-0.09,东方财富基金历史净值接口
110008,易方达稳健收益债券B,2022-05-19,1.3494,2.433,0.04,东方财富基金历史净值接口
110008,易方达稳健收益债券B,2022-05-20,1.3548,2.4384,0.4,东方财富基金历史净值接口
110008,易方达稳健收益债券B,2022-05-23,1.3556,2.4392,0.06,东方财富基金历史净值接口
110008,易方达稳健收益债券B,2022-05-24,1.3491,2.4327,-0.48,东方财富基金历史净值接口
110008,易方达稳健收益债券B,2022-05-25,1.3522,2.4358,0.23,东方财富基金历史净值接口
110008,易方达稳健收益债券B,2022-05-26,1.3553,2.4389,0.23,东方财富基金历史净值接口
110008,易方达稳健收益债券B,2022-05-27,1.3554,2.439,0.01,东方财富基金历史净值接口
110008,易方达稳健收益债券B,2022-05-30,1.3572,2.4408,0.13,东方财富基金历史净值接口
110008,易方达稳健收益债券B,2022-05-31,1.3601,2.4437,0.21,东方财富基金历史净值接口
110008,易方达稳健收益债券B,2022-06-01,1.3587,2.4423,-0.1,东方财富基金历史净值接口
110008,易方达稳健收益债券B,2022-06-02,1.3588,2.4424,0.01,东方财富基金历史净值接口
110008,易方达稳健收益债券B,2022-06-06,1.3628,2.4464,0.29,东方财富基金历史净值接口
110008,易方达稳健收益债券B,2022-06-07,1.3628,2.4464,0.0,东方财富基金历史净值接口
110008,易方达稳健收益债券B,2022-06-08,1.3655,2.4491,0.2,东方财富基金历史净值接口
110008,易方达稳健收益债券B,2022-06-09,1.363,2.4466,-0.18,东方财富基金历史净值接口
110008,易方达稳健收益债券B,2022-06-10,1.3676,2.4512,0.34,东方财富基金历史净值接口
110008,易方达稳健收益债券B,2022-06-13,1.3655,2.4491,-0.15,东方财富基金历史净值接口
110008,易方达稳健收益债券B,2022-06-14,1.3674,2.451,0.14,东方财富基金历史净值接口
110008,易方达稳健收益债券B,2022-06-15,1.3699,2.4535,0.18,东方财富基金历史净值接口
110008,易方达稳健收益债券B,2022-06-16,1.3698,2.4534,-0.01,东方财富基金历史净值接口
110008,易方达稳健收益债券B,2022-06-17,1.3737,2.4573,0.28,东方财富基金历史净值接口
110008,易方达稳健收益债券B,2022-06-20,1.3745,2.4581,0.06,东方财富基金历史净值接口
110008,易方达稳健收益债券B,2022-06-21,1.373,2.4566,-0.11,东方财富基金历史净值接口
110008,易方达稳健收益债券B,2022-06-22,1.3692,2.4528,-0.28,东方财富基金历史净值接口
110008,易方达稳健收益债券B,2022-06-23,1.3751,2.4587,0.43,东方财富基金历史净值接口
110008,易方达稳健收益债券B,2022-06-24,1.3803,2.4639,0.38,东方财富基金历史净值接口
110008,易方达稳健收益债券B,2022-06-27,1.3838,2.4674,0.25,东方财富基金历史净值接口
110008,易方达稳健收益债券B,2022-06-28,1.3866,2.4702,0.2,东方财富基金历史净值接口
110008,易方达稳健收益债券B,2022-06-29,1.3815,2.4651,-0.37,东方财富基金历史净值接口
110008,易方达稳健收益债券B,2022-06-30,1.387,2.4706,0.4,东方财富基金历史净值接口
110008,易方达稳健收益债券B,2022-07-01,1.3858,2.4694,-0.09,东方财富基金历史净值接口
110008,易方达稳健收益债券B,2022-07-04,1.3876,2.4712,0.13,东方财富基金历史净值接口
110008,易方达稳健收益债券B,2022-07-05,1.3865,2.4701,-0.08,东方财富基金历史净值接口
110008,易方达稳健收益债券B,2022-07-06,1.3818,2.4654,-0.34,东方财富基金历史净值接口
110008,易方达稳健收益债券B,2022-07-07,1.384,2.4676,0.16,东方财富基金历史净值接口
110008,易方达稳健收益债券B,2022-07-08,1.3832,2.4668,-0.06,东方财富基金历史净值接口
110008,易方达稳健收益债券B,2022-07-11,1.3795,2.4631,-0.27,东方财富基金历史净值接口
110008,易方达稳健收益债券B,2022-07-12,1.3779,2.4615,-0.12,东方财富基金历史净值接口
110008,易方达稳健收益债券B,2022-07-13,1.379,2.4626,0.08,东方财富基金历史净值接口
110008,易方达稳健收益债券B,2022-07-14,1.3806,2.4642,0.12,东方财富基金历史净值接口
110008,易方达稳健收益债券B,2022-07-15,1.3784,2.462,-0.16,东方财富基金历史净值接口
110008,易方达稳健收益债券B,2022-07-18,1.383,2.4666,0.33,东方财富基金历史净值接口
110008,易方达稳健收益债券B,2022-07-19,1.3828,2.4664,-0.01,东方财富基金历史净值接口
110008,易方达稳健收益债券B,2022-07-20,1.385,2.4686,0.16,东方财富基金历史净值接口
110008,易方达稳健收益债券B,2022-07-21,1.3829,2.4665,-0.15,东方财富基金历史净值接口
110008,易方达稳健收益债券B,2022-07-22,1.382,2.4656,-0.07,东方财富基金历史净值接口
110008,易方达稳健收益债券B,2022-07-25,1.3808,2.4644,-0.09,东方财富基金历史净值接口
110008,易方达稳健收益债券B,2022-07-26,1.3844,2.468,0.26,东方财富基金历史净值接口
110008,易方达稳健收益债券B,2022-07-27,1.3858,2.4694,0.1,东方财富基金历史净值接口
110008,易方达稳健收益债券B,2022-07-28,1.3858,2.4694,0.0,东方财富基金历史净值接口
110008,易方达稳健收益债券B,2022-07-29,1.3855,2.4691,-0.02,东方财富基金历史净值接口
110008,易方达稳健收益债券B,2022-08-01,1.388,2.4716,0.18,东方财富基金历史净值接口
110008,易方达稳健收益债券B,2022-08-02,1.3836,2.4672,-0.32,东方财富基金历史净值接口
110008,易方达稳健收益债券B,2022-08-03,1.3819,2.4655,-0.12,东方财富基金历史净值接口
110008,易方达稳健收益债券B,2022-08-04,1.3836,2.4672,0.12,东方财富基金历史净值接口
110008,易方达稳健收益债券B,2022-08-05,1.387,2.4706,0.25,东方财富基金历史净值接口
110008,易方达稳健收益债券B,2022-08-08,1.3883,2.4719,0.09,东方财富基金历史净值接口
110008,易方达稳健收益债券B,2022-08-09,1.3874,2.471,-0.06,东方财富基金历史净值接口
110008,易方达稳健收益债券B,2022-08-10,1.3849,2.4685,-0.18,东方财富基金历史净值接口
110008,易方达稳健收益债券B,2022-08-11,1.389,2.4726,0.3,东方财富基金历史净值接口
110008,易方达稳健收益债券B,2022-08-12,1.3894,2.473,0.03,东方财富基金历史净值接口
110008,易方达稳健收益债券B,2022-08-15,1.3908,2.4744,0.1,东方财富基金历史净值接口
110008,易方达稳健收益债券B,2022-08-16,1.3942,2.4778,0.24,东方财富基金历史净值接口
110008,易方达稳健收益债券B,2022-08-17,1.3946,2.4782,0.03,东方财富基金历史净值接口
110008,易方达稳健收益债券B,2022-08-18,1.3922,2.4758,-0.17,东方财富基金历史净值接口
110008,易方达稳健收益债券B,2022-08-19,1.3897,2.4733,-0.18,东方财富基金历史净值接口
110008,易方达稳健收益债券B,2022-08-22,1.3918,2.4754,0.15,东方财富基金历史净值接口
110008,易方达稳健收益债券B,2022-08-23,1.3894,2.473,-0.17,东方财富基金历史净值接口
110008,易方达稳健收益债券B,2022-08-24,1.3829,2.4665,-0.47,东方财富基金历史净值接口
110008,易方达稳健收益债券B,2022-08-25,1.3824,2.466,-0.04,东方财富基金历史净值接口
110008,易方达稳健收益债券B,2022-08-26,1.3818,2.4654,-0.04,东方财富基金历史净值接口
110008,易方达稳健收益债券B,2022-08-29,1.3805,2.4641,-0.09,东方财富基金历史净值接口
110008,易方达稳健收益债券B,2022-08-30,1.3802,2.4638,-0.02,东方财富基金历史净值接口
110008,易方达稳健收益债券B,2022-08-31,1.3782,2.4618,-0.14,东方财富基金历史净值接口
110008,易方达稳健收益债券B,2022-09-01,1.3782,2.4618,0.0,东方财富基金历史净值接口
110008,易方达稳健收益债券B,2022-09-02,1.379,2.4626,0.06,东方财富基金历史净值接口
110008,易方达稳健收益债券B,2022-09-05,1.3795,2.4631,0.04,东方财富基金历史净值接口
110008,易方达稳健收益债券B,2022-09-06,1.3831,2.4667,0.26,东方财富基金历史净值接口
110008,易方达稳健收益债券B,2022-09-07,1.3845,2.4681,0.1,东方财富基金历史净值接口
110008,易方达稳健收益债券B,2022-09-08,1.3839,2.4675,-0.04,东方财富基金历史净值接口
110008,易方达稳健收益债券B,2022-09-09,1.3856,2.4692,0.12,东方财富基金历史净值接口
110008,易方达稳健收益债券B,2022-09-13,1.3871,2.4707,0.11,东方财富基金历史净值接口
110008,易方达稳健收益债券B,2022-09-14,1.3847,2.4683,-0.17,东方财富基金历史净值接口
110008,易方达稳健收益债券B,2022-09-15,1.3818,2.4654,-0.21,东方财富基金历史净值接口
110008,易方达稳健收益债券B,2022-09-16,1.3774,2.461,-0.32,东方财富基金历史净值接口
110008,易方达稳健收益债券B,2022-09-19,1.377,2.4606,-0.03,东方财富基金历史净值接口
110008,易方达稳健收益债券B,2022-09-20,1.3779,2.4615,0.07,东方财富基金历史净值接口
110008,易方达稳健收益债券B,2022-09-21,1.3768,2.4604,-0.08,东方财富基金历史净值接口
110008,易方达稳健收益债券B,2022-09-22,1.3755,2.4591,-0.09,东方财富基金历史净值接口
110008,易方达稳健收益债券B,2022-09-23,1.3739,2.4575,-0.12,东方财富基金历史净值接口
110008,易方达稳健收益债券B,2022-09-26,1.3712,2.4548,-0.2,东方财富基金历史净值接口
110008,易方达稳健收益债券B,2022-09-27,1.3737,2.4573,0.18,东方财富基金历史净值接口
110008,易方达稳健收益债券B,2022-09-28,1.3691,2.4527,-0.33,东方财富基金历史净值接口
110008,易方达稳健收益债券B,2022-09-29,1.3683,2.4519,-0.06,东方财富基金历史净值接口
110008,易方达稳健收益债券B,2022-09-30,1.3666,2.4502,-0.12,东方财富基金历史净值接口
110008,易方达稳健收益债券B,2022-10-10,1.3647,2.4483,-0.14,东方财富基金历史净值接口
110008,易方达稳健收益债券B,2022-10-11,1.365,2.4486,0.02,东方财富基金历史净值接口
110008,易方达稳健收益债券B,2022-10-12,1.3688,2.4524,0.28,东方财富基金历史净值接口
110008,易方达稳健收益债券B,2022-10-13,1.3696,2.4532,0.06,东方财富基金历史净值接口
110008,易方达稳健收益债券B,2022-10-14,1.3743,2.4579,0.34,东方财富基金历史净值接口
110008,易方达稳健收益债券B,2022-10-17,1.3756,2.4592,0.09,东方财富基金历史净值接口
110008,易方达稳健收益债券B,2022-10-18,1.3749,2.4585,-0.05,东方财富基金历史净值接口
110008,易方达稳健收益债券B,2022-10-19,1.3716,2.4552,-0.24,东方财富基金历史净值接口
110008,易方达稳健收益债券B,2022-10-20,1.3696,2.4532,-0.15,东方财富基金历史净值接口
110008,易方达稳健收益债券B,2022-10-21,1.3691,2.4527,-0.04,东方财富基金历史净值接口
110008,易方达稳健收益债券B,2022-10-24,1.3635,2.4471,-0.41,东方财富基金历史净值接口
110008,易方达稳健收益债券B,2022-10-25,1.3619,2.4455,-0.12,东方财富基金历史净值接口
110008,易方达稳健收益债券B,2022-10-26,1.3646,2.4482,0.2,东方财富基金历史净值接口
110008,易方达稳健收益债券B,2022-10-27,1.3649,2.4485,0.02,东方财富基金历史净值接口
110008,易方达稳健收益债券B,2022-10-28,1.3579,2.4415,-0.51,东方财富基金历史净值接口
110008,易方达稳健收益债券B,2022-10-31,1.3562,2.4398,-0.13,东方财富基金历史净值接口
110008,易方达稳健收益债券B,2022-11-01,1.3632,2.4468,0.52,东方财富基金历史净值接口
110008,易方达稳健收益债券B,2022-11-02,1.3679,2.4515,0.34,东方财富基金历史净值接口
110008,易方达稳健收益债券B,2022-11-03,1.3668,2.4504,-0.08,东方财富基金历史净值接口
110008,易方达稳健收益债券B,2022-11-04,1.3737,2.4573,0.5,东方财富基金历史净值接口
110008,易方达稳健收益债券B,2022-11-07,1.3729,2.4565,-0.06,东方财富基金历史净值接口
110008,易方达稳健收益债券B,2022-11-08,1.3701,2.4537,-0.2,东方财富基金历史净值接口
110008,易方达稳健收益债券B,2022-11-09,1.3681,2.4517,-0.15,东方财富基金历史净值接口
110008,易方达稳健收益债券B,2022-11-10,1.3652,2.4488,-0.21,东方财富基金历史净值接口
110008,易方达稳健收益债券B,2022-11-11,1.3698,2.4534,0.34,东方财富基金历史净值接口
110008,易方达稳健收益债券B,2022-11-14,1.3635,2.4471,-0.46,东方财富基金历史净值接口
110008,易方达稳健收益债券B,2022-11-15,1.3661,2.4497,0.19,东方财富基金历史净值接口
110008,易方达稳健收益债券B,2022-11-16,1.3592,2.4428,-0.51,东方财富基金历史净值接口
110008,易方达稳健收益债券B,2022-11-17,1.3554,2.439,-0.28,东方财富基金历史净值接口
110008,易方达稳健收益债券B,2022-11-18,1.3536,2.4372,-0.13,东方财富基金历史净值接口
110008,易方达稳健收益债券B,2022-11-21,1.3534,2.437,-0.01,东方财富基金历史净值接口
110008,易方达稳健收益债券B,2022-11-22,1.354,2.4376,0.04,东方财富基金历史净值接口
110008,易方达稳健收益债券B,2022-11-23,1.3541,2.4377,0.01,东方财富基金历史净值接口
110008,易方达稳健收益债券B,2022-11-24,1.3561,2.4397,0.15,东方财富基金历史净值接口
110008,易方达稳健收益债券B,2022-11-25,1.3581,2.4417,0.15,东方财富基金历史净值接口
110008,易方达稳健收益债券B,2022-11-28,1.3548,2.4384,-0.24,东方财富基金历史净值接口
110008,易方达稳健收益债券B,2022-11-29,1.3618,2.4454,0.52,东方财富基金历史净值接口
110008,易方达稳健收益债券B,2022-11-30,1.3632,2.4468,0.1,东方财富基金历史净值接口
110008,易方达稳健收益债券B,2022-12-01,1.3669,2.4505,0.27,东方财富基金历史净值接口
110008,易方达稳健收益债券B,2022-12-02,1.3648,2.4484,-0.15,东方财富基金历史净值接口
110008,易方达稳健收益债券B,2022-12-05,1.3717,2.4553,0.51,东方财富基金历史净值接口
110008,易方达稳健收益债券B,2022-12-06,1.3698,2.4534,-0.14,东方财富基金历史净值接口
110008,易方达稳健收益债券B,2022-12-07,1.3641,2.4477,-0.42,东方财富基金历史净值接口
110008,易方达稳健收益债券B,2022-12-08,1.3624,2.446,-0.12,东方财富基金历史净值接口
110008,易方达稳健收益债券B,2022-12-09,1.3662,2.4498,0.28,东方财富基金历史净值接口
110008,易方达稳健收益债券B,2022-12-12,1.3611,2.4447,-0.37,东方财富基金历史净值接口
110008,易方达稳健收益债券B,2022-12-13,1.3557,2.4393,-0.4,东方财富基金历史净值接口
110008,易方达稳健收益债券B,2022-12-14,1.3545,2.4381,-0.09,东方财富基金历史净值接口
110008,易方达稳健收益债券B,2022-12-15,1.3552,2.4388,0.05,东方财富基金历史净值接口
110008,易方达稳健收益债券B,2022-12-16,1.3526,2.4362,-0.19,东方财富基金历史净值接口
110008,易方达稳健收益债券B,2022-12-19,1.3456,2.4292,-0.52,东方财富基金历史净值接口
110008,易方达稳健收益债券B,2022-12-20,1.3417,2.4253,-0.29,东方财富基金历史净值接口
110008,易方达稳健收益债券B,2022-12-21,1.3419,2.4255,0.01,东方财富基金历史净值接口
110008,易方达稳健收益债券B,2022-12-22,1.3414,2.425,-0.04,东方财富基金历史净值接口
110008,易方达稳健收益债券B,2022-12-23,1.3413,2.4249,-0.01,东方财富基金历史净值接口
110008,易方达稳健收益债券B,2022-12-26,1.3459,2.4295,0.34,东方财富基金历史净值接口
110008,易方达稳健收益债券B,2022-12-27,1.3513,2.4349,0.4,东方财富基金历史净值接口
110008,易方达稳健收益债券B,2022-12-28,1.3479,2.4315,-0.25,东方财富基金历史净值接口
110008,易方达稳健收益债券B,2022-12-29,1.3454,2.429,-0.19,东方财富基金历史净值接口
110008,易方达稳健收益债券B,2022-12-30,1.3457,2.4293,0.02,东方财富基金历史净值接口
110008,易方达稳健收益债券B,2022-12-31,1.3457,2.4293,0.0,东方财富基金历史净值接口
110008,易方达稳健收益债券B,2023-01-03,1.3506,2.4342,0.36,东方财富基金历史净值接口
110008,易方达稳健收益债券B,2023-01-04,1.3548,2.4384,0.31,东方财富基金历史净值接口
110008,易方达稳健收益债券B,2023-01-05,1.3617,2.4453,0.51,东方财富基金历史净值接口
110008,易方达稳健收益债券B,2023-01-06,1.3624,2.446,0.05,东方财富基金历史净值接口
110008,易方达稳健收益债券B,2023-01-09,1.3635,2.4471,0.08,东方财富基金历史净值接口
110008,易方达稳健收益债券B,2023-01-10,1.3616,2.4452,-0.14,东方财富基金历史净值接口
110008,易方达稳健收益债券B,2023-01-11,1.3598,2.4434,-0.13,东方财富基金历史净值接口
110008,易方达稳健收益债券B,2023-01-12,1.3609,2.4445,0.08,东方财富基金历史净值接口
110008,易方达稳健收益债券B,2023-01-13,1.3645,2.4481,0.26,东方财富基金历史净值接口
110008,易方达稳健收益债券B,2023-01-16,1.3701,2.4537,0.41,东方财富基金历史净值接口
110008,易方达稳健收益债券B,2023-01-17,1.3712,2.4548,0.08,东方财富基金历史净值接口
110008,易方达稳健收益债券B,2023-01-18,1.3722,2.4558,0.07,东方财富基金历史净值接口
110008,易方达稳健收益债券B,2023-01-19,1.3753,2.4589,0.23,东方财富基金历史净值接口
110008,易方达稳健收益债券B,2023-01-20,1.3799,2.4635,0.33,东方财富基金历史净值接口
110008,易方达稳健收益债券B,2023-01-30,1.3825,2.4661,0.19,东方财富基金历史净值接口
110008,易方达稳健收益债券B,2023-01-31,1.3805,2.4641,-0.14,东方财富基金历史净值接口
110008,易方达稳健收益债券B,2023-02-01,1.3863,2.4699,0.42,东方财富基金历史净值接口
110008,易方达稳健收益债券B,2023-02-02,1.388,2.4716,0.12,东方财富基金历史净值接口
110008,易方达稳健收益债券B,2023-02-03,1.386,2.4696,-0.14,东方财富基金历史净值接口
110008,易方达稳健收益债券B,2023-02-06,1.3799,2.4635,-0.44,东方财富基金历史净值接口
110008,易方达稳健收益债券B,2023-02-07,1.3816,2.4652,0.12,东方财富基金历史净值接口
110008,易方达稳健收益债券B,2023-02-08,1.3797,2.4633,-0.14,东方财富基金历史净值接口
110008,易方达稳健收益债券B,2023-02-09,1.3859,2.4695,0.45,东方财富基金历史净值接口
110008,易方达稳健收益债券B,2023-02-10,1.384,2.4676,-0.14,东方财富基金历史净值接口
110008,易方达稳健收益债券B,2023-02-13,1.3874,2.471,0.25,东方财富基金历史净值接口
110008,易方达稳健收益债券B,2023-02-14,1.3878,2.4714,0.03,东方财富基金历史净值接口
110008,易方达稳健收益债券B,2023-02-15,1.3867,2.4703,-0.08,东方财富基金历史净值接口
110008,易方达稳健收益债券B,2023-02-16,1.3843,2.4679,-0.17,东方财富基金历史净值接口
110008,易方达稳健收益债券B,2023-02-17,1.3796,2.4632,-0.34,东方财富基金历史净值接口
110008,易方达稳健收益债券B,2023-02-20,1.3884,2.472,0.64,东方财富基金历史净值接口
110008,易方达稳健收益债券B,2023-02-21,1.3893,2.4729,0.06,东方财富基金历史净值接口
110008,易方达稳健收益债券B,2023-02-22,1.3873,2.4709,-0.14,东方财富基金历史净值接口
110008,易方达稳健收益债券B,2023-02-23,1.3865,2.4701,-0.06,东方财富基金历史净值接口
110008,易方达稳健收益债券B,2023-02-24,1.3838,2.4674,-0.19,东方财富基金历史净值接口
110008,易方达稳健收益债券B,2023-02-27,1.3821,2.4657,-0.12,东方财富基金历史净值接口
110008,易方达稳健收益债券B,2023-02-28,1.3844,2.468,0.17,东方财富基金历史净值接口
110008,易方达稳健收益债券B,2023-03-01,1.39,2.4736,0.4,东方财富基金历史净值接口
110008,易方达稳健收益债券B,2023-03-02,1.3895,2.4731,-0.04,东方财富基金历史净值接口
110008,易方达稳健收益债券B,2023-03-03,1.3906,2.4742,0.08,东方财富基金历史净值接口
110008,易方达稳健收益债券B,2023-03-06,1.3899,2.4735,-0.05,东方财富基金历史净值接口
110008,易方达稳健收益债券B,2023-03-07,1.3838,2.4674,-0.44,东方财富基金历史净值接口
110008,易方达稳健收益债券B,2023-03-08,1.3843,2.4679,0.04,东方财富基金历史净值接口
110008,易方达稳健收益债券B,2023-03-09,1.3838,2.4674,-0.04,东方财富基金历史净值接口
110008,易方达稳健收益债券B,2023-03-10,1.3787,2.4623,-0.37,东方财富基金历史净值接口
110008,易方达稳健收益债券B,2023-03-13,1.3825,2.4661,0.28,东方财富基金历史净值接口
110008,易方达稳健收益债券B,2023-03-14,1.381,2.4646,-0.11,东方财富基金历史净值接口
110008,易方达稳健收益债券B,2023-03-15,1.3823,2.4659,0.09,东方财富基金历史净值接口
110008,易方达稳健收益债券B,2023-03-16,1.3776,2.4612,-0.34,东方财富基金历史净值接口
110008,易方达稳健收益债券B,2023-03-17,1.38,2.4636,0.17,东方财富基金历史净值接口
110008,易方达稳健收益债券B,2023-03-20,1.3781,2.4617,-0.14,东方财富基金历史净值接口
110008,易方达稳健收益债券B,2023-03-21,1.3824,2.466,0.31,东方财富基金历史净值接口
110008,易方达稳健收益债券B,2023-03-22,1.3835,2.4671,0.08,东方财富基金历史净值接口
110008,易方达稳健收益债券B,2023-03-23,1.3847,2.4683,0.09,东方财富基金历史净值接口
110008,易方达稳健收益债券B,2023-03-24,1.3838,2.4674,-0.06,东方财富基金历史净值接口
110008,易方达稳健收益债券B,2023-03-27,1.3827,2.4663,-0.08,东方财富基金历史净值接口
110008,易方达稳健收益债券B,2023-03-28,1.3821,2.4657,-0.04,东方财富基金历史净值接口
110008,易方达稳健收益债券B,2023-03-29,1.3813,2.4649,-0.06,东方财富基金历史净值接口
110008,易方达稳健收益债券B,2023-03-30,1.3812,2.4648,-0.01,东方财富基金历史净值接口
110008,易方达稳健收益债券B,2023-03-31,1.3841,2.4677,0.21,东方财富基金历史净值接口
110008,易方达稳健收益债券B,2023-04-03,1.3877,2.4713,0.26,东方财富基金历史净值接口
110008,易方达稳健收益债券B,2023-04-04,1.3892,2.4728,0.11,东方财富基金历史净值接口
110008,易方达稳健收益债券B,2023-04-06,1.3894,2.473,0.01,东方财富基金历史净值接口
110008,易方达稳健收益债券B,2023-04-07,1.3931,2.4767,0.27,东方财富基金历史净值接口
110008,易方达稳健收益债券B,2023-04-10,1.3921,2.4757,-0.07,东方财富基金历史净值接口
110008,易方达稳健收益债券B,2023-04-11,1.3902,2.4738,-0.14,东方财富基金历史净值接口
110008,易方达稳健收益债券B,2023-04-12,1.3927,2.4763,0.18,东方财富基金历史净值接口
110008,易方达稳健收益债券B,2023-04-13,1.3904,2.474,-0.17,东方财富基金历史净值接口
110008,易方达稳健收益债券B,2023-04-14,1.3928,2.4764,0.17,东方财富基金历史净值接口
110008,易方达稳健收益债券B,2023-04-17,1.3969,2.4805,0.29,东方财富基金历史净值接口
110008,易方达稳健收益债券B,2023-04-18,1.3983,2.4819,0.1,东方财富基金历史净值接口
110008,易方达稳健收益债券B,2023-04-19,1.3938,2.4774,-0.32,东方财富基金历史净值接口
110008,易方达稳健收益债券B,2023-04-20,1.3904,2.474,-0.24,东方财富基金历史净值接口
110008,易方达稳健收益债券B,2023-04-21,1.3833,2.4669,-0.51,东方财富基金历史净值接口
110008,易方达稳健收益债券B,2023-04-24,1.3804,2.464,-0.21,东方财富基金历史净值接口
110008,易方达稳健收益债券B,2023-04-25,1.3765,2.4601,-0.28,东方财富基金历史净值接口
110008,易方达稳健收益债券B,2023-04-26,1.3786,2.4622,0.15,东方财富基金历史净值接口
110008,易方达稳健收益债券B,2023-04-27,1.3827,2.4663,0.3,东方财富基金历史净值接口
110008,易方达稳健收益债券B,2023-04-28,1.3861,2.4697,0.25,东方财富基金历史净值接口
110008,易方达稳健收益债券B,2023-05-04,1.3872,2.4708,0.08,东方财富基金历史净值接口
110008,易方达稳健收益债券B,2023-05-05,1.3832,2.4668,-0.29,东方财富基金历史净值接口
110008,易方达稳健收益债券B,2023-05-08,1.3895,2.4731,0.46,东方财富基金历史净值接口
110008,易方达稳健收益债券B,2023-05-09,1.3858,2.4694,-0.27,东方财富基金历史净值接口
110008,易方达稳健收益债券B,2023-05-10,1.3879,2.4715,0.15,东方财富基金历史净值接口
110008,易方达稳健收益债券B,2023-05-11,1.3873,2.4709,-0.04,东方财富基金历史净值接口
110008,易方达稳健收益债券B,2023-05-12,1.3793,2.4629,-0.58,东方财富基金历史净值接口
110008,易方达稳健收益债券B,2023-05-15,1.3837,2.4673,0.32,东方财富基金历史净值接口
110008,易方达稳健收益债券B,2023-05-16,1.3817,2.4653,-0.14,东方财富基金历史净值接口
110008,易方达稳健收益债券B,2023-05-17,1.381,2.4646,-0.05,东方财富基金历史净值接口
110008,易方达稳健收益债券B,2023-05-18,1.381,2.4646,0.0,东方财富基金历史净值接口
110008,易方达稳健收益债券B,2023-05-19,1.3806,2.4642,-0.03,东方财富基金历史净值接口
110008,易方达稳健收益债券B,2023-05-22,1.3842,2.4678,0.26,东方财富基金历史净值接口
110008,易方达稳健收益债券B,2023-05-23,1.3812,2.4648,-0.22,东方财富基金历史净值接口
110008,易方达稳健收益债券B,2023-05-24,1.378,2.4616,-0.23,东方财富基金历史净值接口
110008,易方达稳健收益债券B,2023-05-25,1.3768,2.4604,-0.09,东方财富基金历史净值接口
110008,易方达稳健收益债券B,2023-05-26,1.3783,2.4619,0.11,东方财富基金历史净值接口
110008,易方达稳健收益债券B,2023-05-29,1.3766,2.4602,-0.12,东方财富基金历史净值接口
110008,易方达稳健收益债券B,2023-05-30,1.3776,2.4612,0.07,东方财富基金历史净值接口
110008,易方达稳健收益债券B,2023-05-31,1.3761,2.4597,-0.11,东方财富基金历史净值接口
110008,易方达稳健收益债券B,2023-06-01,1.3771,2.4607,0.07,东方财富基金历史净值接口
110008,易方达稳健收益债券B,2023-06-02,1.3829,2.4665,0.42,东方财富基金历史净值接口
110008,易方达稳健收益债券B,2023-06-05,1.3815,2.4651,-0.1,东方财富基金历史净值接口
110008,易方达稳健收益债券B,2023-06-06,1.3774,2.461,-0.3,东方财富基金历史净值接口
110008,易方达稳健收益债券B,2023-06-07,1.3769,2.4605,-0.04,东方财富基金历史净值接口
110008,易方达稳健收益债券B,2023-06-08,1.3787,2.4623,0.13,东方财富基金历史净值接口
110008,易方达稳健收益债券B,2023-06-09,1.3808,2.4644,0.15,东方财富基金历史净值接口
110008,易方达稳健收益债券B,2023-06-12,1.3842,2.4678,0.25,东方财富基金历史净值接口
110008,易方达稳健收益债券B,2023-06-13,1.386,2.4696,0.13,东方财富基金历史净值接口
110008,易方达稳健收益债券B,2023-06-14,1.3866,2.4702,0.04,东方财富基金历史净值接口
110008,易方达稳健收益债券B,2023-06-15,1.3897,2.4733,0.22,东方财富基金历史净值接口
110008,易方达稳健收益债券B,2023-06-16,1.3904,2.474,0.05,东方财富基金历史净值接口
110008,易方达稳健收益债券B,2023-06-19,1.3882,2.4718,-0.16,东方财富基金历史净值接口
110008,易方达稳健收益债券B,2023-06-20,1.3894,2.473,0.09,东方财富基金历史净值接口
110008,易方达稳健收益债券B,2023-06-21,1.3854,2.469,-0.29,东方财富基金历史净值接口
110008,易方达稳健收益债券B,2023-06-26,1.3814,2.465,-0.29,东方财富基金历史净值接口
110008,易方达稳健收益债券B,2023-06-27,1.3852,2.4688,0.28,东方财富基金历史净值接口
110008,易方达稳健收益债券B,2023-06-28,1.3843,2.4679,-0.06,东方财富基金历史净值接口
110008,易方达稳健收益债券B,2023-06-29,1.3848,2.4684,0.04,东方财富基金历史净值接口
110008,易方达稳健收益债券B,2023-06-30,1.3887,2.4723,0.28,东方财富基金历史净值接口
110008,易方达稳健收益债券B,2023-07-03,1.3916,2.4752,0.21,东方财富基金历史净值接口
110008,易方达稳健收益债券B,2023-07-04,1.393,2.4766,0.1,东方财富基金历史净值接口
110008,易方达稳健收益债券B,2023-07-05,1.3911,2.4747,-0.14,东方财富基金历史净值接口
110008,易方达稳健收益债券B,2023-07-06,1.3907,2.4743,-0.03,东方财富基金历史净值接口
110008,易方达稳健收益债券B,2023-07-07,1.3904,2.474,-0.02,东方财富基金历史净值接口
110008,易方达稳健收益债券B,2023-07-10,1.3911,2.4747,0.05,东方财富基金历史净值接口
110008,易方达稳健收益债券B,2023-07-11,1.3949,2.4785,0.27,东方财富基金历史净值接口
110008,易方达稳健收益债券B,2023-07-12,1.3924,2.476,-0.18,东方财富基金历史净值接口
110008,易方达稳健收益债券B,2023-07-13,1.3955,2.4791,0.22,东方财富基金历史净值接口
110008,易方达稳健收益债券B,2023-07-14,1.3948,2.4784,-0.05,东方财富基金历史净值接口
110008,易方达稳健收益债券B,2023-07-17,1.3932,2.4768,-0.11,东方财富基金历史净值接口
110008,易方达稳健收益债券B,2023-07-18,1.3949,2.4785,0.12,东方财富基金历史净值接口
110008,易方达稳健收益债券B,2023-07-19,1.3958,2.4794,0.06,东方财富基金历史净值接口
110008,易方达稳健收益债券B,2023-07-20,1.3939,2.4775,-0.14,东方财富基金历史净值接口
110008,易方达稳健收益债券B,2023-07-21,1.3939,2.4775,0.0,东方财富基金历史净值接口
110008,易方达稳健收益债券B,2023-07-24,1.3943,2.4779,0.03,东方财富基金历史净值接口
110008,易方达稳健收益债券B,2023-07-25,1.4002,2.4838,0.42,东方财富基金历史净值接口
110008,易方达稳健收益债券B,2023-07-26,1.3995,2.4831,-0.05,东方财富基金历史净值接口
110008,易方达稳健收益债券B,2023-07-27,1.4009,2.4845,0.1,东方财富基金历史净值接口
110008,易方达稳健收益债券B,2023-07-28,1.4072,2.4908,0.45,东方财富基金历史净值接口
110008,易方达稳健收益债券B,2023-07-31,1.4093,2.4929,0.15,东方财富基金历史净值接口
110008,易方达稳健收益债券B,2023-08-01,1.4077,2.4913,-0.11,东方财富基金历史净值接口
110008,易方达稳健收益债券B,2023-08-02,1.4066,2.4902,-0.08,东方财富基金历史净值接口
110008,易方达稳健收益债券B,2023-08-03,1.4082,2.4918,0.11,东方财富基金历史净值接口
110008,易方达稳健收益债券B,2023-08-04,1.4089,2.4925,0.05,东方财富基金历史净值接口
110008,易方达稳健收益债券B,2023-08-07,1.4062,2.4898,-0.19,东方财富基金历史净值接口
110008,易方达稳健收益债券B,2023-08-08,1.4052,2.4888,-0.07,东方财富基金历史净值接口
110008,易方达稳健收益债券B,2023-08-09,1.4044,2.488,-0.06,东方财富基金历史净值接口
110008,易方达稳健收益债券B,2023-08-10,1.4059,2.4895,0.11,东方财富基金历史净值接口
110008,易方达稳健收益债券B,2023-08-11,1.4016,2.4852,-0.31,东方财富基金历史净值接口
110008,易方达稳健收益债券B,2023-08-14,1.4009,2.4845,-0.05,东方财富基金历史净值接口
110008,易方达稳健收益债券B,2023-08-15,1.4011,2.4847,0.01,东方财富基金历史净值接口
110008,易方达稳健收益债券B,2023-08-16,1.3992,2.4828,-0.14,东方财富基金历史净值接口
110008,易方达稳健收益债券B,2023-08-17,1.4009,2.4845,0.12,东方财富基金历史净值接口
110008,易方达稳健收益债券B,2023-08-18,1.3988,2.4824,-0.15,东方财富基金历史净值接口
110008,易方达稳健收益债券B,2023-08-21,1.397,2.4806,-0.13,东方财富基金历史净值接口
110008,易方达稳健收益债券B,2023-08-22,1.3974,2.481,0.03,东方财富基金历史净值接口
110008,易方达稳健收益债券B,2023-08-23,1.3933,2.4769,-0.29,东方财富基金历史净值接口
110008,易方达稳健收益债券B,2023-08-24,1.3952,2.4788,0.14,东方财富基金历史净值接口
110008,易方达稳健收益债券B,2023-08-25,1.3928,2.4764,-0.17,东方财富基金历史净值接口
110008,易方达稳健收益债券B,2023-08-28,1.3955,2.4791,0.19,东方财富基金历史净值接口
110008,易方达稳健收益债券B,2023-08-29,1.3997,2.4833,0.3,东方财富基金历史净值接口
110008,易方达稳健收益债券B,2023-08-30,1.4,2.4836,0.02,东方财富基金历史净值接口
110008,易方达稳健收益债券B,2023-08-31,1.3988,2.4824,-0.09,东方财富基金历史净值接口
110008,易方达稳健收益债券B,2023-09-01,1.4001,2.4837,0.09,东方财富基金历史净值接口
110008,易方达稳健收益债券B,2023-09-04,1.4023,2.4859,0.16,东方财富基金历史净值接口
110008,易方达稳健收益债券B,2023-09-05,1.4005,2.4841,-0.13,东方财富基金历史净值接口
110008,易方达稳健收益债券B,2023-09-06,1.3985,2.4821,-0.14,东方财富基金历史净值接口
110008,易方达稳健收益债券B,2023-09-07,1.3916,2.4752,-0.49,东方财富基金历史净值接口
110008,易方达稳健收益债券B,2023-09-08,1.3895,2.4731,-0.15,东方财富基金历史净值接口
110008,易方达稳健收益债券B,2023-09-11,1.3914,2.475,0.14,东方财富基金历史净值接口
110008,易方达稳健收益债券B,2023-09-12,1.3927,2.4763,0.09,东方财富基金历史净值接口
110008,易方达稳健收益债券B,2023-09-13,1.3908,2.4744,-0.14,东方财富基金历史净值接口
110008,易方达稳健收益债券B,2023-09-14,1.3906,2.4742,-0.01,东方财富基金历史净值接口
110008,易方达稳健收益债券B,2023-09-15,1.3911,2.4747,0.04,东方财富基金历史净值接口
110008,易方达稳健收益债券B,2023-09-18,1.3924,2.476,0.09,东方财富基金历史净值接口
110008,易方达稳健收益债券B,2023-09-19,1.3916,2.4752,-0.06,东方财富基金历史净值接口
110008,易方达稳健收益债券B,2023-09-20,1.39,2.4736,-0.11,东方财富基金历史净值接口
110008,易方达稳健收益债券B,2023-09-21,1.3881,2.4717,-0.14,东方财富基金历史净值接口
110008,易方达稳健收益债券B,2023-09-22,1.3928,2.4764,0.34,东方财富基金历史净值接口
110008,易方达稳健收益债券B,2023-09-25,1.3922,2.4758,-0.04,东方财富基金历史净值接口
110008,易方达稳健收益债券B,2023-09-26,1.3896,2.4732,-0.19,东方财富基金历史净值接口
110008,易方达稳健收益债券B,2023-09-27,1.3907,2.4743,0.08,东方财富基金历史净值接口
110008,易方达稳健收益债券B,2023-09-28,1.3921,2.4757,0.1,东方财富基金历史净值接口
110008,易方达稳健收益债券B,2023-10-09,1.3933,2.4769,0.09,东方财富基金历史净值接口
110008,易方达稳健收益债券B,2023-10-10,1.3897,2.4733,-0.26,东方财富基金历史净值接口
110008,易方达稳健收益债券B,2023-10-11,1.3886,2.4722,-0.08,东方财富基金历史净值接口
110008,易方达稳健收益债券B,2023-10-12,1.3908,2.4744,0.16,东方财富基金历史净值接口
110008,易方达稳健收益债券B,2023-10-13,1.3891,2.4727,-0.12,东方财富基金历史净值接口
110008,易方达稳健收益债券B,2023-10-16,1.3862,2.4698,-0.21,东方财富基金历史净值接口
110008,易方达稳健收益债券B,2023-10-17,1.3846,2.4682,-0.12,东方财富基金历史净值接口
110008,易方达稳健收益债券B,2023-10-18,1.3796,2.4632,-0.36,东方财富基金历史净值接口
110008,易方达稳健收益债券B,2023-10-19,1.3703,2.4539,-0.67,东方财富基金历史净值接口
110008,易方达稳健收益债券B,2023-10-20,1.3666,2.4502,-0.27,东方财富基金历史净值接口
110008,易方达稳健收益债券B,2023-10-23,1.3607,2.4443,-0.43,东方财富基金历史净值接口
110008,易方达稳健收益债券B,2023-10-24,1.3642,2.4478,0.26,东方财富基金历史净值接口
110008,易方达稳健收益债券B,2023-10-25,1.3685,2.4521,0.32,东方财富基金历史净值接口
110008,易方达稳健收益债券B,2023-10-26,1.3692,2.4528,0.05,东方财富基金历史净值接口
110008,易方达稳健收益债券B,2023-10-27,1.3761,2.4597,0.5,东方财富基金历史净值接口
110008,易方达稳健收益债券B,2023-10-30,1.3781,2.4617,0.15,东方财富基金历史净值接口
110008,易方达稳健收益债券B,2023-10-31,1.3751,2.4587,-0.22,东方财富基金历史净值接口
110008,易方达稳健收益债券B,2023-11-01,1.3735,2.4571,-0.12,东方财富基金历史净值接口
110008,易方达稳健收益债券B,2023-11-02,1.3721,2.4557,-0.1,东方财富基金历史净值接口
110008,易方达稳健收益债券B,2023-11-03,1.3756,2.4592,0.26,东方财富基金历史净值接口
110008,易方达稳健收益债券B,2023-11-06,1.3822,2.4658,0.48,东方财富基金历史净值接口
110008,易方达稳健收益债券B,2023-11-07,1.3821,2.4657,-0.01,东方财富基金历史净值接口
110008,易方达稳健收益债券B,2023-11-08,1.3813,2.4649,-0.06,东方财富基金历史净值接口
110008,易方达稳健收益债券B,2023-11-09,1.3804,2.464,-0.07,东方财富基金历史净值接口
110008,易方达稳健收益债券B,2023-11-10,1.3787,2.4623,-0.12,东方财富基金历史净值接口
110008,易方达稳健收益债券B,2023-11-13,1.3785,2.4621,-0.01,东方财富基金历史净值接口
110008,易方达稳健收益债券B,2023-11-14,1.3803,2.4639,0.13,东方财富基金历史净值接口
110008,易方达稳健收益债券B,2023-11-15,1.3835,2.4671,0.23,东方财富基金历史净值接口
110008,易方达稳健收益债券B,2023-11-16,1.3803,2.4639,-0.23,东方财富基金历史净值接口
110008,易方达稳健收益债券B,2023-11-17,1.3801,2.4637,-0.01,东方财富基金历史净值接口
110008,易方达稳健收益债券B,2023-11-20,1.3828,2.4664,0.2,东方财富基金历史净值接口
110008,易方达稳健收益债券B,2023-11-21,1.3814,2.465,-0.1,东方财富基金历史净值接口
110008,易方达稳健收益债券B,2023-11-22,1.3749,2.4585,-0.47,东方财富基金历史净值接口
110008,易方达稳健收益债券B,2023-11-23,1.3437,2.4603,0.13,东方财富基金历史净值接口
110008,易方达稳健收益债券B,2023-11-24,1.3401,2.4567,-0.27,东方财富基金历史净值接口
110008,易方达稳健收益债券B,2023-11-27,1.3389,2.4555,-0.09,东方财富基金历史净值接口
110008,易方达稳健收益债券B,2023-11-28,1.3404,2.457,0.11,东方财富基金历史净值接口
110008,易方达稳健收益债券B,2023-11-29,1.3384,2.455,-0.15,东方财富基金历史净值接口
110008,易方达稳健收益债券B,2023-11-30,1.3386,2.4552,0.01,东方财富基金历史净值接口
110008,易方达稳健收益债券B,2023-12-01,1.3386,2.4552,0.0,东方财富基金历史净值接口
110008,易方达稳健收益债券B,2023-12-04,1.3359,2.4525,-0.2,东方财富基金历史净值接口
110008,易方达稳健收益债券B,2023-12-05,1.3297,2.4463,-0.46,东方财富基金历史净值接口
110008,易方达稳健收益债券B,2023-12-06,1.33,2.4466,0.02,东方财富基金历史净值接口
110008,易方达稳健收益债券B,2023-12-07,1.3296,2.4462,-0.03,东方财富基金历史净值接口
110008,易方达稳健收益债券B,2023-12-08,1.3301,2.4467,0.04,东方财富基金历史净值接口
110008,易方达稳健收益债券B,2023-12-11,1.334,2.4506,0.29,东方财富基金历史净值接口
110008,易方达稳健收益债券B,2023-12-12,1.3349,2.4515,0.07,东方财富基金历史净值接口
110008,易方达稳健收益债券B,2023-12-13,1.3315,2.4481,-0.25,东方财富基金历史净值接口
110008,易方达稳健收益债券B,2023-12-14,1.331,2.4476,-0.04,东方财富基金历史净值接口
110008,易方达稳健收益债券B,2023-12-15,1.3296,2.4462,-0.11,东方财富基金历史净值接口
110008,易方达稳健收益债券B,2023-12-18,1.3278,2.4444,-0.14,东方财富基金历史净值接口
110008,易方达稳健收益债券B,2023-12-19,1.3267,2.4433,-0.08,东方财富基金历史净值接口
110008,易方达稳健收益债券B,2023-12-20,1.3234,2.44,-0.25,东方财富基金历史净值接口
110008,易方达稳健收益债券B,2023-12-21,1.299,2.4436,0.27,东方财富基金历史净值接口
110008,易方达稳健收益债券B,2023-12-22,1.3002,2.4448,0.09,东方财富基金历史净值接口
110008,易方达稳健收益债券B,2023-12-25,1.3008,2.4454,0.05,东方财富基金历史净值接口
110008,易方达稳健收益债券B,2023-12-26,1.2978,2.4424,-0.23,东方财富基金历史净值接口
110008,易方达稳健收益债券B,2023-12-27,1.3015,2.4461,0.29,东方财富基金历史净值接口
110008,易方达稳健收益债券B,2023-12-28,1.3087,2.4533,0.55,东方财富基金历史净值接口
110008,易方达稳健收益债券B,2023-12-29,1.3137,2.4583,0.38,东方财富基金历史净值接口
110008,易方达稳健收益债券B,2023-12-31,1.3137,2.4583,0.0,东方财富基金历史净值接口
110008,易方达稳健收益债券B,2024-01-02,1.3132,2.4578,-0.04,东方财富基金历史净值接口
110008,易方达稳健收益债券B,2024-01-03,1.3102,2.4548,-0.23,东方财富基金历史净值接口
110008,易方达稳健收益债券B,2024-01-04,1.3087,2.4533,-0.11,东方财富基金历史净值接口
110008,易方达稳健收益债券B,2024-01-05,1.3073,2.4519,-0.11,东方财富基金历史净值接口
110008,易方达稳健收益债券B,2024-01-08,1.3021,2.4467,-0.4,东方财富基金历史净值接口
110008,易方达稳健收益债券B,2024-01-09,1.3044,2.449,0.18,东方财富基金历史净值接口
110008,易方达稳健收益债券B,2024-01-10,1.3033,2.4479,-0.08,东方财富基金历史净值接口
110008,易方达稳健收益债券B,2024-01-11,1.3068,2.4514,0.27,东方财富基金历史净值接口
110008,易方达稳健收益债券B,2024-01-12,1.3077,2.4523,0.07,东方财富基金历史净值接口
110008,易方达稳健收益债券B,2024-01-15,1.3079,2.4525,0.02,东方财富基金历史净值接口
110008,易方达稳健收益债券B,2024-01-16,1.3076,2.4522,-0.02,东方财富基金历史净值接口
110008,易方达稳健收益债券B,2024-01-17,1.3003,2.4449,-0.56,东方财富基金历史净值接口
110008,易方达稳健收益债券B,2024-01-18,1.3009,2.4455,0.05,东方财富基金历史净值接口
110008,易方达稳健收益债券B,2024-01-19,1.3005,2.4451,-0.03,东方财富基金历史净值接口
110008,易方达稳健收益债券B,2024-01-22,1.2902,2.4348,-0.79,东方财富基金历史净值接口
110008,易方达稳健收益债券B,2024-01-23,1.2918,2.4364,0.12,东方财富基金历史净值接口
110008,易方达稳健收益债券B,2024-01-24,1.2955,2.4401,0.29,东方财富基金历史净值接口
110008,易方达稳健收益债券B,2024-01-25,1.3063,2.4509,0.83,东方财富基金历史净值接口
110008,易方达稳健收益债券B,2024-01-26,1.3062,2.4508,-0.01,东方财富基金历史净值接口
110008,易方达稳健收益债券B,2024-01-29,1.3014,2.446,-0.37,东方财富基金历史净值接口
110008,易方达稳健收益债券B,2024-01-30,1.2977,2.4423,-0.28,东方财富基金历史净值接口
110008,易方达稳健收益债券B,2024-01-31,1.2932,2.4378,-0.35,东方财富基金历史净值接口
110008,易方达稳健收益债券B,2024-02-01,1.2927,2.4373,-0.04,东方财富基金历史净值接口
110008,易方达稳健收益债券B,2024-02-02,1.2889,2.4335,-0.29,东方财富基金历史净值接口
110008,易方达稳健收益债券B,2024-02-05,1.2849,2.4295,-0.31,东方财富基金历史净值接口
110008,易方达稳健收益债券B,2024-02-06,1.2957,2.4403,0.84,东方财富基金历史净值接口
110008,易方达稳健收益债券B,2024-02-07,1.3028,2.4474,0.55,东方财富基金历史净值接口
110008,易方达稳健收益债券B,2024-02-08,1.3076,2.4522,0.37,东方财富基金历史净值接口
110008,易方达稳健收益债券B,2024-02-19,1.3113,2.4559,0.28,东方财富基金历史净值接口
110008,易方达稳健收益债券B,2024-02-20,1.3166,2.4612,0.4,东方财富基金历史净值接口
110008,易方达稳健收益债券B,2024-02-21,1.321,2.4656,0.33,东方财富基金历史净值接口
110008,易方达稳健收益债券B,2024-02-22,1.3243,2.4689,0.25,东方财富基金历史净值接口
110008,易方达稳健收益债券B,2024-02-23,1.3256,2.4702,0.1,东方财富基金历史净值接口
110008,易方达稳健收益债券B,2024-02-26,1.3256,2.4702,0.0,东方财富基金历史净值接口
110008,易方达稳健收益债券B,2024-02-27,1.3302,2.4748,0.35,东方财富基金历史净值接口
110008,易方达稳健收益债券B,2024-02-28,1.3213,2.4659,-0.67,东方财富基金历史净值接口
110008,易方达稳健收益债券B,2024-02-29,1.3303,2.4749,0.68,东方财富基金历史净值接口
110008,易方达稳健收益债券B,2024-03-01,1.3302,2.4748,-0.01,东方财富基金历史净值接口
110008,易方达稳健收益债券B,2024-03-04,1.3311,2.4757,0.07,东方财富基金历史净值接口
110008,易方达稳健收益债券B,2024-03-05,1.3301,2.4747,-0.08,东方财富基金历史净值接口
110008,易方达稳健收益债券B,2024-03-06,1.332,2.4766,0.14,东方财富基金历史净值接口
110008,易方达稳健收益债券B,2024-03-07,1.3285,2.4731,-0.26,东方财富基金历史净值接口
110008,易方达稳健收益债券B,2024-03-08,1.3302,2.4748,0.13,东方财富基金历史净值接口
110008,易方达稳健收益债券B,2024-03-11,1.3326,2.4772,0.18,东方财富基金历史净值接口
110008,易方达稳健收益债券B,2024-03-12,1.3307,2.4753,-0.14,东方财富基金历史净值接口
110008,易方达稳健收益债券B,2024-03-13,1.3297,2.4743,-0.08,东方财富基金历史净值接口
110008,易方达稳健收益债券B,2024-03-14,1.3283,2.4729,-0.11,东方财富基金历史净值接口
110008,易方达稳健收益债券B,2024-03-15,1.3307,2.4753,0.18,东方财富基金历史净值接口
110008,易方达稳健收益债券B,2024-03-18,1.3361,2.4807,0.41,东方财富基金历史净值接口
110008,易方达稳健收益债券B,2024-03-19,1.3363,2.4809,0.01,东方财富基金历史净值接口
110008,易方达稳健收益债券B,2024-03-20,1.3378,2.4824,0.11,东方财富基金历史净值接口
110008,易方达稳健收益债券B,2024-03-21,1.3373,2.4819,-0.04,东方财富基金历史净值接口
110008,易方达稳健收益债券B,2024-03-22,1.3331,2.4777,-0.31,东方财富基金历史净值接口
110008,易方达稳健收益债券B,2024-03-25,1.3305,2.4751,-0.2,东方财富基金历史净值接口
110008,易方达稳健收益债券B,2024-03-26,1.3296,2.4742,-0.07,东方财富基金历史净值接口
110008,易方达稳健收益债券B,2024-03-27,1.3248,2.4694,-0.36,东方财富基金历史净值接口
110008,易方达稳健收益债券B,2024-03-28,1.3277,2.4723,0.22,东方财富基金历史净值接口
110008,易方达稳健收益债券B,2024-03-29,1.3321,2.4767,0.33,东方财富基金历史净值接口
110008,易方达稳健收益债券B,2024-04-01,1.339,2.4836,0.52,东方财富基金历史净值接口
110008,易方达稳健收益债券B,2024-04-02,1.34,2.4846,0.07,东方财富基金历史净值接口
110008,易方达稳健收益债券B,2024-04-03,1.3428,2.4874,0.21,东方财富基金历史净值接口
110008,易方达稳健收益债券B,2024-04-08,1.3408,2.4854,-0.15,东方财富基金历史净值接口
110008,易方达稳健收益债券B,2024-04-09,1.3428,2.4874,0.15,东方财富基金历史净值接口
110008,易方达稳健收益债券B,2024-04-10,1.3402,2.4848,-0.19,东方财富基金历史净值接口
110008,易方达稳健收益债券B,2024-04-11,1.3417,2.4863,0.11,东方财富基金历史净值接口
110008,易方达稳健收益债券B,2024-04-12,1.3435,2.4881,0.13,东方财富基金历史净值接口
110008,易方达稳健收益债券B,2024-04-15,1.3453,2.4899,0.13,东方财富基金历史净值接口
110008,易方达稳健收益债券B,2024-04-16,1.3378,2.4824,-0.56,东方财富基金历史净值接口
110008,易方达稳健收益债券B,2024-04-17,1.347,2.4916,0.69,东方财富基金历史净值接口
110008,易方达稳健收益债券B,2024-04-18,1.3488,2.4934,0.13,东方财富基金历史净值接口
110008,易方达稳健收益债券B,2024-04-19,1.3493,2.4939,0.04,东方财富基金历史净值接口
110008,易方达稳健收益债券B,2024-04-22,1.3478,2.4924,-0.11,东方财富基金历史净值接口
110008,易方达稳健收益债券B,2024-04-23,1.3455,2.4901,-0.17,东方财富基金历史净值接口
110008,易方达稳健收益债券B,2024-04-24,1.3462,2.4908,0.05,东方财富基金历史净值接口
110008,易方达稳健收益债券B,2024-04-25,1.3466,2.4912,0.03,东方财富基金历史净值接口
110008,易方达稳健收益债券B,2024-04-26,1.35,2.4946,0.25,东方财富基金历史净值接口
110008,易方达稳健收益债券B,2024-04-29,1.3513,2.4959,0.1,东方财富基金历史净值接口
110008,易方达稳健收益债券B,2024-04-30,1.3553,2.4999,0.3,东方财富基金历史净值接口
110008,易方达稳健收益债券B,2024-05-06,1.3644,2.509,0.67,东方财富基金历史净值接口
110008,易方达稳健收益债券B,2024-05-07,1.369,2.5136,0.34,东方财富基金历史净值接口
110008,易方达稳健收益债券B,2024-05-08,1.3661,2.5107,-0.21,东方财富基金历史净值接口
110008,易方达稳健收益债券B,2024-05-09,1.3718,2.5164,0.42,东方财富基金历史净值接口
110008,易方达稳健收益债券B,2024-05-10,1.3718,2.5164,0.0,东方财富基金历史净值接口
110008,易方达稳健收益债券B,2024-05-13,1.3732,2.5178,0.1,东方财富基金历史净值接口
110008,易方达稳健收益债券B,2024-05-14,1.3734,2.518,0.01,东方财富基金历史净值接口
110008,易方达稳健收益债券B,2024-05-15,1.3698,2.5144,-0.26,东方财富基金历史净值接口
110008,易方达稳健收益债券B,2024-05-16,1.3681,2.5127,-0.12,东方财富基金历史净值接口
110008,易方达稳健收益债券B,2024-05-17,1.37,2.5146,0.14,东方财富基金历史净值接口
110008,易方达稳健收益债券B,2024-05-20,1.3739,2.5185,0.28,东方财富基金历史净值接口
110008,易方达稳健收益债券B,2024-05-21,1.3713,2.5159,-0.19,东方财富基金历史净值接口
110008,易方达稳健收益债券B,2024-05-22,1.3705,2.5151,-0.06,东方财富基金历史净值接口
110008,易方达稳健收益债券B,2024-05-23,1.3661,2.5107,-0.32,东方财富基金历史净值接口
110008,易方达稳健收益债券B,2024-05-24,1.3637,2.5083,-0.18,东方财富基金历史净值接口
110008,易方达稳健收益债券B,2024-05-27,1.3674,2.512,0.27,东方财富基金历史净值接口
110008,易方达稳健收益债券B,2024-05-28,1.3657,2.5103,-0.12,东方财富基金历史净值接口
110008,易方达稳健收益债券B,2024-05-29,1.3666,2.5112,0.07,东方财富基金历史净值接口
110008,易方达稳健收益债券B,2024-05-30,1.3675,2.5121,0.07,东方财富基金历史净值接口
110008,易方达稳健收益债券B,2024-05-31,1.3653,2.5099,-0.16,东方财富基金历史净值接口
110008,易方达稳健收益债券B,2024-06-03,1.3632,2.5078,-0.15,东方财富基金历史净值接口
110008,易方达稳健收益债券B,2024-06-04,1.3658,2.5104,0.19,东方财富基金历史净值接口
110008,易方达稳健收益债券B,2024-06-05,1.3644,2.509,-0.1,东方财富基金历史净值接口
110008,易方达稳健收益债券B,2024-06-06,1.3635,2.5081,-0.07,东方财富基金历史净值接口
110008,易方达稳健收益债券B,2024-06-07,1.3644,2.509,0.07,东方财富基金历史净值接口
110008,易方达稳健收益债券B,2024-06-11,1.363,2.5076,-0.1,东方财富基金历史净值接口
110008,易方达稳健收益债券B,2024-06-12,1.3651,2.5097,0.15,东方财富基金历史净值接口
110008,易方达稳健收益债券B,2024-06-13,1.3627,2.5073,-0.18,东方财富基金历史净值接口
110008,易方达稳健收益债券B,2024-06-14,1.3628,2.5074,0.01,东方财富基金历史净值接口
110008,易方达稳健收益债券B,2024-06-17,1.36,2.5046,-0.21,东方财富基金历史净值接口
110008,易方达稳健收益债券B,2024-06-18,1.3617,2.5063,0.12,东方财富基金历史净值接口
110008,易方达稳健收益债券B,2024-06-19,1.3573,2.5019,-0.32,东方财富基金历史净值接口
110008,易方达稳健收益债券B,2024-06-20,1.352,2.4966,-0.39,东方财富基金历史净值接口
110008,易方达稳健收益债券B,2024-06-21,1.3486,2.4932,-0.25,东方财富基金历史净值接口
110008,易方达稳健收益债券B,2024-06-24,1.3395,2.4841,-0.67,东方财富基金历史净值接口
110008,易方达稳健收益债券B,2024-06-25,1.3415,2.4861,0.15,东方财富基金历史净值接口
110008,易方达稳健收益债券B,2024-06-26,1.3505,2.4951,0.67,东方财富基金历史净值接口
110008,易方达稳健收益债券B,2024-06-27,1.3465,2.4911,-0.3,东方财富基金历史净值接口
110008,易方达稳健收益债券B,2024-06-28,1.3508,2.4954,0.32,东方财富基金历史净值接口
110008,易方达稳健收益债券B,2024-06-30,1.3509,2.4955,0.01,东方财富基金历史净值接口
110008,易方达稳健收益债券B,2024-07-01,1.3525,2.4971,0.12,东方财富基金历史净值接口
110008,易方达稳健收益债券B,2024-07-02,1.3517,2.4963,-0.06,东方财富基金历史净值接口
110008,易方达稳健收益债券B,2024-07-03,1.3488,2.4934,-0.21,东方财富基金历史净值接口
110008,易方达稳健收益债券B,2024-07-04,1.3451,2.4897,-0.27,东方财富基金历史净值接口
110008,易方达稳健收益债券B,2024-07-05,1.3465,2.4911,0.1,东方财富基金历史净值接口
110008,易方达稳健收益债券B,2024-07-08,1.3383,2.4829,-0.61,东方财富基金历史净值接口
110008,易方达稳健收益债券B,2024-07-09,1.3453,2.4899,0.52,东方财富基金历史净值接口
110008,易方达稳健收益债券B,2024-07-10,1.3445,2.4891,-0.06,东方财富基金历史净值接口
110008,易方达稳健收益债券B,2024-07-11,1.351,2.4956,0.48,东方财富基金历史净值接口
110008,易方达稳健收益债券B,2024-07-12,1.3502,2.4948,-0.06,东方财富基金历史净值接口
110008,易方达稳健收益债券B,2024-07-15,1.3474,2.492,-0.21,东方财富基金历史净值接口
110008,易方达稳健收益债券B,2024-07-16,1.3475,2.4921,0.01,东方财富基金历史净值接口
110008,易方达稳健收益债券B,2024-07-17,1.3438,2.4884,-0.27,东方财富基金历史净值接口
110008,易方达稳健收益债券B,2024-07-18,1.3454,2.49,0.12,东方财富基金历史净值接口
110008,易方达稳健收益债券B,2024-07-19,1.3469,2.4915,0.11,东方财富基金历史净值接口
110008,易方达稳健收益债券B,2024-07-22,1.3453,2.4899,-0.12,东方财富基金历史净值接口
110008,易方达稳健收益债券B,2024-07-23,1.3368,2.4814,-0.63,东方财富基金历史净值接口
110008,易方达稳健收益债券B,2024-07-24,1.3294,2.474,-0.55,东方财富基金历史净值接口
110008,易方达稳健收益债券B,2024-07-25,1.3296,2.4742,0.02,东方财富基金历史净值接口
110008,易方达稳健收益债券B,2024-07-26,1.3377,2.4823,0.61,东方财富基金历史净值接口
110008,易方达稳健收益债券B,2024-07-29,1.3361,2.4807,-0.12,东方财富基金历史净值接口
110008,易方达稳健收益债券B,2024-07-30,1.3349,2.4795,-0.09,东方财富基金历史净值接口
110008,易方达稳健收益债券B,2024-07-31,1.3463,2.4909,0.85,东方财富基金历史净值接口
110008,易方达稳健收益债券B,2024-08-01,1.3454,2.49,-0.07,东方财富基金历史净值接口
110008,易方达稳健收益债券B,2024-08-02,1.3429,2.4875,-0.19,东方财富基金历史净值接口
110008,易方达稳健收益债券B,2024-08-05,1.336,2.4806,-0.51,东方财富基金历史净值接口
110008,易方达稳健收益债券B,2024-08-06,1.3373,2.4819,0.1,东方财富基金历史净值接口
110008,易方达稳健收益债券B,2024-08-07,1.3392,2.4838,0.14,东方财富基金历史净值接口
110008,易方达稳健收益债券B,2024-08-08,1.3361,2.4807,-0.23,东方财富基金历史净值接口
110008,易方达稳健收益债券B,2024-08-09,1.3323,2.4769,-0.28,东方财富基金历史净值接口
110008,易方达稳健收益债券B,2024-08-12,1.3262,2.4708,-0.46,东方财富基金历史净值接口
110008,易方达稳健收益债券B,2024-08-13,1.3281,2.4727,0.14,东方财富基金历史净值接口
110008,易方达稳健收益债券B,2024-08-14,1.3262,2.4708,-0.14,东方财富基金历史净值接口
110008,易方达稳健收益债券B,2024-08-15,1.325,2.4696,-0.09,东方财富基金历史净值接口
110008,易方达稳健收益债券B,2024-08-16,1.3199,2.4645,-0.38,东方财富基金历史净值接口
110008,易方达稳健收益债券B,2024-08-19,1.3221,2.4667,0.17,东方财富基金历史净值接口
110008,易方达稳健收益债券B,2024-08-20,1.3142,2.4588,-0.6,东方财富基金历史净值接口
110008,易方达稳健收益债券B,2024-08-21,1.313,2.4576,-0.09,东方财富基金历史净值接口
110008,易方达稳健收益债券B,2024-08-22,1.3102,2.4548,-0.21,东方财富基金历史净值接口
110008,易方达稳健收益债券B,2024-08-23,1.3113,2.4559,0.08,东方财富基金历史净值接口
110008,易方达稳健收益债券B,2024-08-26,1.3146,2.4592,0.25,东方财富基金历史净值接口
110008,易方达稳健收益债券B,2024-08-27,1.3096,2.4542,-0.38,东方财富基金历史净值接口
110008,易方达稳健收益债券B,2024-08-28,1.3111,2.4557,0.11,东方财富基金历史净值接口
110008,易方达稳健收益债券B,2024-08-29,1.3159,2.4605,0.37,东方财富基金历史净值接口
110008,易方达稳健收益债券B,2024-08-30,1.3232,2.4678,0.55,东方财富基金历史净值接口
110008,易方达稳健收益债券B,2024-09-02,1.3178,2.4624,-0.41,东方财富基金历史净值接口
110008,易方达稳健收益债券B,2024-09-03,1.3215,2.4661,0.28,东方财富基金历史净值接口
110008,易方达稳健收益债券B,2024-09-04,1.322,2.4666,0.04,东方财富基金历史净值接口
110008,易方达稳健收益债券B,2024-09-05,1.3253,2.4699,0.25,东方财富基金历史净值接口
110008,易方达稳健收益债券B,2024-09-06,1.3209,2.4655,-0.33,东方财富基金历史净值接口
110008,易方达稳健收益债券B,2024-09-09,1.3175,2.4621,-0.26,东方财富基金历史净值接口
110008,易方达稳健收益债券B,2024-09-10,1.3153,2.4599,-0.17,东方财富基金历史净值接口
110008,易方达稳健收益债券B,2024-09-11,1.3157,2.4603,0.03,东方财富基金历史净值接口
110008,易方达稳健收益债券B,2024-09-12,1.3142,2.4588,-0.11,东方财富基金历史净值接口
110008,易方达稳健收益债券B,2024-09-13,1.3132,2.4578,-0.08,东方财富基金历史净值接口
110008,易方达稳健收益债券B,2024-09-18,1.316,2.4606,0.21,东方财富基金历史净值接口
110008,易方达稳健收益债券B,2024-09-19,1.3198,2.4644,0.29,东方财富基金历史净值接口
110008,易方达稳健收益债券B,2024-09-20,1.3175,2.4621,-0.17,东方财富基金历史净值接口
110008,易方达稳健收益债券B,2024-09-23,1.3181,2.4627,0.05,东方财富基金历史净值接口
110008,易方达稳健收益债券B,2024-09-24,1.3321,2.4767,1.06,东方财富基金历史净值接口
110008,易方达稳健收益债券B,2024-09-25,1.3381,2.4827,0.45,东方财富基金历史净值接口
110008,易方达稳健收益债券B,2024-09-26,1.3512,2.4958,0.98,东方财富基金历史净值接口
110008,易方达稳健收益债券B,2024-09-27,1.3609,2.5055,0.72,东方财富基金历史净值接口
110008,易方达稳健收益债券B,2024-09-30,1.3864,2.531,1.87,东方财富基金历史净值接口
110008,易方达稳健收益债券B,2024-10-08,1.4002,2.5448,1.0,东方财富基金历史净值接口
110008,易方达稳健收益债券B,2024-10-09,1.3722,2.5168,-2.0,东方财富基金历史净值接口
110008,易方达稳健收益债券B,2024-10-10,1.3805,2.5251,0.6,东方财富基金历史净值接口
110008,易方达稳健收益债券B,2024-10-11,1.3692,2.5138,-0.82,东方财富基金历史净值接口
110008,易方达稳健收益债券B,2024-10-14,1.3799,2.5245,0.78,东方财富基金历史净值接口
110008,易方达稳健收益债券B,2024-10-15,1.3744,2.519,-0.4,东方财富基金历史净值接口
110008,易方达稳健收益债券B,2024-10-16,1.3736,2.5182,-0.06,东方财富基金历史净值接口
110008,易方达稳健收益债券B,2024-10-17,1.3722,2.5168,-0.1,东方财富基金历史净值接口
110008,易方达稳健收益债券B,2024-10-18,1.3823,2.5269,0.74,东方财富基金历史净值接口
110008,易方达稳健收益债券B,2024-10-21,1.3857,2.5303,0.25,东方财富基金历史净值接口
110008,易方达稳健收益债券B,2024-10-22,1.3877,2.5323,0.14,东方财富基金历史净值接口
110008,易方达稳健收益债券B,2024-10-23,1.3892,2.5338,0.11,东方财富基金历史净值接口
110008,易方达稳健收益债券B,2024-10-24,1.3835,2.5281,-0.41,东方财富基金历史净值接口
110008,易方达稳健收益债券B,2024-10-25,1.3888,2.5334,0.38,东方财富基金历史净值接口
110008,易方达稳健收益债券B,2024-10-28,1.3905,2.5351,0.12,东方财富基金历史净值接口
110008,易方达稳健收益债券B,2024-10-29,1.3848,2.5294,-0.41,东方财富基金历史净值接口
110008,易方达稳健收益债券B,2024-10-30,1.3824,2.527,-0.17,东方财富基金历史净值接口
110008,易方达稳健收益债券B,2024-10-31,1.383,2.5276,0.04,东方财富基金历史净值接口
110008,易方达稳健收益债券B,2024-11-01,1.3827,2.5273,-0.02,东方财富基金历史净值接口
110008,易方达稳健收益债券B,2024-11-04,1.3876,2.5322,0.35,东方财富基金历史净值接口
110008,易方达稳健收益债券B,2024-11-05,1.3945,2.5391,0.5,东方财富基金历史净值接口
110008,易方达稳健收益债券B,2024-11-06,1.3948,2.5394,0.02,东方财富基金历史净值接口
110008,易方达稳健收益债券B,2024-11-07,1.4015,2.5461,0.48,东方财富基金历史净值接口
110008,易方达稳健收益债券B,2024-11-08,1.3999,2.5445,-0.11,东方财富基金历史净值接口
110008,易方达稳健收益债券B,2024-11-11,1.4061,2.5507,0.44,东方财富基金历史净值接口
110008,易方达稳健收益债券B,2024-11-12,1.405,2.5496,-0.08,东方财富基金历史净值接口
110008,易方达稳健收益债券B,2024-11-13,1.4045,2.5491,-0.04,东方财富基金历史净值接口
110008,易方达稳健收益债券B,2024-11-14,1.3977,2.5423,-0.48,东方财富基金历史净值接口
110008,易方达稳健收益债券B,2024-11-15,1.3935,2.5381,-0.3,东方财富基金历史净值接口
110008,易方达稳健收益债券B,2024-11-18,1.3891,2.5337,-0.32,东方财富基金历史净值接口
110008,易方达稳健收益债券B,2024-11-19,1.3936,2.5382,0.32,东方财富基金历史净值接口
110008,易方达稳健收益债券B,2024-11-20,1.3967,2.5413,0.22,东方财富基金历史净值接口
110008,易方达稳健收益债券B,2024-11-21,1.3977,2.5423,0.07,东方财富基金历史净值接口
110008,易方达稳健收益债券B,2024-11-22,1.39,2.5346,-0.55,东方财富基金历史净值接口
110008,易方达稳健收益债券B,2024-11-25,1.3905,2.5351,0.04,东方财富基金历史净值接口
110008,易方达稳健收益债券B,2024-11-26,1.3893,2.5339,-0.09,东方财富基金历史净值接口
110008,易方达稳健收益债券B,2024-11-27,1.3937,2.5383,0.32,东方财富基金历史净值接口
110008,易方达稳健收益债券B,2024-11-28,1.3937,2.5383,0.0,东方财富基金历史净值接口
110008,易方达稳健收益债券B,2024-11-29,1.3996,2.5442,0.42,东方财富基金历史净值接口
110008,易方达稳健收益债券B,2024-12-02,1.4061,2.5507,0.46,东方财富基金历史净值接口
110008,易方达稳健收益债券B,2024-12-03,1.4061,2.5507,0.0,东方财富基金历史净值接口
110008,易方达稳健收益债券B,2024-12-04,1.4048,2.5494,-0.09,东方财富基金历史净值接口
110008,易方达稳健收益债券B,2024-12-05,1.406,2.5506,0.09,东方财富基金历史净值接口
110008,易方达稳健收益债券B,2024-12-06,1.4096,2.5542,0.26,东方财富基金历史净值接口
110008,易方达稳健收益债券B,2024-12-09,1.4121,2.5567,0.18,东方财富基金历史净值接口
110008,易方达稳健收益债券B,2024-12-10,1.4195,2.5641,0.52,东方财富基金历史净值接口
110008,易方达稳健收益债券B,2024-12-11,1.4236,2.5682,0.29,东方财富基金历史净值接口
110008,易方达稳健收益债券B,2024-12-12,1.4288,2.5734,0.37,东方财富基金历史净值接口
110008,易方达稳健收益债券B,2024-12-13,1.4252,2.5698,-0.25,东方财富基金历史净值接口
110008,易方达稳健收益债券B,2024-12-16,1.4229,2.5675,-0.16,东方财富基金历史净值接口
110008,易方达稳健收益债券B,2024-12-17,1.4198,2.5644,-0.22,东方财富基金历史净值接口
110008,易方达稳健收益债券B,2024-12-18,1.4197,2.5643,-0.01,东方财富基金历史净值接口
110008,易方达稳健收益债券B,2024-12-19,1.4183,2.5629,-0.1,东方财富基金历史净值接口
110008,易方达稳健收益债券B,2024-12-20,1.4214,2.566,0.22,东方财富基金历史净值接口
110008,易方达稳健收益债券B,2024-12-23,1.4198,2.5644,-0.11,东方财富基金历史净值接口
110008,易方达稳健收益债券B,2024-12-24,1.4218,2.5664,0.14,东方财富基金历史净值接口
110008,易方达稳健收益债券B,2024-12-25,1.4198,2.5644,-0.14,东方财富基金历史净值接口
110008,易方达稳健收益债券B,2024-12-26,1.4204,2.565,0.04,东方财富基金历史净值接口
110008,易方达稳健收益债券B,2024-12-27,1.4239,2.5685,0.25,东方财富基金历史净值接口
110008,易方达稳健收益债券B,2024-12-30,1.4258,2.5704,0.13,东方财富基金历史净值接口
110008,易方达稳健收益债券B,2024-12-31,1.4244,2.569,-0.1,东方财富基金历史净值接口
110008,易方达稳健收益债券B,2025-01-02,1.4218,2.5664,-0.18,东方财富基金历史净值接口
110008,易方达稳健收益债券B,2025-01-03,1.4198,2.5644,-0.14,东方财富基金历史净值接口
110008,易方达稳健收益债券B,2025-01-06,1.4186,2.5632,-0.08,东方财富基金历史净值接口
110008,易方达稳健收益债券B,2025-01-07,1.4196,2.5642,0.07,东方财富基金历史净值接口
110008,易方达稳健收益债券B,2025-01-08,1.4203,2.5649,0.05,东方财富基金历史净值接口
110008,易方达稳健收益债券B,2025-01-09,1.4177,2.5623,-0.18,东方财富基金历史净值接口
110008,易方达稳健收益债券B,2025-01-10,1.415,2.5596,-0.19,东方财富基金历史净值接口
110008,易方达稳健收益债券B,2025-01-13,1.4137,2.5583,-0.09,东方财富基金历史净值接口
110008,易方达稳健收益债券B,2025-01-14,1.3847,2.5673,0.64,东方财富基金历史净值接口
110008,易方达稳健收益债券B,2025-01-15,1.3848,2.5674,0.01,东方财富基金历史净值接口
110008,易方达稳健收益债券B,2025-01-16,1.3842,2.5668,-0.04,东方财富基金历史净值接口
110008,易方达稳健收益债券B,2025-01-17,1.3852,2.5678,0.07,东方财富基金历史净值接口
110008,易方达稳健收益债券B,2025-01-20,1.3857,2.5683,0.04,东方财富基金历史净值接口
110008,易方达稳健收益债券B,2025-01-21,1.3874,2.57,0.12,东方财富基金历史净值接口
110008,易方达稳健收益债券B,2025-01-22,1.3864,2.569,-0.07,东方财富基金历史净值接口
110008,易方达稳健收益债券B,2025-01-23,1.3852,2.5678,-0.09,东方财富基金历史净值接口
110008,易方达稳健收益债券B,2025-01-24,1.3882,2.5708,0.22,东方财富基金历史净值接口
110008,易方达稳健收益债券B,2025-01-27,1.39,2.5726,0.13,东方财富基金历史净值接口
110008,易方达稳健收益债券B,2025-02-05,1.3912,2.5738,0.09,东方财富基金历史净值接口
110008,易方达稳健收益债券B,2025-02-06,1.3976,2.5802,0.46,东方财富基金历史净值接口
110008,易方达稳健收益债券B,2025-02-07,1.4012,2.5838,0.26,东方财富基金历史净值接口
110008,易方达稳健收益债券B,2025-02-10,1.3999,2.5825,-0.09,东方财富基金历史净值接口
110008,易方达稳健收益债券B,2025-02-11,1.3984,2.581,-0.11,东方财富基金历史净值接口
110008,易方达稳健收益债券B,2025-02-12,1.3997,2.5823,0.09,东方财富基金历史净值接口
110008,易方达稳健收益债券B,2025-02-13,1.398,2.5806,-0.12,东方财富基金历史净值接口
110008,易方达稳健收益债券B,2025-02-14,1.3984,2.581,0.03,东方财富基金历史净值接口
110008,易方达稳健收益债券B,2025-02-17,1.3974,2.58,-0.07,东方财富基金历史净值接口
110008,易方达稳健收益债券B,2025-02-18,1.393,2.5756,-0.31,东方财富基金历史净值接口
110008,易方达稳健收益债券B,2025-02-19,1.3968,2.5794,0.27,东方财富基金历史净值接口
110008,易方达稳健收益债券B,2025-02-20,1.3962,2.5788,-0.04,东方财富基金历史净值接口
110008,易方达稳健收益债券B,2025-02-21,1.3977,2.5803,0.11,东方财富基金历史净值接口
110008,易方达稳健收益债券B,2025-02-24,1.3927,2.5753,-0.36,东方财富基金历史净值接口
110008,易方达稳健收益债券B,2025-02-25,1.3906,2.5732,-0.15,东方财富基金历史净值接口
110008,易方达稳健收益债券B,2025-02-26,1.3947,2.5773,0.29,东方财富基金历史净值接口
110008,易方达稳健收益债券B,2025-02-27,1.393,2.5756,-0.12,东方财富基金历史净值接口
110008,易方达稳健收益债券B,2025-02-28,1.3863,2.5689,-0.48,东方财富基金历史净值接口
110008,易方达稳健收益债券B,2025-03-03,1.3862,2.5688,-0.01,东方财富基金历史净值接口
110008,易方达稳健收益债券B,2025-03-04,1.3875,2.5701,0.09,东方财富基金历史净值接口
110008,易方达稳健收益债券B,2025-03-05,1.3878,2.5704,0.02,东方财富基金历史净值接口
110008,易方达稳健收益债券B,2025-03-06,1.3915,2.5741,0.27,东方财富基金历史净值接口
110008,易方达稳健收益债券B,2025-03-07,1.3896,2.5722,-0.14,东方财富基金历史净值接口
110008,易方达稳健收益债券B,2025-03-10,1.3899,2.5725,0.02,东方财富基金历史净值接口
110008,易方达稳健收益债券B,2025-03-11,1.3856,2.5682,-0.31,东方财富基金历史净值接口
110008,易方达稳健收益债券B,2025-03-12,1.3868,2.5694,0.09,东方财富基金历史净值接口
110008,易方达稳健收益债券B,2025-03-13,1.3853,2.5679,-0.11,东方财富基金历史净值接口
110008,易方达稳健收益债券B,2025-03-14,1.3911,2.5737,0.42,东方财富基金历史净值接口
110008,易方达稳健收益债券B,2025-03-17,1.3907,2.5733,-0.03,东方财富基金历史净值接口
110008,易方达稳健收益债券B,2025-03-18,1.3933,2.5759,0.19,东方财富基金历史净值接口
110008,易方达稳健收益债券B,2025-03-19,1.3928,2.5754,-0.04,东方财富基金历史净值接口
110008,易方达稳健收益债券B,2025-03-20,1.3937,2.5763,0.06,东方财富基金历史净值接口
110008,易方达稳健收益债券B,2025-03-21,1.3904,2.573,-0.24,东方财富基金历史净值接口
110008,易方达稳健收益债券B,2025-03-24,1.3918,2.5744,0.1,东方财富基金历史净值接口
110008,易方达稳健收益债券B,2025-03-25,1.3923,2.5749,0.04,东方财富基金历史净值接口
110008,易方达稳健收益债券B,2025-03-26,1.3929,2.5755,0.04,东方财富基金历史净值接口
110008,易方达稳健收益债券B,2025-03-27,1.3951,2.5777,0.16,东方财富基金历史净值接口
110008,易方达稳健收益债券B,2025-03-28,1.3932,2.5758,-0.14,东方财富基金历史净值接口
110008,易方达稳健收益债券B,2025-03-31,1.3913,2.5739,-0.14,东方财富基金历史净值接口
110008,易方达稳健收益债券B,2025-04-01,1.393,2.5756,0.12,东方财富基金历史净值接口
110008,易方达稳健收益债券B,2025-04-02,1.3928,2.5754,-0.01,东方财富基金历史净值接口
110008,易方达稳健收益债券B,2025-04-03,1.3932,2.5758,0.03,东方财富基金历史净值接口
110008,易方达稳健收益债券B,2025-04-07,1.3735,2.5561,-1.41,东方财富基金历史净值接口
110008,易方达稳健收益债券B,2025-04-08,1.3742,2.5568,0.05,东方财富基金历史净值接口
110008,易方达稳健收益债券B,2025-04-09,1.3774,2.56,0.23,东方财富基金历史净值接口
110008,易方达稳健收益债券B,2025-04-10,1.3814,2.564,0.29,东方财富基金历史净值接口
110008,易方达稳健收益债券B,2025-04-11,1.38,2.5626,-0.1,东方财富基金历史净值接口
110008,易方达稳健收益债券B,2025-04-14,1.3804,2.563,0.03,东方财富基金历史净值接口
110008,易方达稳健收益债券B,2025-04-15,1.3784,2.561,-0.14,东方财富基金历史净值接口
110008,易方达稳健收益债券B,2025-04-16,1.377,2.5596,-0.1,东方财富基金历史净值接口
110008,易方达稳健收益债券B,2025-04-17,1.3766,2.5592,-0.03,东方财富基金历史净值接口
110008,易方达稳健收益债券B,2025-04-18,1.3771,2.5597,0.04,东方财富基金历史净值接口
110008,易方达稳健收益债券B,2025-04-21,1.3795,2.5621,0.17,东方财富基金历史净值接口
110008,易方达稳健收益债券B,2025-04-22,1.381,2.5636,0.11,东方财富基金历史净值接口
110008,易方达稳健收益债券B,2025-04-23,1.3817,2.5643,0.05,东方财富基金历史净值接口
110008,易方达稳健收益债券B,2025-04-24,1.382,2.5646,0.02,东方财富基金历史净值接口
110008,易方达稳健收益债券B,2025-04-25,1.3821,2.5647,0.01,东方财富基金历史净值接口
110008,易方达稳健收益债券B,2025-04-28,1.3811,2.5637,-0.07,东方财富基金历史净值接口
110008,易方达稳健收益债券B,2025-04-29,1.3844,2.567,0.24,东方财富基金历史净值接口
110008,易方达稳健收益债券B,2025-04-30,1.3858,2.5684,0.1,东方财富基金历史净值接口
110008,易方达稳健收益债券B,2025-05-06,1.3902,2.5728,0.32,东方财富基金历史净值接口
110008,易方达稳健收益债券B,2025-05-07,1.3895,2.5721,-0.05,东方财富基金历史净值接口
110008,易方达稳健收益债券B,2025-05-08,1.3923,2.5749,0.2,东方财富基金历史净值接口
110008,易方达稳健收益债券B,2025-05-09,1.3926,2.5752,0.02,东方财富基金历史净值接口
110008,易方达稳健收益债券B,2025-05-12,1.3944,2.577,0.13,东方财富基金历史净值接口
110008,易方达稳健收益债券B,2025-05-13,1.3962,2.5788,0.13,东方财富基金历史净值接口
110008,易方达稳健收益债券B,2025-05-14,1.3978,2.5804,0.11,东方财富基金历史净值接口
110008,易方达稳健收益债券B,2025-05-15,1.3952,2.5778,-0.19,东方财富基金历史净值接口
110008,易方达稳健收益债券B,2025-05-16,1.3935,2.5761,-0.12,东方财富基金历史净值接口
110008,易方达稳健收益债券B,2025-05-19,1.3951,2.5777,0.11,东方财富基金历史净值接口
110008,易方达稳健收益债券B,2025-05-20,1.3992,2.5818,0.29,东方财富基金历史净值接口
110008,易方达稳健收益债券B,2025-05-21,1.4014,2.584,0.16,东方财富基金历史净值接口
110008,易方达稳健收益债券B,2025-05-22,1.4009,2.5835,-0.04,东方财富基金历史净值接口
110008,易方达稳健收益债券B,2025-05-23,1.3994,2.582,-0.11,东方财富基金历史净值接口
110008,易方达稳健收益债券B,2025-05-26,1.3971,2.5797,-0.16,东方财富基金历史净值接口
110008,易方达稳健收益债券B,2025-05-27,1.3959,2.5785,-0.09,东方财富基金历史净值接口
110008,易方达稳健收益债券B,2025-05-28,1.3946,2.5772,-0.09,东方财富基金历史净值接口
110008,易方达稳健收益债券B,2025-05-29,1.3978,2.5804,0.23,东方财富基金历史净值接口
110008,易方达稳健收益债券B,2025-05-30,1.3998,2.5824,0.14,东方财富基金历史净值接口
110008,易方达稳健收益债券B,2025-06-03,1.4016,2.5842,0.13,东方财富基金历史净值接口
110008,易方达稳健收益债券B,2025-06-04,1.4036,2.5862,0.14,东方财富基金历史净值接口
110008,易方达稳健收益债券B,2025-06-05,1.4025,2.5851,-0.08,东方财富基金历史净值接口
110008,易方达稳健收益债券B,2025-06-06,1.4047,2.5873,0.16,东方财富基金历史净值接口
110008,易方达稳健收益债券B,2025-06-09,1.4088,2.5914,0.29,东方财富基金历史净值接口
110008,易方达稳健收益债券B,2025-06-10,1.4082,2.5908,-0.04,东方财富基金历史净值接口
110008,易方达稳健收益债券B,2025-06-11,1.4106,2.5932,0.17,东方财富基金历史净值接口
110008,易方达稳健收益债券B,2025-06-12,1.412,2.5946,0.1,东方财富基金历史净值接口
110008,易方达稳健收益债券B,2025-06-13,1.4104,2.593,-0.11,东方财富基金历史净值接口
110008,易方达稳健收益债券B,2025-06-16,1.41,2.5926,-0.03,东方财富基金历史净值接口
110008,易方达稳健收益债券B,2025-06-17,1.4102,2.5928,0.01,东方财富基金历史净值接口
110008,易方达稳健收益债券B,2025-06-18,1.41,2.5926,-0.01,东方财富基金历史净值接口
110008,易方达稳健收益债券B,2025-06-19,1.4084,2.591,-0.11,东方财富基金历史净值接口
110008,易方达稳健收益债券B,2025-06-20,1.4091,2.5917,0.05,东方财富基金历史净值接口
110008,易方达稳健收益债券B,2025-06-23,1.4104,2.593,0.09,东方财富基金历史净值接口
110008,易方达稳健收益债券B,2025-06-24,1.4108,2.5934,0.03,东方财富基金历史净值接口
110008,易方达稳健收益债券B,2025-06-25,1.4113,2.5939,0.04,东方财富基金历史净值接口
110008,易方达稳健收益债券B,2025-06-26,1.4103,2.5929,-0.07,东方财富基金历史净值接口
110008,易方达稳健收益债券B,2025-06-27,1.4115,2.5941,0.09,东方财富基金历史净值接口
110008,易方达稳健收益债券B,2025-06-30,1.4132,2.5958,0.12,东方财富基金历史净值接口
110008,易方达稳健收益债券B,2025-07-01,1.4163,2.5989,0.22,东方财富基金历史净值接口
110008,易方达稳健收益债券B,2025-07-02,1.4183,2.6009,0.14,东方财富基金历史净值接口
110008,易方达稳健收益债券B,2025-07-03,1.4201,2.6027,0.13,东方财富基金历史净值接口
110008,易方达稳健收益债券B,2025-07-04,1.4211,2.6037,0.07,东方财富基金历史净值接口
110008,易方达稳健收益债券B,2025-07-07,1.4196,2.6022,-0.11,东方财富基金历史净值接口
110008,易方达稳健收益债券B,2025-07-08,1.4206,2.6032,0.07,东方财富基金历史净值接口
110008,易方达稳健收益债券B,2025-07-09,1.4204,2.603,-0.01,东方财富基金历史净值接口
110008,易方达稳健收益债券B,2025-07-10,1.42,2.6026,-0.03,东方财富基金历史净值接口
110008,易方达稳健收益债券B,2025-07-11,1.4227,2.6053,0.19,东方财富基金历史净值接口
110008,易方达稳健收益债券B,2025-07-14,1.4216,2.6042,-0.08,东方财富基金历史净值接口
110008,易方达稳健收益债券B,2025-07-15,1.4235,2.6061,0.13,东方财富基金历史净值接口
110008,易方达稳健收益债券B,2025-07-16,1.4235,2.6061,0.0,东方财富基金历史净值接口
110008,易方达稳健收益债券B,2025-07-17,1.4263,2.6089,0.2,东方财富基金历史净值接口
110008,易方达稳健收益债券B,2025-07-18,1.4281,2.6107,0.13,东方财富基金历史净值接口
110008,易方达稳健收益债券B,2025-07-21,1.4298,2.6124,0.12,东方财富基金历史净值接口
110008,易方达稳健收益债券B,2025-07-22,1.4321,2.6147,0.16,东方财富基金历史净值接口
110008,易方达稳健收益债券B,2025-07-23,1.4308,2.6134,-0.09,东方财富基金历史净值接口
110008,易方达稳健收益债券B,2025-07-24,1.4313,2.6139,0.03,东方财富基金历史净值接口
110008,易方达稳健收益债券B,2025-07-25,1.4307,2.6133,-0.04,东方财富基金历史净值接口
110008,易方达稳健收益债券B,2025-07-28,1.4322,2.6148,0.1,东方财富基金历史净值接口
110008,易方达稳健收益债券B,2025-07-29,1.434,2.6166,0.13,东方财富基金历史净值接口
110008,易方达稳健收益债券B,2025-07-30,1.4348,2.6174,0.06,东方财富基金历史净值接口
110008,易方达稳健收益债券B,2025-07-31,1.4322,2.6148,-0.18,东方财富基金历史净值接口
110008,易方达稳健收益债券B,2025-08-01,1.4319,2.6145,-0.02,东方财富基金历史净值接口
110008,易方达稳健收益债券B,2025-08-04,1.4321,2.6147,0.01,东方财富基金历史净值接口
110008,易方达稳健收益债券B,2025-08-05,1.4343,2.6169,0.15,东方财富基金历史净值接口
110008,易方达稳健收益债券B,2025-08-06,1.4363,2.6189,0.14,东方财富基金历史净值接口
110008,易方达稳健收益债券B,2025-08-07,1.4352,2.6178,-0.08,东方财富基金历史净值接口
110008,易方达稳健收益债券B,2025-08-08,1.4353,2.6179,0.01,东方财富基金历史净值接口
110008,易方达稳健收益债券B,2025-08-11,1.4355,2.6181,0.01,东方财富基金历史净值接口
110008,易方达稳健收益债券B,2025-08-12,1.4352,2.6178,-0.02,东方财富基金历史净值接口
110008,易方达稳健收益债券B,2025-08-13,1.4374,2.62,0.15,东方财富基金历史净值接口
110008,易方达稳健收益债券B,2025-08-14,1.4356,2.6182,-0.13,东方财富基金历史净值接口
110008,易方达稳健收益债券B,2025-08-15,1.4379,2.6205,0.16,东方财富基金历史净值接口
110008,易方达稳健收益债券B,2025-08-18,1.4363,2.6189,-0.11,东方财富基金历史净值接口
110008,易方达稳健收益债券B,2025-08-19,1.4342,2.6168,-0.15,东方财富基金历史净值接口
110008,易方达稳健收益债券B,2025-08-20,1.437,2.6196,0.2,东方财富基金历史净值接口
110008,易方达稳健收益债券B,2025-08-21,1.4389,2.6215,0.13,东方财富基金历史净值接口
110008,易方达稳健收益债券B,2025-08-22,1.4413,2.6239,0.17,东方财富基金历史净值接口
110008,易方达稳健收益债券B,2025-08-25,1.4454,2.628,0.28,东方财富基金历史净值接口
110008,易方达稳健收益债券B,2025-08-26,1.4462,2.6288,0.06,东方财富基金历史净值接口
110008,易方达稳健收益债券B,2025-08-27,1.4407,2.6233,-0.38,东方财富基金历史净值接口
110008,易方达稳健收益债券B,2025-08-28,1.4404,2.623,-0.02,东方财富基金历史净值接口
110008,易方达稳健收益债券B,2025-08-29,1.4418,2.6244,0.1,东方财富基金历史净值接口
110008,易方达稳健收益债券B,2025-09-01,1.4442,2.6268,0.17,东方财富基金历史净值接口
110008,易方达稳健收益债券B,2025-09-02,1.4432,2.6258,-0.07,东方财富基金历史净值接口
110008,易方达稳健收益债券B,2025-09-03,1.4436,2.6262,0.03,东方财富基金历史净值接口
110008,易方达稳健收益债券B,2025-09-04,1.4397,2.6223,-0.27,东方财富基金历史净值接口
110008,易方达稳健收益债券B,2025-09-05,1.4425,2.6251,0.19,东方财富基金历史净值接口
110008,易方达稳健收益债券B,2025-09-08,1.4433,2.6259,0.06,东方财富基金历史净值接口
110008,易方达稳健收益债券B,2025-09-09,1.4395,2.6221,-0.26,东方财富基金历史净值接口
110008,易方达稳健收益债券B,2025-09-10,1.4373,2.6199,-0.15,东方财富基金历史净值接口
110008,易方达稳健收益债券B,2025-09-11,1.4392,2.6218,0.13,东方财富基金历史净值接口
110008,易方达稳健收益债券B,2025-09-12,1.4392,2.6218,0.0,东方财富基金历史净值接口
110008,易方达稳健收益债券B,2025-09-15,1.44,2.6226,0.06,东方财富基金历史净值接口
110008,易方达稳健收益债券B,2025-09-16,1.4403,2.6229,0.02,东方财富基金历史净值接口
110008,易方达稳健收益债券B,2025-09-17,1.4424,2.625,0.15,东方财富基金历史净值接口
110008,易方达稳健收益债券B,2025-09-18,1.44,2.6226,-0.17,东方财富基金历史净值接口
110008,易方达稳健收益债券B,2025-09-19,1.4388,2.6214,-0.08,东方财富基金历史净值接口
110008,易方达稳健收益债券B,2025-09-22,1.4386,2.6212,-0.01,东方财富基金历史净值接口
110008,易方达稳健收益债券B,2025-09-23,1.4359,2.6185,-0.19,东方财富基金历史净值接口
110008,易方达稳健收益债券B,2025-09-24,1.4372,2.6198,0.09,东方财富基金历史净值接口
110008,易方达稳健收益债券B,2025-09-25,1.4374,2.62,0.01,东方财富基金历史净值接口
110008,易方达稳健收益债券B,2025-09-26,1.4354,2.618,-0.14,东方财富基金历史净值接口
110008,易方达稳健收益债券B,2025-09-29,1.4369,2.6195,0.1,东方财富基金历史净值接口
110008,易方达稳健收益债券B,2025-09-30,1.4399,2.6225,0.21,东方财富基金历史净值接口
110008,易方达稳健收益债券B,2025-10-09,1.4424,2.625,0.17,东方财富基金历史净值接口
110008,易方达稳健收益债券B,2025-10-10,1.4397,2.6223,-0.19,东方财富基金历史净值接口
110008,易方达稳健收益债券B,2025-10-13,1.4377,2.6203,-0.14,东方财富基金历史净值接口
110008,易方达稳健收益债券B,2025-10-14,1.4338,2.6164,-0.27,东方财富基金历史净值接口
110008,易方达稳健收益债券B,2025-10-15,1.4371,2.6197,0.23,东方财富基金历史净值接口
110008,易方达稳健收益债券B,2025-10-16,1.436,2.6186,-0.08,东方财富基金历史净值接口
110008,易方达稳健收益债券B,2025-10-17,1.4314,2.614,-0.32,东方财富基金历史净值接口
110008,易方达稳健收益债券B,2025-10-20,1.4317,2.6143,0.02,东方财富基金历史净值接口
110008,易方达稳健收益债券B,2025-10-21,1.4352,2.6178,0.24,东方财富基金历史净值接口
110008,易方达稳健收益债券B,2025-10-22,1.4345,2.6171,-0.05,东方财富基金历史净值接口
110008,易方达稳健收益债券B,2025-10-23,1.4357,2.6183,0.08,东方财富基金历史净值接口
110008,易方达稳健收益债券B,2025-10-24,1.4366,2.6192,0.06,东方财富基金历史净值接口
110008,易方达稳健收益债券B,2025-10-27,1.4399,2.6225,0.23,东方财富基金历史净值接口
110008,易方达稳健收益债券B,2025-10-28,1.439,2.6216,-0.06,东方财富基金历史净值接口
110008,易方达稳健收益债券B,2025-10-29,1.4433,2.6259,0.3,东方财富基金历史净值接口
110008,易方达稳健收益债券B,2025-10-30,1.4424,2.625,-0.06,东方财富基金历史净值接口
110008,易方达稳健收益债券B,2025-10-31,1.4444,2.627,0.14,东方财富基金历史净值接口
110008,易方达稳健收益债券B,2025-11-03,1.4449,2.6275,0.03,东方财富基金历史净值接口
110008,易方达稳健收益债券B,2025-11-04,1.4407,2.6233,-0.29,东方财富基金历史净值接口
110008,易方达稳健收益债券B,2025-11-05,1.4412,2.6238,0.03,东方财富基金历史净值接口
110008,易方达稳健收益债券B,2025-11-06,1.4448,2.6274,0.25,东方财富基金历史净值接口
110008,易方达稳健收益债券B,2025-11-07,1.4452,2.6278,0.03,东方财富基金历史净值接口
110008,易方达稳健收益债券B,2025-11-10,1.4472,2.6298,0.14,东方财富基金历史净值接口
110008,易方达稳健收益债券B,2025-11-11,1.4457,2.6283,-0.1,东方财富基金历史净值接口
110008,易方达稳健收益债券B,2025-11-12,1.4454,2.628,-0.02,东方财富基金历史净值接口
110008,易方达稳健收益债券B,2025-11-13,1.4499,2.6325,0.31,东方财富基金历史净值接口
110008,易方达稳健收益债券B,2025-11-14,1.4457,2.6283,-0.29,东方财富基金历史净值接口
110008,易方达稳健收益债券B,2025-11-17,1.4451,2.6277,-0.04,东方财富基金历史净值接口
110008,易方达稳健收益债券B,2025-11-18,1.4414,2.624,-0.26,东方财富基金历史净值接口
110008,易方达稳健收益债券B,2025-11-19,1.4415,2.6241,0.01,东方财富基金历史净值接口
110008,易方达稳健收益债券B,2025-11-20,1.4401,2.6227,-0.1,东方财富基金历史净值接口
110008,易方达稳健收益债券B,2025-11-21,1.4345,2.6171,-0.39,东方财富基金历史净值接口
110008,易方达稳健收益债券B,2025-11-24,1.435,2.6176,0.03,东方财富基金历史净值接口
110008,易方达稳健收益债券B,2025-11-25,1.4364,2.619,0.1,东方财富基金历史净值接口
110008,易方达稳健收益债券B,2025-11-26,1.4359,2.6185,-0.03,东方财富基金历史净值接口
110008,易方达稳健收益债券B,2025-11-27,1.4348,2.6174,-0.08,东方财富基金历史净值接口
110008,易方达稳健收益债券B,2025-11-28,1.4369,2.6195,0.15,东方财富基金历史净值接口
110008,易方达稳健收益债券B,2025-12-01,1.4385,2.6211,0.11,东方财富基金历史净值接口
110008,易方达稳健收益债券B,2025-12-02,1.4355,2.6181,-0.21,东方财富基金历史净值接口
110008,易方达稳健收益债券B,2025-12-03,1.4339,2.6165,-0.11,东方财富基金历史净值接口
110008,易方达稳健收益债券B,2025-12-04,1.4327,2.6153,-0.08,东方财富基金历史净值接口
110008,易方达稳健收益债券B,2025-12-05,1.4363,2.6189,0.25,东方财富基金历史净值接口
110008,易方达稳健收益债券B,2025-12-08,1.4363,2.6189,0.0,东方财富基金历史净值接口
110008,易方达稳健收益债券B,2025-12-09,1.4353,2.6179,-0.07,东方财富基金历史净值接口
110008,易方达稳健收益债券B,2025-12-10,1.4367,2.6193,0.1,东方财富基金历史净值接口
110008,易方达稳健收益债券B,2025-12-11,1.4356,2.6182,-0.08,东方财富基金历史净值接口
110008,易方达稳健收益债券B,2025-12-12,1.4363,2.6189,0.05,东方财富基金历史净值接口
110008,易方达稳健收益债券B,2025-12-15,1.4338,2.6164,-0.17,东方财富基金历史净值接口
110008,易方达稳健收益债券B,2025-12-16,1.4307,2.6133,-0.22,东方财富基金历史净值接口
110008,易方达稳健收益债券B,2025-12-17,1.4355,2.6181,0.34,东方财富基金历史净值接口
110008,易方达稳健收益债券B,2025-12-18,1.4349,2.6175,-0.04,东方财富基金历史净值接口
110008,易方达稳健收益债券B,2025-12-19,1.4383,2.6209,0.24,东方财富基金历史净值接口
110008,易方达稳健收益债券B,2025-12-22,1.4393,2.6219,0.07,东方财富基金历史净值接口
110008,易方达稳健收益债券B,2025-12-23,1.4399,2.6225,0.04,东方财富基金历史净值接口
110008,易方达稳健收益债券B,2025-12-24,1.4414,2.624,0.1,东方财富基金历史净值接口
110008,易方达稳健收益债券B,2025-12-25,1.4435,2.6261,0.15,东方财富基金历史净值接口
110008,易方达稳健收益债券B,2025-12-26,1.4451,2.6277,0.11,东方财富基金历史净值接口
110008,易方达稳健收益债券B,2025-12-29,1.4421,2.6247,-0.21,东方财富基金历史净值接口
110008,易方达稳健收益债券B,2025-12-30,1.4428,2.6254,0.05,东方财富基金历史净值接口
110008,易方达稳健收益债券B,2025-12-31,1.4421,2.6247,-0.05,东方财富基金历史净值接口
110008,易方达稳健收益债券B,2026-01-05,1.4473,2.6299,0.36,东方财富基金历史净值接口
110008,易方达稳健收益债券B,2026-01-06,1.451,2.6336,0.26,东方财富基金历史净值接口
110008,易方达稳健收益债券B,2026-01-07,1.4501,2.6327,-0.06,东方财富基金历史净值接口
110008,易方达稳健收益债券B,2026-01-08,1.4503,2.6329,0.01,东方财富基金历史净值接口
110008,易方达稳健收益债券B,2026-01-09,1.4524,2.635,0.14,东方财富基金历史净值接口
110008,易方达稳健收益债券B,2026-01-12,1.4544,2.637,0.14,东方财富基金历史净值接口
110008,易方达稳健收益债券B,2026-01-13,1.4091,2.6367,-0.02,东方财富基金历史净值接口
110008,易方达稳健收益债券B,2026-01-14,1.4083,2.6359,-0.06,东方财富基金历史净值接口
110008,易方达稳健收益债券B,2026-01-15,1.4094,2.637,0.08,东方财富基金历史净值接口
110008,易方达稳健收益债券B,2026-01-16,1.4097,2.6373,0.02,东方财富基金历史净值接口
110008,易方达稳健收益债券B,2026-01-19,1.4118,2.6394,0.15,东方财富基金历史净值接口
110008,易方达稳健收益债券B,2026-01-20,1.4122,2.6398,0.03,东方财富基金历史净值接口
110008,易方达稳健收益债券B,2026-01-21,1.4137,2.6413,0.11,东方财富基金历史净值接口
110008,易方达稳健收益债券B,2026-01-22,1.4134,2.641,-0.02,东方财富基金历史净值接口
110008,易方达稳健收益债券B,2026-01-23,1.4162,2.6438,0.2,东方财富基金历史净值接口
110008,易方达稳健收益债券B,2026-01-26,1.4162,2.6438,0.0,东方财富基金历史净值接口
110008,易方达稳健收益债券B,2026-01-27,1.4147,2.6423,-0.11,东方财富基金历史净值接口
110008,易方达稳健收益债券B,2026-01-28,1.4157,2.6433,0.07,东方财富基金历史净值接口
110008,易方达稳健收益债券B,2026-01-29,1.4169,2.6445,0.08,东方财富基金历史净值接口
110008,易方达稳健收益债券B,2026-01-30,1.4136,2.6412,-0.23,东方财富基金历史净值接口
110008,易方达稳健收益债券B,2026-02-02,1.4052,2.6328,-0.59,东方财富基金历史净值接口
110008,易方达稳健收益债券B,2026-02-03,1.4101,2.6377,0.35,东方财富基金历史净值接口
110008,易方达稳健收益债券B,2026-02-04,1.4144,2.642,0.3,东方财富基金历史净值接口
110008,易方达稳健收益债券B,2026-02-05,1.4139,2.6415,-0.04,东方财富基金历史净值接口
110008,易方达稳健收益债券B,2026-02-06,1.4142,2.6418,0.02,东方财富基金历史净值接口
110008,易方达稳健收益债券B,2026-02-09,1.4189,2.6465,0.33,东方财富基金历史净值接口
110008,易方达稳健收益债券B,2026-02-10,1.4198,2.6474,0.06,东方财富基金历史净值接口
110008,易方达稳健收益债券B,2026-02-11,1.4205,2.6481,0.05,东方财富基金历史净值接口
110008,易方达稳健收益债券B,2026-02-12,1.4209,2.6485,0.03,东方财富基金历史净值接口
110008,易方达稳健收益债券B,2026-02-13,1.4164,2.644,-0.32,东方财富基金历史净值接口
110008,易方达稳健收益债券B,2026-02-24,1.4186,2.6462,0.16,东方财富基金历史净值接口
110008,易方达稳健收益债券B,2026-02-25,1.4198,2.6474,0.08,东方财富基金历史净值接口
110008,易方达稳健收益债券B,2026-02-26,1.4175,2.6451,-0.16,东方财富基金历史净值接口
110008,易方达稳健收益债券B,2026-02-27,1.4186,2.6462,0.08,东方财富基金历史净值接口
110008,易方达稳健收益债券B,2026-03-02,1.4178,2.6454,-0.06,东方财富基金历史净值接口
110008,易方达稳健收益债券B,2026-03-03,1.4126,2.6402,-0.37,东方财富基金历史净值接口
110008,易方达稳健收益债券B,2026-03-04,1.4102,2.6378,-0.17,东方财富基金历史净值接口
110008,易方达稳健收益债券B,2026-03-05,1.4125,2.6401,0.16,东方财富基金历史净值接口
110008,易方达稳健收益债券B,2026-03-06,1.4162,2.6438,0.26,东方财富基金历史净值接口
110008,易方达稳健收益债券B,2026-03-09,1.41,2.6376,-0.44,东方财富基金历史净值接口
110008,易方达稳健收益债券B,2026-03-10,1.4127,2.6403,0.19,东方财富基金历史净值接口
110008,易方达稳健收益债券B,2026-03-11,1.4134,2.641,0.05,东方财富基金历史净值接口
110008,易方达稳健收益债券B,2026-03-12,1.4134,2.641,0.0,东方财富基金历史净值接口
110008,易方达稳健收益债券B,2026-03-13,1.4122,2.6398,-0.08,东方财富基金历史净值接口
110008,易方达稳健收益债券B,2026-03-16,1.4096,2.6372,-0.18,东方财富基金历史净值接口
110008,易方达稳健收益债券B,2026-03-17,1.4088,2.6364,-0.06,东方财富基金历史净值接口
110008,易方达稳健收益债券B,2026-03-18,1.4101,2.6377,0.09,东方财富基金历史净值接口
110008,易方达稳健收益债券B,2026-03-19,1.4046,2.6322,-0.39,东方财富基金历史净值接口
110008,易方达稳健收益债券B,2026-03-20,1.4023,2.6299,-0.16,东方财富基金历史净值接口
110008,易方达稳健收益债券B,2026-03-23,1.3916,2.6192,-0.76,东方财富基金历史净值接口
110008,易方达稳健收益债券B,2026-03-24,1.3948,2.6224,0.23,东方财富基金历史净值接口
110008,易方达稳健收益债券B,2026-03-25,1.398,2.6256,0.23,东方财富基金历史净值接口
110008,易方达稳健收益债券B,2026-03-26,1.394,2.6216,-0.29,东方财富基金历史净值接口
110008,易方达稳健收益债券B,2026-03-27,1.3985,2.6261,0.32,东方财富基金历史净值接口
110008,易方达稳健收益债券B,2026-03-30,1.3991,2.6267,0.04,东方财富基金历史净值接口
110008,易方达稳健收益债券B,2026-03-31,1.3984,2.626,-0.05,东方财富基金历史净值接口
110008,易方达稳健收益债券B,2026-04-01,1.4031,2.6307,0.34,东方财富基金历史净值接口
110008,易方达稳健收益债券B,2026-04-02,1.4014,2.629,-0.12,东方财富基金历史净值接口
110008,易方达稳健收益债券B,2026-04-03,1.3986,2.6262,-0.2,东方财富基金历史净值接口
110008,易方达稳健收益债券B,2026-04-07,1.3997,2.6273,0.08,东方财富基金历史净值接口
110008,易方达稳健收益债券B,2026-04-08,1.4074,2.635,0.55,东方财富基金历史净值接口
110008,易方达稳健收益债券B,2026-04-09,1.4046,2.6322,-0.2,东方财富基金历史净值接口
110008,易方达稳健收益债券B,2026-04-10,1.4071,2.6347,0.18,东方财富基金历史净值接口
110008,易方达稳健收益债券B,2026-04-13,1.4066,2.6342,-0.04,东方财富基金历史净值接口
110008,易方达稳健收益债券B,2026-04-14,1.4098,2.6374,0.23,东方财富基金历史净值接口
110008,易方达稳健收益债券B,2026-04-15,1.4102,2.6378,0.03,东方财富基金历史净值接口
110008,易方达稳健收益债券B,2026-04-16,1.4122,2.6398,0.14,东方财富基金历史净值接口
110008,易方达稳健收益债券B,2026-04-17,1.41,2.6376,-0.16,东方财富基金历史净值接口
110008,易方达稳健收益债券B,2026-04-20,1.4112,2.6388,0.09,东方财富基金历史净值接口
110008,易方达稳健收益债券B,2026-04-21,1.4113,2.6389,0.01,东方财富基金历史净值接口
110008,易方达稳健收益债券B,2026-04-22,1.4129,2.6405,0.11,东方财富基金历史净值接口
110008,易方达稳健收益债券B,2026-04-23,1.4112,2.6388,-0.12,东方财富基金历史净值接口
110008,易方达稳健收益债券B,2026-04-24,1.4104,2.638,-0.06,东方财富基金历史净值接口
110008,易方达稳健收益债券B,2026-04-27,1.4109,2.6385,0.04,东方财富基金历史净值接口
110008,易方达稳健收益债券B,2026-04-28,1.4149,2.6425,0.28,东方财富基金历史净值接口
110008,易方达稳健收益债券B,2026-04-29,1.4181,2.6457,0.23,东方财富基金历史净值接口
110008,易方达稳健收益债券B,2026-04-30,1.417,2.6446,-0.08,东方财富基金历史净值接口
110008,易方达稳健收益债券B,2026-05-06,1.4174,2.645,0.03,东方财富基金历史净值接口
110008,易方达稳健收益债券B,2026-05-07,1.4182,2.6458,0.06,东方财富基金历史净值接口
110008,易方达稳健收益债券B,2026-05-08,1.4162,2.6438,-0.14,东方财富基金历史净值接口
110008,易方达稳健收益债券B,2026-05-11,1.4189,2.6465,0.19,东方财富基金历史净值接口
110008,易方达稳健收益债券B,2026-05-12,1.4176,2.6452,-0.09,东方财富基金历史净值接口
110008,易方达稳健收益债券B,2026-05-13,1.4172,2.6448,-0.03,东方财富基金历史净值接口
110008,易方达稳健收益债券B,2026-05-14,1.4112,2.6388,-0.42,东方财富基金历史净值接口
110008,易方达稳健收益债券B,2026-05-15,1.408,2.6356,-0.23,东方财富基金历史净值接口
110008,易方达稳健收益债券B,2026-05-18,1.4055,2.6331,-0.18,东方财富基金历史净值接口
110008,易方达稳健收益债券B,2026-05-19,1.4088,2.6364,0.23,东方财富基金历史净值接口
110008,易方达稳健收益债券B,2026-05-20,1.4089,2.6365,0.01,东方财富基金历史净值接口
110008,易方达稳健收益债券B,2026-05-21,1.4072,2.6348,-0.12,东方财富基金历史净值接口
110008,易方达稳健收益债券B,2026-05-22,1.4065,2.6341,-0.05,东方财富基金历史净值接口
110008,易方达稳健收益债券B,2026-05-25,1.4086,2.6362,0.15,东方财富基金历史净值接口
110008,易方达稳健收益债券B,2026-05-26,1.4105,2.6381,0.13,东方财富基金历史净值接口
110008,易方达稳健收益债券B,2026-05-27,1.4084,2.636,-0.15,东方财富基金历史净值接口
110008,易方达稳健收益债券B,2026-05-28,1.4057,2.6333,-0.19,东方财富基金历史净值接口
110008,易方达稳健收益债券B,2026-05-29,1.4059,2.6335,0.01,东方财富基金历史净值接口
110008,易方达稳健收益债券B,2026-06-01,1.4058,2.6334,-0.01,东方财富基金历史净值接口
110008,易方达稳健收益债券B,2026-06-02,1.405,2.6326,-0.06,东方财富基金历史净值接口
110008,易方达稳健收益债券B,2026-06-03,1.4033,2.6309,-0.12,东方财富基金历史净值接口
110008,易方达稳健收益债券B,2026-06-04,1.4016,2.6292,-0.12,东方财富基金历史净值接口
110008,易方达稳健收益债券B,2026-06-05,1.3996,2.6272,-0.14,东方财富基金历史净值接口
110008,易方达稳健收益债券B,2026-06-08,1.3944,2.622,-0.37,东方财富基金历史净值接口
110008,易方达稳健收益债券B,2026-06-09,1.3938,2.6214,-0.04,东方财富基金历史净值接口
110008,易方达稳健收益债券B,2026-06-10,1.3933,2.6209,-0.04,东方财富基金历史净值接口
110008,易方达稳健收益债券B,2026-06-11,1.3899,2.6175,-0.24,东方财富基金历史净值接口
110008,易方达稳健收益债券B,2026-06-12,1.3943,2.6219,0.32,东方财富基金历史净值接口
110008,易方达稳健收益债券B,2026-06-15,1.3973,2.6249,0.22,东方财富基金历史净值接口
110008,易方达稳健收益债券B,2026-06-16,1.3959,2.6235,-0.1,东方财富基金历史净值接口
110008,易方达稳健收益债券B,2026-06-17,1.3969,2.6245,0.07,东方财富基金历史净值接口
110008,易方达稳健收益债券B,2026-06-18,1.3949,2.6225,-0.14,东方财富基金历史净值接口
110008,易方达稳健收益债券B,2026-06-22,1.4016,2.6292,0.48,东方财富基金历史净值接口
110008,易方达稳健收益债券B,2026-06-23,1.3968,2.6244,-0.34,东方财富基金历史净值接口
110008,易方达稳健收益债券B,2026-06-24,1.3996,2.6272,0.2,东方财富基金历史净值接口
110008,易方达稳健收益债券B,2026-06-25,1.4027,2.6303,0.22,东方财富基金历史净值接口
110008,易方达稳健收益债券B,2026-06-26,1.3966,2.6242,-0.43,东方财富基金历史净值接口
110008,易方达稳健收益债券B,2026-06-29,1.4051,2.6327,0.61,东方财富基金历史净值接口
110008,易方达稳健收益债券B,2026-06-30,1.4038,2.6314,-0.09,东方财富基金历史净值接口
110008,易方达稳健收益债券B,2026-07-01,1.4086,2.6362,0.34,东方财富基金历史净值接口
110008,易方达稳健收益债券B,2026-07-02,1.4065,2.6341,-0.15,东方财富基金历史净值接口
110008,易方达稳健收益债券B,2026-07-03,1.4108,2.6384,0.31,东方财富基金历史净值接口
110008,易方达稳健收益债券B,2026-07-06,1.4137,2.6413,0.21,东方财富基金历史净值接口
110008,易方达稳健收益债券B,2026-07-07,1.4086,2.6362,-0.36,东方财富基金历史净值接口
110008,易方达稳健收益债券B,2026-07-08,1.4066,2.6342,-0.14,东方财富基金历史净值接口
110008,易方达稳健收益债券B,2026-07-09,1.4094,2.637,0.2,东方财富基金历史净值接口
110008,易方达稳健收益债券B,2026-07-10,1.4104,2.638,0.07,东方财富基金历史净值接口
110008,易方达稳健收益债券B,2026-07-13,1.4072,2.6348,-0.23,东方财富基金历史净值接口
110008,易方达稳健收益债券B,2026-07-14,1.4116,2.6392,0.31,东方财富基金历史净值接口
110008,易方达稳健收益债券B,2026-07-15,1.4185,2.6461,0.49,东方财富基金历史净值接口
110008,易方达稳健收益债券B,2026-07-16,1.4154,2.643,-0.22,东方财富基金历史净值接口
110008,易方达稳健收益债券B,2026-07-17,1.4079,2.6355,-0.53,东方财富基金历史净值接口
110008,易方达稳健收益债券B,2026-07-20,1.4138,2.6414,0.42,东方财富基金历史净值接口
110008,易方达稳健收益债券B,2026-07-21,1.4163,2.6439,0.18,东方财富基金历史净值接口
110008,易方达稳健收益债券B,2026-07-22,1.4196,2.6472,0.23,东方财富基金历史净值接口
110008,易方达稳健收益债券B,2026-07-23,1.4199,2.6475,0.02,东方财富基金历史净值接口
110008,易方达稳健收益债券B,2026-07-24,1.4153,2.6429,-0.32,东方财富基金历史净值接口
110008,易方达稳健收益债券B,2026-07-27,1.4175,2.6451,0.16,东方财富基金历史净值接口
110008,易方达稳健收益债券B,2026-07-28,1.4158,2.6434,-0.12,东方财富基金历史净值接口
110008,易方达稳健收益债券B,2026-07-29,1.4184,2.646,0.18,东方财富基金历史净值接口
110008,易方达稳健收益债券B,2026-07-30,1.4199,2.6475,0.11,东方财富基金历史净值接口
110008,易方达稳健收益债券B,2026-07-31,1.4221,2.6497,0.15,东方财富基金历史净值接口
110008,易方达稳健收益债券B,2026-08-03,1.4211,2.6487,-0.07,东方财富基金历史净值接口
110008,易方达稳健收益债券B,2026-08-04,1.4213,2.6489,0.01,东方财富基金历史净值接口
110008,易方达稳健收益债券B,2026-08-05,1.4234,2.651,0.15,东方财富基金历史净值接口
110008,易方达稳健收益债券B,2026-08-06,1.4209,2.6485,-0.18,东方财富基金历史净值接口
110008,易方达稳健收益债券B,2026-08-07,1.4245,2.6521,0.25,东方财富基金历史净值接口
110008,易方达稳健收益债券B,2026-08-10,1.4276,2.6552,0.22,东方财富基金历史净值接口
110008,易方达稳健收益债券B,2026-08-11,1.4256,2.6532,-0.14,东方财富基金历史净值接口
110008,易方达稳健收益债券B,2026-08-12,1.4246,2.6522,-0.07,东方财富基金历史净值接口
110008,易方达稳健收益债券B,2026-08-13,1.4248,2.6524,0.01,东方财富基金历史净值接口
110008,易方达稳健收益债券B,2026-08-14,1.4227,2.6503,-0.15,东方财富基金历史净值接口
110008,易方达稳健收益债券B,2026-08-17,1.4259,2.6535,0.22,东方财富基金历史净值接口
110008,易方达稳健收益债券B,2026-08-18,1.4272,2.6548,0.09,东方财富基金历史净值接口
110008,易方达稳健收益债券B,2026-08-19,1.4223,2.6499,-0.34,东方财富基金历史净值接口
110008,易方达稳健收益债券B,2026-08-20,1.4239,2.6515,0.11,东方财富基金历史净值接口
110008,易方达稳健收益债券B,2026-08-21,1.4207,2.6483,-0.22,东方财富基金历史净值接口
110008,易方达稳健收益债券B,2026-08-24,1.4197,2.6473,-0.07,东方财富基金历史净值接口
110008,易方达稳健收益债券B,2026-08-25,1.4223,2.6499,0.18,东方财富基金历史净值接口
110008,易方达稳健收益债券B,2026-08-26,1.4236,2.6512,0.09,东方财富基金历史净值接口
110008,易方达稳健收益债券B,2026-08-27,1.4232,2.6508,-0.03,东方财富基金历史净值接口
110008,易方达稳健收益债券B,2026-08-28,1.422,2.6496,-0.08,东方财富基金历史净值接口
110008,易方达稳健收益债券B,2026-08-31,1.4218,2.6494,-0.01,东方财富基金历史净值接口
110008,易方达稳健收益债券B,2026-09-01,1.4248,2.6524,0.21,东方财富基金历史净值接口
