t,light_percent,temp,state
0.002275228500366211,20.0,27.2,LED_ON
0.0028047561645507812,65.93,28.7,LED_OFF
0.0031905174255371094,20.0,27.2,LED_ON
0.00360870361328125,65.93,28.7,LED_OFF
0.003972768783569336,20.0,27.2,LED_ON
0.004373311996459961,65.93,28.7,LED_OFF
0.004719734191894531,20.0,27.2,LED_ON
0.005111217498779297,65.93,28.7,LED_OFF
0.005518913269042969,20.0,27.2,LED_ON
0.005962371826171875,65.93,28.7,LED_OFF
0.0064373016357421875,20.0,27.2,LED_ON
0.006658315658569336,65.93,28.7,LED_OFF
0.00684356689453125,20.0,27.2,LED_ON
0.00713801383972168,65.93,28.7,LED_OFF
0.007308006286621094,20.0,27.2,LED_ON
0.007534503936767578,65.93,28.7,LED_OFF
0.007723093032836914,20.0,27.2,LED_ON
0.007941246032714844,65.93,28.7,LED_OFF
0.008118867874145508,20.0,27.2,LED_ON
0.00835871696472168,65.93,28.7,LED_OFF
0.008528470993041992,20.0,27.2,LED_ON
0.008739471435546875,65.93,28.7,LED_OFF
0.008930683135986328,20.0,27.2,LED_ON
0.009151458740234375,65.93,28.7,LED_OFF
0.009322404861450195,20.0,27.2,LED_ON
0.009591817855834961,65.93,28.7,LED_OFF
0.009774923324584961,20.0,27.2,LED_ON
0.010001182556152344,65.93,28.7,LED_OFF
0.010174751281738281,20.0,27.2,LED_ON
0.010393142700195312,65.93,28.7,LED_OFF
0.010601997375488281,20.0,27.2,LED_ON
0.010833263397216797,65.93,28.7,LED_OFF
0.011024713516235352,20.0,27.2,LED_ON
0.011257410049438477,65.93,28.7,LED_OFF
0.011437654495239258,20.0,27.2,LED_ON
0.011687517166137695,65.93,28.7,LED_OFF
0.011983633041381836,20.0,27.2,LED_ON
0.012756586074829102,65.93,28.7,LED_OFF
0.012906551361083984,20.0,27.2,LED_ON
0.01314401626586914,65.93,28.7,LED_OFF
0.01372385025024414,20.0,27.2,LED_ON
0.014093399047851562,65.93,28.7,LED_OFF
0.014278173446655273,20.0,27.2,LED_ON
0.014525413513183594,65.93,28.7,LED_OFF
0.01469874382019043,20.0,27.2,LED_ON
0.014912128448486328,65.93,28.7,LED_OFF
0.01509857177734375,20.0,27.2,LED_ON
0.015477180480957031,65.93,28.7,LED_OFF
0.015665292739868164,20.0,27.2,LED_ON
0.015920400619506836,65.93,28.7,LED_OFF
0.01609945297241211,20.0,27.2,LED_ON
0.01631617546081543,65.93,28.7,LED_OFF
0.01650071144104004,20.0,27.2,LED_ON
0.01671886444091797,65.93,28.7,LED_OFF
0.016886472702026367,20.0,27.2,LED_ON
0.017106056213378906,65.93,28.7,LED_OFF
0.017382144927978516,20.0,27.2,LED_ON
0.017573118209838867,65.93,28.7,LED_OFF
0.017748594284057617,20.0,27.2,LED_ON
0.017976045608520508,65.93,28.7,LED_OFF
0.01815009117126465,20.0,27.2,LED_ON
0.018357515335083008,65.93,28.7,LED_OFF
0.018540143966674805,20.0,27.2,LED_ON
0.018755197525024414,65.93,28.7,LED_OFF
0.01891922950744629,20.0,27.2,LED_ON
0.019138574600219727,65.93,28.7,LED_OFF
0.019321680068969727,20.0,27.2,LED_ON
0.019622087478637695,65.93,28.7,LED_OFF
0.01990485191345215,20.0,27.2,LED_ON
0.02012348175048828,65.93,28.7,LED_OFF
0.020281553268432617,20.0,27.2,LED_ON
0.02045154571533203,65.93,28.7,LED_OFF
0.02061939239501953,20.0,27.2,LED_ON
0.020782947540283203,65.93,28.7,LED_OFF
0.020970821380615234,20.0,27.2,LED_ON
0.02114582061767578,65.93,28.7,LED_OFF
0.021277189254760742,20.0,27.2,LED_ON
0.021544456481933594,65.93,28.7,LED_OFF
0.022135257720947266,20.0,27.2,LED_ON
0.02233743667602539,65.93,28.7,LED_OFF
0.022527217864990234,20.0,27.2,LED_ON
0.022741079330444336,65.93,28.7,LED_OFF
0.022922039031982422,20.0,27.2,LED_ON
0.023139476776123047,65.93,28.7,LED_OFF
0.023406028747558594,20.0,27.2,LED_ON
0.02359938621520996,65.93,28.7,LED_OFF
0.023795127868652344,20.0,27.2,LED_ON
0.024001598358154297,65.93,28.7,LED_OFF
0.024193286895751953,20.0,27.2,LED_ON
0.02440476417541504,65.93,28.7,LED_OFF
0.0245819091796875,20.0,27.2,LED_ON
0.024828672409057617,65.93,28.7,LED_OFF
0.02497553825378418,20.0,27.2,LED_ON
0.025162935256958008,65.93,28.7,LED_OFF
0.025313854217529297,20.0,27.2,LED_ON
0.025527477264404297,65.93,28.7,LED_OFF
0.025667667388916016,20.0,27.2,LED_ON
0.025899171829223633,65.93,28.7,LED_OFF
0.026091337203979492,20.0,27.2,LED_ON
0.026339292526245117,65.93,28.7,LED_OFF
0.02653026580810547,20.0,27.2,LED_ON
0.02672100067138672,65.93,28.7,LED_OFF
0.02686166763305664,20.0,27.2,LED_ON
0.027094125747680664,65.93,28.7,LED_OFF
0.027235031127929688,20.0,27.2,LED_ON
0.027425527572631836,65.93,28.7,LED_OFF
0.02764582633972168,20.0,27.2,LED_ON
0.02782607078552246,65.93,28.7,LED_OFF
0.027986764907836914,20.0,27.2,LED_ON
0.028155803680419922,65.93,28.7,LED_OFF
0.028315067291259766,20.0,27.2,LED_ON
0.02852916717529297,65.93,28.7,LED_OFF
0.028658390045166016,20.0,27.2,LED_ON
0.028822660446166992,65.93,28.7,LED_OFF
0.028965473175048828,20.0,27.2,LED_ON
0.029171228408813477,65.93,28.7,LED_OFF
0.029317140579223633,20.0,27.2,LED_ON
0.029582738876342773,65.93,28.7,LED_OFF
0.02975916862487793,20.0,27.2,LED_ON
0.029932260513305664,65.93,28.7,LED_OFF
0.030606508255004883,20.0,27.2,LED_ON
0.030802488327026367,65.93,28.7,LED_OFF
0.030991077423095703,20.0,27.2,LED_ON
0.0312044620513916,65.93,28.7,LED_OFF
0.031499385833740234,20.0,27.2,LED_ON
0.03217959403991699,65.93,28.7,LED_OFF
0.03256869316101074,20.0,27.2,LED_ON
0.03280162811279297,65.93,28.7,LED_OFF
0.032999515533447266,20.0,27.2,LED_ON
0.03333902359008789,65.93,28.7,LED_OFF
0.033541202545166016,20.0,27.2,LED_ON
0.03375649452209473,65.93,28.7,LED_OFF
0.033905029296875,20.0,27.2,LED_ON
0.03410196304321289,65.93,28.7,LED_OFF
0.03424191474914551,20.0,27.2,LED_ON
0.03444957733154297,65.93,28.7,LED_OFF
0.03464865684509277,20.0,27.2,LED_ON
0.03488278388977051,65.93,28.7,LED_OFF
0.03503894805908203,20.0,27.2,LED_ON
0.03518223762512207,65.93,28.7,LED_OFF
0.035349369049072266,20.0,27.2,LED_ON
0.03549480438232422,65.93,28.7,LED_OFF
0.03564167022705078,20.0,27.2,LED_ON
0.03577899932861328,65.93,28.7,LED_OFF
0.0359039306640625,20.0,27.2,LED_ON
0.03606772422790527,65.93,28.7,LED_OFF
0.03620028495788574,20.0,27.2,LED_ON
0.03635859489440918,65.93,28.7,LED_OFF
0.03649449348449707,20.0,27.2,LED_ON
0.03663277626037598,65.93,28.7,LED_OFF
0.03674626350402832,20.0,27.2,LED_ON
0.03692126274108887,65.93,28.7,LED_OFF
0.03705573081970215,20.0,27.2,LED_ON
0.03720593452453613,65.93,28.7,LED_OFF
0.03733038902282715,20.0,27.2,LED_ON
0.03748345375061035,65.93,28.7,LED_OFF
0.03759360313415527,20.0,27.2,LED_ON
0.03774213790893555,65.93,28.7,LED_OFF
0.037883758544921875,20.0,27.2,LED_ON
0.03802156448364258,65.93,28.7,LED_OFF
0.038144588470458984,20.0,27.2,LED_ON
0.03831362724304199,65.93,28.7,LED_OFF
0.0384671688079834,20.0,27.2,LED_ON
0.03880143165588379,65.93,28.7,LED_OFF
0.03894305229187012,20.0,27.2,LED_ON
0.039168357849121094,65.93,28.7,LED_OFF
0.03934645652770996,20.0,27.2,LED_ON
0.03956413269042969,65.93,28.7,LED_OFF
0.03970646858215332,20.0,27.2,LED_ON
0.039906978607177734,65.93,28.7,LED_OFF
0.040022850036621094,20.0,27.2,LED_ON
0.040184736251831055,65.93,28.7,LED_OFF
0.04030132293701172,20.0,27.2,LED_ON
0.04045581817626953,65.93,28.7,LED_OFF
5.309345722198486,66.23,27.6,LED_OFF
9.87233018875122,66.52,27.9,LED_OFF
14.434996128082275,65.79,28.1,LED_OFF
18.998239040374756,65.79,28.1,LED_OFF
23.56088089942932,65.98,28.7,LED_OFF
28.124032258987427,65.57,28.1,LED_OFF
32.68685507774353,65.62,28.3,LED_OFF
37.2500262260437,65.45,28.1,LED_OFF
41.81278920173645,65.18,27.3,LED_OFF
46.375877380371094,65.67,28.3,LED_OFF
50.93892574310303,64.62,28.7,LED_OFF
55.50151205062866,65.76,27.3,LED_OFF
60.06435704231262,63.81,28.9,LED_OFF
64.62759470939636,65.47,28.6,LED_OFF
69.19031763076782,65.35,27.8,LED_OFF
73.75327348709106,65.47,28.3,LED_OFF
78.31634521484375,65.4,28.2,LED_OFF
82.87903547286987,65.79,28.0,LED_OFF
87.44203567504883,66.23,27.1,LED_OFF
92.0050482749939,65.71,28.9,LED_OFF
96.5679612159729,65.62,28.8,LED_OFF
101.13082361221313,65.93,28.4,LED_OFF
105.69404029846191,65.27,28.4,LED_OFF
110.2568690776825,65.42,28.8,LED_OFF
114.81979322433472,67.42,28.4,LED_OFF
119.38288164138794,65.54,28.7,LED_OFF
123.94555521011353,65.84,28.6,LED_OFF
128.5083556175232,65.45,28.6,LED_OFF
133.0717384815216,65.45,27.3,LED_OFF
137.63447093963623,65.35,27.4,LED_OFF
142.1971685886383,65.62,28.9,LED_OFF
146.76008105278015,65.37,28.4,LED_OFF
151.32316541671753,65.86,27.6,LED_OFF
155.88595008850098,65.59,27.7,LED_OFF
160.44907879829407,65.54,27.7,LED_OFF
165.0119857788086,65.64,28.1,LED_OFF
169.57507419586182,65.62,27.7,LED_OFF
174.1383183002472,65.35,27.5,LED_OFF
178.70085287094116,65.59,28.9,LED_OFF
183.26366329193115,65.69,28.5,LED_OFF
187.82655549049377,65.52,28.9,LED_OFF
192.38980436325073,65.54,27.7,LED_OFF
196.95240998268127,65.84,27.5,LED_OFF
201.51561784744263,65.93,27.2,LED_OFF
206.0781283378601,65.76,28.1,LED_OFF
210.64121389389038,65.84,27.3,LED_OFF
215.2041974067688,65.67,28.9,LED_OFF
219.76695227622986,65.47,28.2,LED_OFF
224.33014392852783,65.74,28.8,LED_OFF
228.89276432991028,66.06,28.6,LED_OFF
233.45589900016785,65.67,28.9,LED_OFF
238.01863503456116,66.01,27.6,LED_OFF
242.58158993721008,65.86,27.5,LED_OFF
247.1447377204895,65.69,27.5,LED_OFF
251.70761060714722,65.76,28.6,LED_OFF
256.27064538002014,65.15,28.1,LED_OFF
260.83338737487793,66.01,27.0,LED_OFF
265.3964366912842,65.96,28.1,LED_OFF
269.9593117237091,66.37,28.0,LED_OFF
274.5229740142822,65.93,28.7,LED_OFF
279.08499479293823,66.01,27.5,LED_OFF
283.6483163833618,66.11,28.3,LED_OFF
288.21091175079346,65.93,27.4,LED_OFF
292.77390360832214,66.01,28.9,LED_OFF
297.3367555141449,66.03,27.2,LED_OFF
301.89996886253357,65.89,28.5,LED_OFF
306.4628767967224,65.93,27.2,LED_OFF
311.02572083473206,66.52,28.7,LED_OFF
315.5887277126312,66.79,27.1,LED_OFF
320.15142607688904,65.67,27.4,LED_OFF
324.71438097953796,67.72,28.1,LED_OFF
329.2778263092041,65.1,28.3,LED_OFF
333.84030628204346,65.91,27.6,LED_OFF
338.4031527042389,65.84,27.0,LED_OFF
342.96639943122864,66.06,27.5,LED_OFF
347.5291075706482,66.01,27.3,LED_OFF
352.09193420410156,66.01,27.5,LED_OFF
356.65496039390564,65.67,28.5,LED_OFF
361.2177584171295,66.01,28.5,LED_OFF
365.7809145450592,66.4,28.6,LED_OFF
370.3438677787781,65.86,28.2,LED_OFF
374.9069793224335,65.84,28.8,LED_OFF
379.4698266983032,66.03,27.6,LED_OFF
384.03262066841125,66.79,28.1,LED_OFF
388.5955820083618,66.67,28.9,LED_OFF
393.15840220451355,65.98,27.8,LED_OFF
397.7216622829437,65.86,28.2,LED_OFF
402.28420090675354,66.01,27.4,LED_OFF
406.8475139141083,66.03,27.9,LED_OFF
411.41022276878357,66.01,27.5,LED_OFF
415.97315192222595,66.01,28.3,LED_OFF
420.5362505912781,65.93,27.7,LED_OFF
425.0989806652069,66.01,28.0,LED_OFF
429.66194891929626,66.03,27.5,LED_OFF
434.22485280036926,66.79,27.9,LED_OFF
438.7877457141876,66.08,27.7,LED_OFF
443.3506097793579,66.01,28.5,LED_OFF
447.9135003089905,65.89,27.5,LED_OFF
452.47656893730164,66.72,27.3,LED_OFF
457.0395109653473,65.76,28.5,LED_OFF
461.6023893356323,65.3,28.4,LED_OFF
466.16538405418396,65.76,27.8,LED_OFF
470.72810196876526,65.67,28.9,LED_OFF
475.2910692691803,65.86,28.8,LED_OFF
479.8541097640991,65.81,27.9,LED_OFF
484.41704845428467,65.79,28.0,LED_OFF
488.9798107147217,65.79,27.1,LED_OFF
493.54299116134644,65.89,28.6,LED_OFF
498.10598373413086,65.89,28.8,LED_OFF
502.6688370704651,66.67,28.9,LED_OFF
507.23184061050415,65.69,27.7,LED_OFF
511.79461669921875,65.1,28.5,LED_OFF
516.3574378490448,65.89,27.5,LED_OFF
520.9203262329102,65.74,27.5,LED_OFF
525.4833209514618,65.76,27.2,LED_OFF
530.046364068985,65.91,28.2,LED_OFF
534.6094763278961,65.93,27.4,LED_OFF
539.1719992160797,65.49,27.7,LED_OFF
543.735036611557,65.89,27.3,LED_OFF
548.2979938983917,65.54,27.5,LED_OFF
552.8609726428986,65.86,27.6,LED_OFF
557.4240696430206,65.93,28.7,LED_OFF
561.986939907074,65.89,28.3,LED_OFF
566.5497698783875,65.74,27.6,LED_OFF
571.1125044822693,66.01,27.9,LED_OFF
575.6754636764526,66.01,28.0,LED_OFF
580.2383809089661,65.84,27.5,LED_OFF
584.8015537261963,66.28,28.5,LED_OFF
589.3643505573273,66.08,28.5,LED_OFF
593.9271125793457,65.89,27.6,LED_OFF
598.4902637004852,65.62,27.0,LED_OFF
603.0532093048096,65.86,27.0,LED_OFF
607.6160497665405,66.15,27.2,LED_OFF
612.1791138648987,66.18,28.9,LED_OFF
616.7418732643127,66.01,27.0,LED_OFF
621.3047993183136,65.96,27.5,LED_OFF
625.867680311203,65.84,28.9,LED_OFF
630.4308106899261,66.01,27.0,LED_OFF
634.9935975074768,65.81,28.1,LED_OFF
639.5567009449005,65.96,28.1,LED_OFF
644.1196343898773,65.86,28.8,LED_OFF
648.6825685501099,65.86,27.2,LED_OFF
653.245210647583,65.89,28.6,LED_OFF
657.8083927631378,65.93,28.9,LED_OFF
662.3710794448853,65.71,27.8,LED_OFF
666.93412733078,65.81,28.0,LED_OFF
671.4970209598541,65.62,27.9,LED_OFF
676.0601851940155,65.57,27.7,LED_OFF
680.622859954834,65.64,28.0,LED_OFF
685.1860029697418,65.74,28.7,LED_OFF
689.7486917972565,65.86,27.9,LED_OFF
694.3116989135742,65.86,28.1,LED_OFF
698.8747563362122,66.72,28.6,LED_OFF
703.4378106594086,65.98,27.4,LED_OFF
708.0004839897156,65.79,28.4,LED_OFF
712.563636302948,65.84,28.4,LED_OFF
717.126359462738,65.69,28.0,LED_OFF
721.6895105838776,65.84,28.6,LED_OFF
726.2521226406097,66.06,27.2,LED_OFF
730.8151681423187,65.54,28.8,LED_OFF
735.3782424926758,65.71,27.7,LED_OFF
739.9411947727203,65.67,28.9,LED_OFF
744.5042226314545,65.76,27.5,LED_OFF
749.0671632289886,65.74,28.0,LED_OFF
753.6299796104431,65.35,28.8,LED_OFF
758.1930692195892,65.86,27.7,LED_OFF
762.7555158138275,65.84,28.3,LED_OFF
767.3185262680054,66.01,28.6,LED_OFF
771.881587266922,65.74,28.1,LED_OFF
776.4445669651031,65.69,27.6,LED_OFF
781.0075626373291,65.69,28.4,LED_OFF
785.5705738067627,65.74,27.3,LED_OFF
790.1333785057068,66.52,28.5,LED_OFF
794.696305513382,65.93,27.7,LED_OFF
799.2592372894287,65.69,27.1,LED_OFF
803.8221733570099,65.47,27.8,LED_OFF
808.3854739665985,65.79,28.4,LED_OFF
812.9477863311768,66.03,27.1,LED_OFF
817.5108160972595,65.74,28.8,LED_OFF
822.0739276409149,65.62,28.9,LED_OFF
826.6367137432098,65.25,27.1,LED_OFF
831.1995232105255,65.62,28.9,LED_OFF
835.7627408504486,65.76,28.3,LED_OFF
840.3256599903107,65.89,27.9,LED_OFF
844.888486623764,65.62,28.8,LED_OFF
849.4513478279114,65.52,27.0,LED_OFF
854.0142979621887,65.89,27.6,LED_OFF
858.5773937702179,65.42,28.6,LED_OFF
863.1401829719543,65.79,27.6,LED_OFF
867.7032871246338,65.54,28.9,LED_OFF
872.2669403553009,65.96,27.5,LED_OFF
876.8289248943329,65.74,27.9,LED_OFF
881.3921055793762,65.93,27.9,LED_OFF
885.954775094986,65.54,28.2,LED_OFF
890.5179426670074,65.62,28.1,LED_OFF
895.0807988643646,65.57,27.1,LED_OFF
899.6435978412628,65.59,27.7,LED_OFF
904.2066147327423,65.54,28.2,LED_OFF
908.7694368362427,65.27,27.2,LED_OFF
913.3326165676117,65.45,28.6,LED_OFF
917.8954894542694,65.54,27.1,LED_OFF
922.458381652832,65.54,27.7,LED_OFF
927.0212504863739,65.59,27.6,LED_OFF
931.5843501091003,65.98,28.9,LED_OFF
936.147242307663,65.79,28.4,LED_OFF
940.7099919319153,65.4,27.8,LED_OFF
945.2731196880341,65.62,27.7,LED_OFF
949.8359916210175,65.49,28.7,LED_OFF
954.3992147445679,65.37,28.4,LED_OFF
958.9616777896881,65.49,27.5,LED_OFF
963.5247912406921,65.52,28.3,LED_OFF
968.0876839160919,65.69,27.6,LED_OFF
972.6506180763245,65.49,27.5,LED_OFF
977.2136726379395,64.86,28.3,LED_OFF
981.7767312526703,65.59,28.7,LED_OFF
986.3393371105194,65.62,27.9,LED_OFF
990.9026174545288,65.49,28.6,LED_OFF
995.4651892185211,65.69,28.2,LED_OFF
1000.0281081199646,65.64,28.1,LED_OFF
1004.5911154747009,65.84,28.4,LED_OFF
1009.1538815498352,65.64,27.9,LED_OFF
1013.7171437740326,65.62,27.9,LED_OFF
1018.2799098491669,65.62,27.5,LED_OFF
1022.842764377594,65.54,28.5,LED_OFF
1027.4055585861206,64.4,27.1,LED_OFF
1031.968689918518,71.11,27.2,LED_OFF
1036.53151345253,71.09,27.0,LED_OFF
1041.0946714878082,72.28,28.3,LED_OFF
1045.657619714737,71.99,28.9,LED_OFF
1050.2204253673553,72.7,28.3,LED_OFF
1054.7831594944,72.94,27.5,LED_OFF
1059.346498966217,72.23,28.4,LED_OFF
1063.9094915390015,73.26,27.7,LED_OFF
1068.4724974632263,73.46,27.2,LED_OFF
1073.0348432064056,73.21,27.4,LED_OFF
1077.5980484485626,73.46,27.5,LED_OFF
1082.1607587337494,73.36,28.2,LED_OFF
1086.7240028381348,73.55,28.5,LED_OFF
1091.2868752479553,73.43,27.8,LED_OFF
1095.8495898246765,73.75,28.8,LED_OFF
1100.4126150608063,73.65,27.1,LED_OFF
1104.975512266159,73.43,28.1,LED_OFF
1109.5384237766266,73.36,27.9,LED_OFF
1114.1013004779816,73.55,27.6,LED_OFF
1118.6643257141113,73.55,28.2,LED_OFF
1123.2271423339844,73.75,28.6,LED_OFF
1127.789988040924,73.89,27.0,LED_OFF
1132.3532342910767,73.82,27.4,LED_OFF
1136.9159212112427,74.43,27.4,LED_OFF
1141.47904753685,74.38,28.1,LED_OFF
1146.0417969226837,74.29,28.6,LED_OFF
1150.6047875881195,74.41,28.0,LED_OFF
1155.167628288269,74.26,28.2,LED_OFF
1159.7306396961212,74.43,28.8,LED_OFF
1164.2935047149658,74.38,28.7,LED_OFF
1168.8564801216125,73.92,28.6,LED_OFF
1173.419638633728,74.24,28.8,LED_OFF
1177.9825973510742,74.26,28.6,LED_OFF
1182.5453462600708,74.16,27.7,LED_OFF
1187.1082592010498,73.82,28.2,LED_OFF
1191.671366930008,74.29,28.8,LED_OFF
1196.2340495586395,75.02,27.0,LED_OFF
1200.7969508171082,73.82,27.7,LED_OFF
1205.3597989082336,74.53,28.7,LED_OFF
1209.9228463172913,74.21,28.1,LED_OFF
1214.485690832138,74.02,28.2,LED_OFF
1219.0487809181213,74.21,27.0,LED_OFF
1223.6114547252655,74.36,28.5,LED_OFF
1228.174878835678,74.29,28.1,LED_OFF
1232.7373683452606,74.38,28.9,LED_OFF
1237.3006691932678,74.14,28.2,LED_OFF
1241.8631620407104,73.6,27.5,LED_OFF
1246.4264826774597,75.38,28.4,LED_OFF
1250.9893441200256,74.36,28.3,LED_OFF
1255.552404642105,74.33,28.0,LED_OFF
1260.1151804924011,74.65,28.9,LED_OFF
1264.6780717372894,74.29,28.0,LED_OFF
1269.2410066127777,74.48,28.3,LED_OFF
1273.8042719364166,74.53,27.4,LED_OFF
1278.3670768737793,74.82,27.9,LED_OFF
1282.9298634529114,74.73,27.1,LED_OFF
1287.4928171634674,74.73,28.3,LED_OFF
1292.0556252002716,74.77,27.6,LED_OFF
1296.6189279556274,74.73,27.9,LED_OFF
1301.1813478469849,74.48,28.2,LED_OFF
1305.744449853897,74.73,28.2,LED_OFF
1310.3075580596924,74.77,28.7,LED_OFF
1314.8707475662231,74.55,28.3,LED_OFF
1319.4334888458252,74.43,28.5,LED_OFF
1323.9962410926819,74.36,27.9,LED_OFF
1328.55912899971,74.6,28.7,LED_OFF
1333.1221435070038,75.41,27.8,LED_OFF
1337.685069322586,74.7,28.0,LED_OFF
1342.2479765415192,74.6,27.5,LED_OFF
1346.810876607895,74.58,27.3,LED_OFF
1351.3738441467285,73.41,27.3,LED_OFF
1355.9367697238922,74.07,27.1,LED_OFF
1360.4996979236603,73.94,27.1,LED_OFF
1365.0626375675201,74.63,28.6,LED_OFF
1369.625717639923,74.6,27.8,LED_OFF
1374.188420534134,74.53,28.6,LED_OFF
1378.751418352127,74.6,27.4,LED_OFF
1383.3142938613892,74.7,27.1,LED_OFF
1387.8773546218872,74.33,27.0,LED_OFF
1392.440256357193,75.53,27.1,LED_OFF
1397.0028548240662,75.41,27.8,LED_OFF
1401.5662047863007,75.31,28.7,LED_OFF
1406.1288042068481,74.48,27.0,LED_OFF
1410.6919753551483,74.6,28.4,LED_OFF
1415.2546787261963,74.24,27.9,LED_OFF
1419.8178026676178,74.46,27.2,LED_OFF
1424.380571603775,74.29,28.6,LED_OFF
1428.943689107895,74.6,27.4,LED_OFF
1433.506597995758,74.55,28.9,LED_OFF
1438.0696063041687,75.12,28.0,LED_OFF
1442.6324186325073,74.38,28.4,LED_OFF
1447.1953527927399,74.58,28.6,LED_OFF
1451.7581436634064,74.6,27.4,LED_OFF
1456.3212444782257,73.65,27.9,LED_OFF
1460.8840091228485,74.36,28.3,LED_OFF
1465.4471220970154,74.36,28.6,LED_OFF
1470.0099866390228,76.43,27.0,LED_OFF
1474.5729541778564,74.6,27.7,LED_OFF
1479.135648727417,74.31,28.5,LED_OFF
1483.698822259903,74.51,28.7,LED_OFF
1488.2617304325104,74.53,27.3,LED_OFF
1492.8247442245483,74.48,27.6,LED_OFF
1497.387668132782,74.29,28.4,LED_OFF
1501.9502844810486,74.24,28.2,LED_OFF
1506.5134806632996,74.38,28.9,LED_OFF
1511.076292514801,73.02,27.5,LED_OFF
1515.63942861557,74.65,27.3,LED_OFF
1520.202345609665,74.43,27.9,LED_OFF
1524.7650413513184,75.26,28.6,LED_OFF
1529.3279898166656,74.6,27.7,LED_OFF
1533.8910374641418,74.09,27.2,LED_OFF
1538.453884601593,74.46,27.5,LED_OFF
1543.0169229507446,74.19,28.2,LED_OFF
1547.5798797607422,74.04,27.1,LED_OFF
1552.1427474021912,74.21,27.9,LED_OFF
1556.705578804016,74.58,28.9,LED_OFF
1561.2685630321503,74.36,28.8,LED_OFF
1565.8314266204834,74.29,28.6,LED_OFF
1570.3946597576141,74.36,28.8,LED_OFF
1574.957473039627,74.09,27.1,LED_OFF
1579.5204105377197,74.36,28.5,LED_OFF
1584.0832402706146,74.14,28.1,LED_OFF
1588.6462798118591,74.65,28.1,LED_OFF
1593.2091987133026,74.53,27.2,LED_OFF
1597.7720475196838,74.11,27.8,LED_OFF
1602.334855556488,74.48,27.8,LED_OFF
1606.8979346752167,74.36,27.5,LED_OFF
1611.4608895778656,74.6,27.1,LED_OFF
1616.0238101482391,74.36,27.1,LED_OFF
1620.5881791114807,74.55,28.4,LED_OFF
1625.1495418548584,74.33,27.5,LED_OFF
1629.712833404541,74.33,28.4,LED_OFF
1634.2753489017487,74.46,28.9,LED_OFF
1638.838481426239,74.16,28.7,LED_OFF
1643.4012820720673,74.29,28.1,LED_OFF
1647.964358329773,74.46,28.6,LED_OFF
1652.5273015499115,74.48,27.8,LED_OFF
1657.0902698040009,74.29,27.2,LED_OFF
1661.6528806686401,74.14,27.4,LED_OFF
1666.2160859107971,75.02,28.0,LED_OFF
1670.7789514064789,74.43,28.9,LED_OFF
1675.3420298099518,74.55,28.3,LED_OFF
1679.904613018036,74.68,27.9,LED_OFF
1684.4680659770966,74.24,27.1,LED_OFF
1689.030582666397,74.21,27.8,LED_OFF
1693.5936455726624,74.48,28.3,LED_OFF
1698.1563923358917,74.36,28.7,LED_OFF
1702.7193503379822,74.24,27.4,LED_OFF
1707.2827324867249,74.16,27.2,LED_OFF
1711.8453941345215,74.26,27.7,LED_OFF
1716.4082036018372,74.53,28.8,LED_OFF
1720.9712598323822,74.24,28.1,LED_OFF
1725.5340316295624,74.38,28.2,LED_OFF
1730.0969076156616,74.43,27.5,LED_OFF
1734.6599881649017,73.97,27.3,LED_OFF
1739.2227993011475,74.19,28.7,LED_OFF
1743.7857820987701,73.65,27.4,LED_OFF
1748.3488669395447,74.53,27.8,LED_OFF
1752.9118609428406,74.29,28.6,LED_OFF
1757.4743869304657,74.33,27.0,LED_OFF
1762.0373702049255,73.77,27.6,LED_OFF
1766.600662469864,74.68,28.5,LED_OFF
1771.1635756492615,74.77,27.9,LED_OFF
1775.7262318134308,74.6,28.7,LED_OFF
1780.2895276546478,74.46,28.4,LED_OFF
1784.8520364761353,74.58,28.5,LED_OFF
1789.4153015613556,74.43,27.3,LED_OFF
1793.9783375263214,74.55,28.5,LED_OFF
1798.5411779880524,74.48,27.0,LED_OFF
1803.1039571762085,74.38,28.0,LED_OFF
1807.6670680046082,74.53,27.9,LED_OFF
1812.229747056961,74.31,28.8,LED_OFF
1816.7928857803345,74.29,27.7,LED_OFF
1821.3557736873627,75.16,28.5,LED_OFF
1825.9186758995056,74.6,28.6,LED_OFF
1830.4815788269043,74.6,27.5,LED_OFF
1835.0449402332306,74.21,27.5,LED_OFF
1839.6074242591858,74.19,28.1,LED_OFF
1844.1703608036041,74.26,28.4,LED_OFF
1848.7331895828247,74.63,28.8,LED_OFF
1853.29607462883,74.53,28.8,LED_OFF
1857.8595316410065,75.02,27.6,LED_OFF
1862.4219868183136,74.09,28.5,LED_OFF
1866.9848656654358,74.6,27.2,LED_OFF
1871.54789686203,74.65,27.8,LED_OFF
1876.1108767986298,75.14,27.4,LED_OFF
1880.6738638877869,74.41,28.9,LED_OFF
1885.2369544506073,74.6,27.9,LED_OFF
1889.7997851371765,74.48,28.8,LED_OFF
1894.3627076148987,75.02,27.5,LED_OFF
1898.9254043102264,75.46,28.4,LED_OFF
1903.4882080554962,74.68,27.2,LED_OFF
1908.0512626171112,75.14,28.2,LED_OFF
1912.6142847537994,74.53,27.0,LED_OFF
1917.1770386695862,75.07,28.2,LED_OFF
1921.740050315857,74.58,28.0,LED_OFF
1926.3030726909637,74.65,28.9,LED_OFF
1930.8660809993744,74.68,27.1,LED_OFF
1935.4290375709534,74.43,27.4,LED_OFF
1939.9919559955597,74.6,27.5,LED_OFF
1944.5548648834229,74.36,28.9,LED_OFF
1949.1178407669067,74.63,27.0,LED_OFF
1953.6809616088867,74.65,27.4,LED_OFF
1958.2435867786407,74.63,28.5,LED_OFF
1962.8065731525421,74.6,27.8,LED_OFF
1967.3693215847015,74.7,28.0,LED_OFF
1971.9323990345001,74.6,28.0,LED_OFF
1976.4953792095184,75.02,27.6,LED_OFF
1981.0584905147552,74.6,27.1,LED_OFF
1985.6211757659912,74.63,28.2,LED_OFF
1990.184189081192,74.63,28.4,LED_OFF
1994.7468571662903,74.6,28.5,LED_OFF
1999.31010055542,74.68,28.8,LED_OFF
2003.872835636139,74.36,27.6,LED_OFF
2008.4360620975494,74.6,28.2,LED_OFF
2012.9985477924347,74.6,27.3,LED_OFF
2017.5619192123413,74.7,28.0,LED_OFF
2022.124772310257,74.8,28.7,LED_OFF
2026.6877999305725,75.02,28.6,LED_OFF
2031.2504539489746,75.02,27.1,LED_OFF
2035.8136911392212,74.53,27.7,LED_OFF
2040.3761911392212,75.02,27.0,LED_OFF
2044.939428806305,74.68,27.1,LED_OFF
2049.502514362335,74.6,28.8,LED_OFF
2054.065061569214,75.02,28.0,LED_OFF
2058.6280987262726,75.12,27.2,LED_OFF
2063.190887928009,74.65,28.3,LED_OFF
2067.753719329834,74.65,27.4,LED_OFF
2072.317048549652,75.46,27.9,LED_OFF
2076.8798444271088,74.33,27.9,LED_OFF
2081.442741394043,74.68,27.2,LED_OFF
2086.005453824997,74.6,27.8,LED_OFF
2090.568743944168,75.02,28.2,LED_OFF
2095.1313350200653,75.02,28.7,LED_OFF
2099.6943316459656,74.6,27.4,LED_OFF
2104.2575154304504,74.63,27.3,LED_OFF
2108.820336341858,74.36,27.4,LED_OFF
2113.3834693431854,74.68,28.1,LED_OFF
2117.94593334198,74.58,28.7,LED_OFF
2122.5091519355774,74.7,27.1,LED_OFF
2127.0718545913696,73.85,28.6,LED_OFF
2131.6350536346436,75.43,27.3,LED_OFF
2136.197669506073,74.6,27.3,LED_OFF
2140.7608263492584,74.77,27.3,LED_OFF
2145.32395195961,75.07,28.3,LED_OFF
2149.886510848999,75.38,27.3,LED_OFF
2154.4497730731964,75.12,28.9,LED_OFF
2159.0124702453613,75.07,27.8,LED_OFF
2163.5757501125336,74.6,27.2,LED_OFF
2168.1384897232056,74.73,27.8,LED_OFF
2172.701404094696,74.73,28.6,LED_OFF
2177.2642965316772,74.73,27.5,LED_OFF
2181.8273861408234,74.65,28.1,LED_OFF
2186.389877319336,75.02,28.1,LED_OFF
2190.9531686306,75.02,27.2,LED_OFF
2195.515900850296,74.68,27.4,LED_OFF
2200.0791223049164,74.43,28.2,LED_OFF
2204.6416878700256,74.6,27.0,LED_OFF
2209.2047679424286,75.02,28.1,LED_OFF
2213.7677614688873,74.7,28.5,LED_OFF
2218.3305542469025,74.6,27.0,LED_OFF
2222.893402338028,74.75,28.6,LED_OFF
2227.4563636779785,75.07,27.5,LED_OFF
2232.0194778442383,75.02,28.2,LED_OFF
2236.582275867462,75.02,28.7,LED_OFF
2241.145319223404,75.02,27.3,LED_OFF
2245.709661245346,75.02,28.8,LED_OFF
2250.271239757538,75.12,27.7,LED_OFF
2254.8342282772064,75.02,28.9,LED_OFF
2259.397074699402,75.04,28.8,LED_OFF
2263.959967136383,74.75,28.3,LED_OFF
2268.522915124893,74.7,28.7,LED_OFF
2273.0857651233673,74.85,28.4,LED_OFF
2277.648768186569,75.02,27.7,LED_OFF
2282.211490869522,75.04,28.3,LED_OFF
2286.7745773792267,75.14,28.0,LED_OFF
2291.337532520294,74.63,27.8,LED_OFF
2295.900599002838,75.07,27.3,LED_OFF
2300.4633824825287,74.55,27.7,LED_OFF
2305.0264687538147,74.73,27.1,LED_OFF
2309.5893955230713,74.77,27.7,LED_OFF
2314.152205467224,74.75,27.2,LED_OFF
2318.7150106430054,75.02,27.9,LED_OFF
2323.278063774109,74.75,28.6,LED_OFF
2327.840874671936,74.63,28.3,LED_OFF
2332.4039192199707,75.02,27.4,LED_OFF
2336.9666318893433,75.02,27.0,LED_OFF
2341.5297441482544,75.02,28.1,LED_OFF
2346.09295463562,74.6,28.3,LED_OFF
2350.655814409256,74.77,27.8,LED_OFF
2355.21852183342,75.29,27.9,LED_OFF
2359.7813827991486,75.02,28.3,LED_OFF
2364.344706058502,74.75,28.5,LED_OFF
2368.907722234726,75.12,27.9,LED_OFF
2373.4704744815826,74.53,28.0,LED_OFF
2378.033251285553,74.63,28.5,LED_OFF
2382.596042871475,75.73,27.8,LED_OFF
2387.158844232559,74.77,27.2,LED_OFF
2391.7218487262726,75.46,28.9,LED_OFF
2396.2848613262177,75.65,28.9,LED_OFF
2400.8480134010315,75.02,28.0,LED_OFF
2405.410781145096,74.6,28.5,LED_OFF
2409.9735934734344,75.02,27.8,LED_OFF
2414.5367681980133,75.38,28.0,LED_OFF
2419.0999171733856,75.07,27.6,LED_OFF
2423.662509202957,74.68,28.3,LED_OFF
2428.2259578704834,74.75,28.5,LED_OFF
2432.7882442474365,74.55,27.3,LED_OFF
2437.3513617515564,74.75,27.5,LED_OFF
2441.9144513607025,74.46,28.3,LED_OFF
2446.477153301239,74.63,28.4,LED_OFF
2451.0402643680573,74.63,27.7,LED_OFF
2455.6030967235565,74.04,28.8,LED_OFF
2460.166063785553,74.6,27.6,LED_OFF
2464.728763103485,74.55,28.8,LED_OFF
2469.2916491031647,74.6,28.2,LED_OFF
2473.8546781539917,74.04,28.6,LED_OFF
2478.4177520275116,74.63,27.7,LED_OFF
2482.9803619384766,74.48,27.5,LED_OFF
2487.543632745743,74.21,28.2,LED_OFF
2492.106305360794,75.12,27.3,LED_OFF
2496.6694271564484,74.48,27.1,LED_OFF
2501.232411623001,74.36,27.4,LED_OFF
2505.795224428177,74.43,27.3,LED_OFF
2510.3586399555206,74.6,27.5,LED_OFF
2514.921412706375,74.36,27.0,LED_OFF
2519.484073162079,74.73,27.7,LED_OFF
2524.0473437309265,74.65,28.9,LED_OFF
2528.6097791194916,74.73,28.9,LED_OFF
2533.1729197502136,75.04,27.1,LED_OFF
2537.735967874527,75.02,27.7,LED_OFF
2542.298802614212,75.14,27.6,LED_OFF
2546.861491918564,75.02,28.7,LED_OFF
2551.424802303314,75.04,27.7,LED_OFF
2555.987343788147,75.16,27.3,LED_OFF
2560.5511894226074,75.16,27.6,LED_OFF
2565.1133387088776,75.48,27.7,LED_OFF
2569.676504135132,74.82,27.4,LED_OFF
2574.2393646240234,75.04,27.9,LED_OFF
2578.8022141456604,75.07,28.0,LED_OFF
2583.3649559020996,75.07,27.6,LED_OFF
2587.927953004837,75.14,27.3,LED_OFF
2592.4910364151,75.16,28.6,LED_OFF
2597.053784132004,74.24,28.1,LED_OFF
2601.616567134857,75.24,27.2,LED_OFF
2606.1795513629913,75.09,27.9,LED_OFF
2610.7425434589386,75.41,28.7,LED_OFF
2615.305427789688,75.04,28.0,LED_OFF
2619.8683602809906,74.04,27.0,LED_OFF
2624.431254863739,75.26,28.4,LED_OFF
2628.9945318698883,75.04,27.5,LED_OFF
2633.5570454597473,75.04,28.3,LED_OFF
2638.120128631592,75.14,28.6,LED_OFF
2642.6830427646637,75.38,28.6,LED_OFF
2647.2459721565247,75.12,27.7,LED_OFF
2651.808879137039,75.21,28.8,LED_OFF
2656.3718926906586,75.46,28.4,LED_OFF
2660.9347727298737,75.02,28.1,LED_OFF
2665.4976992607117,75.12,28.9,LED_OFF
2670.060842037201,75.21,28.3,LED_OFF
2674.6237502098083,75.26,28.2,LED_OFF
2679.186501264572,75.8,28.8,LED_OFF
2683.7494065761566,75.38,28.3,LED_OFF
2688.3122556209564,75.21,28.4,LED_OFF
2692.875809431076,75.16,28.7,LED_OFF
2697.4382009506226,74.55,28.3,LED_OFF
2702.001128435135,75.04,27.7,LED_OFF
2706.564296245575,75.36,28.8,LED_OFF
2711.127685070038,75.14,28.4,LED_OFF
2715.690187931061,75.51,27.5,LED_OFF
2720.2529537677765,75.26,28.8,LED_OFF
2724.8158836364746,75.43,28.4,LED_OFF
2729.3786861896515,75.6,27.0,LED_OFF
2733.9419491291046,75.38,27.4,LED_OFF
2738.504539012909,75.38,28.2,LED_OFF
2743.067539691925,75.41,28.5,LED_OFF
2747.6303141117096,75.31,27.8,LED_OFF
2752.1932561397552,74.48,28.1,LED_OFF
2756.7564430236816,75.36,28.9,LED_OFF
2761.3191442489624,75.02,27.4,LED_OFF
2765.8820719718933,75.41,27.4,LED_OFF
2770.4451022148132,75.02,27.4,LED_OFF
2775.0079584121704,75.02,27.0,LED_OFF
2779.5707788467407,75.21,28.6,LED_OFF
2784.1342117786407,75.78,27.8,LED_OFF
2788.6966695785522,75.02,27.7,LED_OFF
2793.2596275806427,75.43,27.7,LED_OFF
2797.822546005249,75.36,28.9,LED_OFF
2802.3858890533447,75.38,27.1,LED_OFF
2806.9487771987915,75.46,27.4,LED_OFF
2811.511255502701,75.7,27.6,LED_OFF
2816.0742378234863,75.46,27.2,LED_OFF
2820.637316465378,74.73,28.5,LED_OFF
2825.200203895569,75.36,27.3,LED_OFF
2829.76318359375,75.38,27.0,LED_OFF
2834.3259286880493,75.02,27.3,LED_OFF
2838.8889627456665,75.36,28.7,LED_OFF
2843.451890230179,75.24,27.3,LED_OFF
2848.0148844718933,75.41,27.7,LED_OFF
2852.5776517391205,75.24,28.2,LED_OFF
2857.140899658203,75.41,28.8,LED_OFF
2861.7035777568817,75.12,28.0,LED_OFF
2866.266612768173,75.16,27.5,LED_OFF
2870.829381942749,75.41,27.2,LED_OFF
2875.3925869464874,75.36,28.9,LED_OFF
2879.9553124904633,75.31,28.2,LED_OFF
2884.5184412002563,75.46,27.5,LED_OFF
2889.0813615322113,75.02,28.9,LED_OFF
2893.644087791443,75.73,27.6,LED_OFF
2898.207489967346,75.16,28.5,LED_OFF
2902.769945859909,75.38,28.2,LED_OFF
2907.3327984809875,75.38,28.8,LED_OFF
2911.895878791809,75.36,27.7,LED_OFF
2916.458773612976,75.85,28.0,LED_OFF
2921.0217452049255,75.26,27.0,LED_OFF
2925.584554672241,75.38,28.8,LED_OFF
2930.1476469039917,76.09,27.8,LED_OFF
2934.7104268074036,75.36,28.2,LED_OFF
2939.2736337184906,75.02,27.3,LED_OFF
2943.8366389274597,75.26,27.7,LED_OFF
2948.3992381095886,75.26,28.4,LED_OFF
2952.9622814655304,75.36,28.9,LED_OFF
2957.5250566005707,75.38,27.5,LED_OFF
2962.0878784656525,75.38,28.5,LED_OFF
2966.650927066803,75.38,27.3,LED_OFF
2971.2142424583435,75.12,27.1,LED_OFF
2975.7770216464996,75.21,28.9,LED_OFF
2980.339704990387,75.24,28.0,LED_OFF
2984.9025795459747,75.21,27.8,LED_OFF
2989.465569972992,75.14,28.3,LED_OFF
2994.028495788574,75.29,27.4,LED_OFF
2998.5915350914,76.34,28.0,LED_OFF
3003.154437303543,75.29,28.8,LED_OFF
3007.7173771858215,75.31,28.8,LED_OFF
3012.280346632004,75.24,28.0,LED_OFF
3016.842985391617,75.38,27.9,LED_OFF
3021.4060077667236,74.65,27.9,LED_OFF
3025.968908548355,75.53,28.4,LED_OFF
3030.531995534897,75.38,28.3,LED_OFF
3035.0949058532715,75.48,28.8,LED_OFF
3039.657690048218,75.46,27.6,LED_OFF
3044.220786333084,75.26,28.9,LED_OFF
3048.783655643463,75.43,28.4,LED_OFF
3053.346790075302,75.48,27.5,LED_OFF
3057.9096977710724,75.46,28.8,LED_OFF
3062.472540616989,75.29,27.8,LED_OFF
3067.0355608463287,75.14,28.3,LED_OFF
3071.5985803604126,75.38,28.0,LED_OFF
3076.1612162590027,75.36,28.7,LED_OFF
3080.7243065834045,75.29,28.4,LED_OFF
3085.287032842636,75.36,28.4,LED_OFF
3089.8498570919037,75.02,28.9,LED_OFF
3094.4131183624268,75.09,27.6,LED_OFF
3098.9760570526123,75.26,27.8,LED_OFF
3103.5389873981476,75.14,27.1,LED_OFF
3108.101851463318,74.6,27.7,LED_OFF
3112.6648433208466,75.31,28.6,LED_OFF
3117.2275826931,75.07,27.8,LED_OFF
3121.790658712387,75.21,28.9,LED_OFF
3126.353499889374,75.07,27.9,LED_OFF
3130.9167506694794,75.34,27.0,LED_OFF
3135.4795145988464,75.31,27.2,LED_OFF
3140.04217004776,75.14,28.1,LED_OFF
3144.6053218841553,75.36,27.3,LED_OFF
3149.1681773662567,75.85,27.8,LED_OFF
3153.7310996055603,75.02,27.2,LED_OFF
3158.2938108444214,75.38,28.4,LED_OFF
3162.8569231033325,76.31,28.3,LED_OFF
3167.419926404953,75.38,27.5,LED_OFF
3171.982658624649,75.65,27.9,LED_OFF
3176.5456137657166,75.38,27.4,LED_OFF
3181.108551502228,75.43,27.3,LED_OFF
3185.671327829361,75.43,28.2,LED_OFF
3190.234359741211,75.65,27.7,LED_OFF
3194.797451019287,75.31,27.0,LED_OFF
3199.3605477809906,75.63,27.7,LED_OFF
3203.9233508110046,75.38,27.8,LED_OFF
3208.486221551895,75.38,28.8,LED_OFF
3213.0490670204163,75.24,27.9,LED_OFF
3217.6120159626007,75.34,28.2,LED_OFF
3222.1748781204224,75.38,28.6,LED_OFF
3226.737953186035,75.29,28.2,LED_OFF
3231.300698518753,75.02,27.8,LED_OFF
3235.864191055298,74.29,27.8,LED_OFF
3240.426515340805,76.04,27.1,LED_OFF
3244.9894580841064,75.14,27.0,LED_OFF
3249.552345752716,75.46,28.1,LED_OFF
3254.115568637848,75.46,27.6,LED_OFF
3258.6785027980804,75.65,27.3,LED_OFF
3263.2411353588104,75.38,28.5,LED_OFF
3267.8043859004974,75.68,28.5,LED_OFF
3272.3670802116394,75.24,28.9,LED_OFF
3276.930320739746,75.36,28.9,LED_OFF
3281.492931842804,75.53,28.4,LED_OFF
3286.055807828903,75.38,28.7,LED_OFF
3290.6190423965454,75.21,27.3,LED_OFF
3295.1817259788513,76.24,27.5,LED_OFF
3299.7448184490204,75.36,27.0,LED_OFF
3304.3075020313263,75.38,27.8,LED_OFF
3308.870732307434,76.0,28.4,LED_OFF
3313.4338204860687,75.34,28.7,LED_OFF
3317.996199607849,75.38,28.2,LED_OFF
3322.559255361557,75.51,27.5,LED_OFF
3327.1222410202026,75.36,27.2,LED_OFF
3331.6852242946625,76.17,27.9,LED_OFF
3336.248287677765,75.36,27.9,LED_OFF
3340.811543703079,75.38,28.0,LED_OFF
3345.374171257019,75.14,27.8,LED_OFF
3349.937089443207,75.14,28.0,LED_OFF
3354.499990940094,75.21,27.4,LED_OFF
3359.0627670288086,75.38,27.7,LED_OFF
3363.625629425049,75.41,27.5,LED_OFF
3368.1885623931885,75.38,28.4,LED_OFF
3372.751435279846,75.73,27.8,LED_OFF
3377.31458234787,75.48,28.3,LED_OFF
3386.440950155258,75.21,28.1,LED_OFF
3391.0034687519073,75.41,28.0,LED_OFF
3395.566031932831,75.46,27.4,LED_OFF
3400.129045009613,76.17,27.9,LED_OFF
3404.692135810852,75.51,27.4,LED_OFF
3409.255334377289,75.53,27.2,LED_OFF
3413.817843437195,75.75,27.4,LED_OFF
3418.380821466446,75.6,27.2,LED_OFF
3422.9437849521637,75.65,28.5,LED_OFF
3427.506736278534,75.36,27.4,LED_OFF
3432.069736480713,75.7,28.4,LED_OFF
3436.632447719574,75.41,27.2,LED_OFF
3441.1954748630524,75.7,27.0,LED_OFF
3445.7584257125854,75.65,27.9,LED_OFF
3450.321336746216,75.38,28.0,LED_OFF
3454.8842272758484,75.56,27.7,LED_OFF
3459.4473884105682,75.24,28.8,LED_OFF
3464.0100083351135,75.63,27.2,LED_OFF
3468.5730352401733,75.43,27.3,LED_OFF
3473.1361219882965,75.34,28.5,LED_OFF
3477.698920249939,75.31,28.3,LED_OFF
3482.2619273662567,75.38,28.6,LED_OFF
3486.8248534202576,75.65,27.2,LED_OFF
3491.3876225948334,75.09,28.9,LED_OFF
3495.9505331516266,75.8,28.8,LED_OFF
3500.5137162208557,76.0,27.2,LED_OFF
3505.0764005184174,75.82,27.0,LED_OFF
3509.6394453048706,75.46,28.1,LED_OFF
3514.2025079727173,75.8,28.3,LED_OFF
3518.7653515338898,75.6,28.4,LED_OFF
3523.32830953598,75.6,27.4,LED_OFF
3527.8911368846893,75.43,27.3,LED_OFF
3532.4540746212006,75.85,28.3,LED_OFF
3537.0168743133545,76.19,28.6,LED_OFF
3541.579927444458,75.51,27.0,LED_OFF
3546.1428010463715,75.7,27.5,LED_OFF
3550.705630302429,75.24,28.1,LED_OFF
3555.2687759399414,75.65,28.8,LED_OFF
3559.8316333293915,75.75,28.4,LED_OFF
3564.3948290348053,75.85,27.9,LED_OFF
3568.957825422287,75.51,27.1,LED_OFF
3573.520352125168,75.46,28.6,LED_OFF
3578.083222389221,75.8,27.6,LED_OFF
3582.6464161872864,75.73,28.5,LED_OFF
3587.2089920043945,75.75,27.4,LED_OFF
3591.7720363140106,75.51,27.1,LED_OFF
3596.3350875377655,75.73,27.4,LED_OFF
3600.8979139328003,75.24,28.6,LED_OFF
3605.4607424736023,76.56,28.0,LED_OFF
3610.023763179779,75.92,27.2,LED_OFF
3614.5867524147034,75.6,27.8,LED_OFF
3619.1496634483337,75.51,27.3,LED_OFF
3623.7127261161804,75.41,27.8,LED_OFF
3628.2755382061005,75.63,28.9,LED_OFF
3632.838303089142,75.65,27.4,LED_OFF
3637.4015562534332,75.87,28.6,LED_OFF
3641.964230298996,75.51,27.3,LED_OFF
3646.5271303653717,76.04,27.6,LED_OFF
3651.0900638103485,75.38,28.6,LED_OFF
3655.653025865555,75.53,27.3,LED_OFF
3660.2159209251404,75.6,27.3,LED_OFF
3664.7789595127106,75.87,27.3,LED_OFF
3669.341950893402,75.38,27.8,LED_OFF
3673.905186653137,75.63,27.0,LED_OFF
3678.467921733856,75.56,27.7,LED_OFF
3683.0309324264526,75.65,28.3,LED_OFF
3687.593432664871,75.78,27.8,LED_OFF
3692.156479358673,75.21,28.8,LED_OFF
3696.7195768356323,75.46,28.4,LED_OFF
3701.282270669937,75.6,28.6,LED_OFF
3705.845371723175,75.8,28.9,LED_OFF
3710.4083275794983,75.43,27.0,LED_OFF
3714.9711768627167,75.53,27.4,LED_OFF
3719.5344426631927,75.53,27.0,LED_OFF
3724.0971286296844,75.7,28.9,LED_OFF
3728.6599361896515,75.41,28.0,LED_OFF
3733.2228524684906,75.53,27.1,LED_OFF
3737.7857637405396,75.85,27.0,LED_OFF
3742.348736524582,75.41,27.7,LED_OFF
3746.9116728305817,75.65,27.2,LED_OFF
3751.4746265411377,75.65,28.4,LED_OFF
3756.037671804428,75.8,28.5,LED_OFF
3760.600319623947,75.78,28.1,LED_OFF
3765.1632351875305,75.85,28.1,LED_OFF
3769.726272583008,75.7,28.6,LED_OFF
3774.2890572547913,75.34,27.1,LED_OFF
3778.851991891861,76.12,27.7,LED_OFF
3783.4150145053864,76.04,27.8,LED_OFF
3787.9778714179993,75.82,27.6,LED_OFF
3792.540819644928,75.38,27.1,LED_OFF
3797.104012489319,75.63,28.5,LED_OFF
3801.6665477752686,75.9,28.1,LED_OFF
3806.229526758194,75.65,28.8,LED_OFF
3810.792469024658,75.75,27.5,LED_OFF
3815.3554196357727,75.68,28.0,LED_OFF
3819.918692588806,75.43,28.4,LED_OFF
3824.4814052581787,75.97,28.3,LED_OFF
3829.0444071292877,75.65,28.6,LED_OFF
3833.607057094574,75.65,27.5,LED_OFF
3838.1702284812927,75.78,27.4,LED_OFF
3842.7334513664246,75.75,27.6,LED_OFF
3847.2961962223053,75.78,28.6,LED_OFF
3851.858957529068,75.65,27.4,LED_OFF
3856.421963453293,76.12,27.7,LED_OFF
3860.9847910404205,76.12,28.1,LED_OFF
3865.5476615428925,75.75,28.1,LED_OFF
3870.110935688019,76.14,28.7,LED_OFF
3874.6737213134766,75.41,28.4,LED_OFF
3879.236536026001,76.09,27.0,LED_OFF
3883.799639940262,75.95,28.8,LED_OFF
3888.362360715866,75.65,28.2,LED_OFF
3892.9254310131073,76.0,27.3,LED_OFF
3897.4881942272186,75.82,28.9,LED_OFF
3902.051317214966,77.07,28.4,LED_OFF
3906.6140234470367,76.39,28.3,LED_OFF
3911.1769876480103,75.6,28.2,LED_OFF
3915.739893913269,75.87,28.7,LED_OFF
3920.3028242588043,75.65,27.8,LED_OFF
3924.8658409118652,75.95,28.8,LED_OFF
3929.4287083148956,75.68,27.5,LED_OFF
3933.991678714752,75.8,28.0,LED_OFF
3938.5544714927673,75.82,28.3,LED_OFF
3943.1176557540894,75.68,28.8,LED_OFF
3947.6803979873657,75.43,28.1,LED_OFF
3952.2434029579163,75.82,28.1,LED_OFF
3956.806286096573,75.95,27.5,LED_OFF
3961.369565963745,75.53,28.7,LED_OFF
3965.9321801662445,75.7,27.9,LED_OFF
3970.4949514865875,75.56,27.7,LED_OFF
3975.058174133301,75.92,27.4,LED_OFF
3979.620846271515,75.63,27.0,LED_OFF
3984.183782339096,75.51,27.2,LED_OFF
3988.746856689453,75.6,28.7,LED_OFF
3993.3099086284637,75.9,27.7,LED_OFF
3997.8726139068604,76.0,28.4,LED_OFF
4002.435578584671,75.56,28.9,LED_OFF
4006.9983785152435,75.95,27.3,LED_OFF
4011.561558485031,75.9,27.3,LED_OFF
4016.124429702759,75.85,28.6,LED_OFF
4020.6873173713684,75.85,27.0,LED_OFF
4025.2502620220184,76.04,27.6,LED_OFF
4029.8131577968597,75.82,28.8,LED_OFF
4034.3760669231415,75.75,28.0,LED_OFF
4038.9389576911926,75.9,27.8,LED_OFF
4043.501936674118,75.92,28.7,LED_OFF
4048.064882040024,75.12,28.8,LED_OFF
4052.627744913101,75.8,27.1,LED_OFF
4057.190625190735,75.78,27.7,LED_OFF
4061.753586769104,75.6,28.8,LED_OFF
4066.3166978359222,75.68,27.6,LED_OFF
4070.8793573379517,75.73,28.0,LED_OFF
4075.4423871040344,75.46,27.0,LED_OFF
4080.005339860916,75.46,27.8,LED_OFF
4084.5686445236206,75.75,28.1,LED_OFF
4089.1313145160675,75.46,27.8,LED_OFF
4093.6944999694824,75.87,28.8,LED_OFF
4098.2571840286255,76.07,28.3,LED_OFF
4102.820056676865,75.7,27.8,LED_OFF
4107.383318901062,75.75,28.8,LED_OFF
4111.945733785629,75.6,27.6,LED_OFF
4116.508960008621,76.0,28.2,LED_OFF
4121.071617126465,76.43,27.3,LED_OFF
4125.634663820267,75.65,27.3,LED_OFF
4130.197430372238,75.92,28.6,LED_OFF
4134.760418176651,75.92,27.1,LED_OFF
4139.323307991028,76.0,27.3,LED_OFF
4143.886477231979,75.85,28.9,LED_OFF
4148.449367046356,75.85,27.6,LED_OFF
4153.012182474136,75.75,27.9,LED_OFF
4157.5751876831055,75.75,28.2,LED_OFF
4162.138197660446,75.51,27.7,LED_OFF
4166.7010409832,75.82,27.7,LED_OFF
4171.263726711273,76.07,28.3,LED_OFF
4175.8266389369965,75.92,27.7,LED_OFF
4180.389985561371,75.8,27.3,LED_OFF
4184.952675819397,76.17,27.2,LED_OFF
4189.515732765198,75.75,28.8,LED_OFF
4194.078503847122,76.12,28.2,LED_OFF
4198.6416919231415,75.63,27.3,LED_OFF
4203.204228878021,76.07,28.4,LED_OFF
4207.767434597015,76.78,28.5,LED_OFF
4212.3302228450775,75.9,28.6,LED_OFF
4216.893068552017,76.12,28.4,LED_OFF
4221.456269741058,76.04,28.2,LED_OFF
4226.019168138504,75.8,28.3,LED_OFF
4230.582284927368,76.0,28.0,LED_OFF
4235.144814014435,75.75,27.1,LED_OFF
4239.70779299736,75.43,27.7,LED_OFF
4244.270655155182,75.95,28.3,LED_OFF
4248.833699703217,75.8,27.2,LED_OFF
4253.396544218063,75.9,28.8,LED_OFF
4257.959481954575,75.85,27.6,LED_OFF
4262.522351503372,76.29,28.5,LED_OFF
4267.085305213928,75.65,28.4,LED_OFF
4271.64860367775,75.8,28.5,LED_OFF
4276.2113790512085,75.53,27.4,LED_OFF
4280.774376869202,75.75,27.3,LED_OFF
4285.337273597717,75.78,27.9,LED_OFF
4289.900043487549,75.92,28.5,LED_OFF
4294.463158607483,75.75,28.2,LED_OFF
4299.025989770889,75.38,27.8,LED_OFF
4303.588714838028,75.75,28.3,LED_OFF
4308.151584386826,75.97,27.2,LED_OFF
4312.714574575424,76.02,27.6,LED_OFF
4317.27760219574,75.56,27.2,LED_OFF
4321.840490102768,75.7,27.3,LED_OFF
4326.403421640396,75.78,28.8,LED_OFF
4330.966255903244,75.92,28.7,LED_OFF
4335.529282331467,76.12,28.4,LED_OFF
4340.092168807983,76.02,28.9,LED_OFF
4344.655278921127,75.31,27.3,LED_OFF
4349.217978477478,75.92,28.8,LED_OFF
4353.780899524689,76.14,28.0,LED_OFF
4358.343806028366,76.09,28.3,LED_OFF
4362.906786203384,75.78,28.0,LED_OFF
4367.469715833664,76.17,28.1,LED_OFF
4372.032633304596,76.09,28.8,LED_OFF
4376.595518112183,76.26,27.9,LED_OFF
4381.158506631851,76.02,28.4,LED_OFF
4385.72145152092,75.9,28.9,LED_OFF
4390.284513473511,75.87,28.7,LED_OFF
4394.847989320755,75.82,28.2,LED_OFF
4399.410264492035,76.53,28.5,LED_OFF
4403.973075389862,76.07,27.1,LED_OFF
4408.536042690277,75.56,28.9,LED_OFF
4413.099116802216,76.0,28.1,LED_OFF
4417.662077903748,75.43,27.7,LED_OFF
4422.224855184555,76.04,27.9,LED_OFF
4426.787907361984,75.95,28.4,LED_OFF
4431.350838422775,75.07,27.0,LED_OFF
4435.914395093918,76.04,28.1,LED_OFF
4440.477025985718,75.73,27.1,LED_OFF
4445.040067434311,75.85,27.1,LED_OFF
4449.602494239807,76.02,27.8,LED_OFF
4454.165563583374,75.97,27.4,LED_OFF
4458.7285697460175,76.17,27.8,LED_OFF
4463.291382789612,75.95,28.1,LED_OFF
4467.854746103287,76.04,27.3,LED_OFF
4472.417052745819,76.0,27.4,LED_OFF
4476.980366706848,76.17,27.0,LED_OFF
4481.542859315872,75.9,28.8,LED_OFF
4486.1058185100555,75.9,27.4,LED_OFF
4490.6686906814575,76.43,27.0,LED_OFF
4495.23194026947,75.87,27.4,LED_OFF
4499.794573068619,75.02,27.1,LED_OFF
4504.357586860657,73.58,28.9,LED_OFF
4508.920446157455,75.65,27.1,LED_OFF
4513.483597278595,76.02,28.2,LED_OFF
4518.046281576157,76.12,27.9,LED_OFF
4522.609095096588,75.75,28.7,LED_OFF
4527.172107696533,76.09,28.7,LED_OFF
4531.735163450241,76.02,28.7,LED_OFF
4536.298087120056,75.95,27.4,LED_OFF
4540.860936641693,76.19,27.0,LED_OFF
4545.423841238022,75.85,27.0,LED_OFF
4549.98668384552,76.12,28.0,LED_OFF
4554.549775362015,76.0,27.1,LED_OFF
4559.112526655197,75.85,27.9,LED_OFF
4563.67564535141,75.75,28.2,LED_OFF
4568.238722324371,75.95,27.3,LED_OFF
4572.801481723785,76.34,28.8,LED_OFF
4581.927770614624,76.17,27.3,LED_OFF
4586.490248441696,75.46,27.2,LED_OFF
4591.053239822388,75.82,28.5,LED_OFF
4595.616084098816,75.78,28.0,LED_OFF
4600.179155111313,76.04,28.3,LED_OFF
4604.741892814636,75.82,27.8,LED_OFF
4609.305250167847,76.02,28.2,LED_OFF
4613.867824077606,76.58,27.1,LED_OFF
4618.430728435516,75.9,27.4,LED_OFF
4622.993681430817,76.04,28.3,LED_OFF
4627.556840658188,75.85,27.5,LED_OFF
4632.1198744773865,73.8,28.2,LED_OFF
4636.682662248611,73.53,27.2,LED_OFF
4641.245665550232,73.48,27.8,LED_OFF
4645.808470964432,73.82,27.4,LED_OFF
4650.37135219574,73.48,27.6,LED_OFF
4654.934180259705,72.77,27.3,LED_OFF
4659.497127771378,72.48,27.2,LED_OFF
4664.060193300247,73.19,27.7,LED_OFF
4668.623082399368,72.97,27.1,LED_OFF
4673.186063289642,73.04,27.8,LED_OFF
4677.748781681061,72.41,27.0,LED_OFF
4682.311903715134,72.87,27.2,LED_OFF
4686.874875068665,72.33,28.7,LED_OFF
4691.437739372253,72.48,27.9,LED_OFF
4696.000473022461,71.84,28.0,LED_OFF
4700.56366276741,72.7,28.6,LED_OFF
4705.126515388489,72.67,27.7,LED_OFF
4709.689550876617,72.26,28.5,LED_OFF
4714.2522876262665,73.04,28.4,LED_OFF
4718.815175771713,72.8,27.7,LED_OFF
4723.378314495087,73.19,28.3,LED_OFF
4727.941052675247,73.02,28.6,LED_OFF
4732.5042090415955,73.02,28.2,LED_OFF
4737.066984653473,72.6,27.8,LED_OFF
4741.6299023628235,73.04,27.2,LED_OFF
4746.192950487137,72.48,28.7,LED_OFF
4750.755813598633,74.04,28.1,LED_OFF
4755.318426132202,73.68,27.7,LED_OFF
4759.881354093552,75.02,27.2,LED_OFF
4764.444814682007,75.41,28.3,LED_OFF
4769.007292032242,75.38,28.6,LED_OFF
4773.570678472519,75.24,27.6,LED_OFF
4778.133341312408,75.21,28.3,LED_OFF
4782.696145296097,75.12,28.4,LED_OFF
4787.259056568146,74.6,28.3,LED_OFF
4791.822008132935,75.48,28.9,LED_OFF
4796.3855674266815,75.31,28.0,LED_OFF
4800.948070049286,76.09,27.9,LED_OFF
4810.075168132782,75.8,28.3,LED_OFF
4814.6367623806,75.36,27.8,LED_OFF
4819.199869632721,75.24,27.1,LED_OFF
4823.762385368347,75.02,28.0,LED_OFF
4828.325484514236,75.51,27.7,LED_OFF
4832.888387441635,75.24,27.6,LED_OFF
4837.4512155056,75.26,27.4,LED_OFF
4842.014399766922,75.38,27.1,LED_OFF
4846.577672958374,75.36,27.8,LED_OFF
4851.140436410904,75.38,28.3,LED_OFF
4855.702956199646,75.36,27.5,LED_OFF
4860.265902996063,75.36,27.9,LED_OFF
4864.828977584839,75.36,27.5,LED_OFF
4869.391919374466,75.29,27.0,LED_OFF
4873.954907655716,75.38,28.8,LED_OFF
4878.517507791519,75.38,28.9,LED_OFF
4883.080589294434,75.34,27.0,LED_OFF
4887.643709182739,75.34,28.2,LED_OFF
4892.206622600555,75.36,28.2,LED_OFF
4896.7693428993225,75.65,28.8,LED_OFF
4901.332426071167,75.34,27.5,LED_OFF
4905.895299434662,75.38,27.7,LED_OFF
4910.4580891132355,75.41,28.9,LED_OFF
4915.0212779045105,75.51,27.0,LED_OFF
4919.585654020309,75.53,27.6,LED_OFF
4924.147203207016,75.38,27.1,LED_OFF
4928.709737062454,75.51,27.4,LED_OFF
4933.273293733597,75.6,28.9,LED_OFF
4937.835874795914,75.6,28.3,LED_OFF
4942.398572683334,75.38,28.3,LED_OFF
4946.961673498154,75.36,27.5,LED_OFF
4951.524379730225,75.36,27.4,LED_OFF
4956.087385416031,76.04,28.4,LED_OFF
4960.650369644165,75.48,27.1,LED_OFF
4965.213414669037,75.41,28.3,LED_OFF
4969.776262044907,75.51,28.9,LED_OFF
4974.339104890823,75.65,28.0,LED_OFF
4978.90216422081,75.51,27.6,LED_OFF
4983.4650156497955,75.51,28.8,LED_OFF
4988.028384208679,75.51,27.1,LED_OFF
4992.591014385223,75.38,28.6,LED_OFF
4997.153717517853,75.7,27.4,LED_OFF
5001.716819286346,75.63,27.5,LED_OFF
5006.27991604805,75.63,27.0,LED_OFF
5010.84294128418,75.46,28.3,LED_OFF
5015.405617952347,75.78,27.8,LED_OFF
5019.968834161758,75.6,28.3,LED_OFF
5024.531320333481,75.51,28.6,LED_OFF
5029.094207763672,75.6,28.7,LED_OFF
5033.657368659973,75.6,27.3,LED_OFF
5038.220320940018,75.75,27.9,LED_OFF
5042.783226490021,75.7,28.5,LED_OFF
5047.346064329147,75.7,28.5,LED_OFF
5051.908972263336,75.75,27.4,LED_OFF
5056.471841335297,75.8,27.9,LED_OFF
5061.035469055176,75.38,28.1,LED_OFF
5065.597779035568,74.75,28.5,LED_OFF
5070.160706520081,75.36,28.3,LED_OFF
5074.723536491394,75.56,27.4,LED_OFF
5079.286653518677,75.48,28.2,LED_OFF
5083.849266529083,75.68,28.7,LED_OFF
5088.41229391098,75.12,27.0,LED_OFF
5092.97541809082,75.92,27.0,LED_OFF
5097.538416385651,75.92,28.3,LED_OFF
5102.101401805878,76.04,27.5,LED_OFF
5106.664006471634,75.9,27.2,LED_OFF
5111.227057695389,76.21,27.1,LED_OFF
5115.789929866791,75.7,27.2,LED_OFF
5120.353101968765,75.9,27.3,LED_OFF
5124.915830373764,75.9,28.2,LED_OFF
5129.478992462158,75.8,28.0,LED_OFF
5134.041922569275,75.82,27.2,LED_OFF
5138.604442358017,75.48,27.2,LED_OFF
5143.167579650879,75.51,27.3,LED_OFF
5147.730305194855,75.75,28.6,LED_OFF
5152.293290376663,75.63,28.0,LED_OFF
5156.85609292984,74.75,27.9,LED_OFF
5161.419497489929,75.75,27.9,LED_OFF
5165.982038259506,75.82,27.4,LED_OFF
5170.545329093933,75.51,28.3,LED_OFF
5175.108028650284,75.63,28.7,LED_OFF
5179.671319961548,75.65,27.8,LED_OFF
5184.234057188034,75.53,28.6,LED_OFF
5188.796992063522,75.8,27.6,LED_OFF
5193.359841346741,75.8,27.8,LED_OFF
5197.922823905945,74.55,27.9,LED_OFF
5202.485707759857,75.82,28.1,LED_OFF
5207.048422574997,75.82,27.6,LED_OFF
5211.611549377441,75.41,28.3,LED_OFF
5216.174375772476,75.48,27.2,LED_OFF
5220.737533330917,75.65,27.8,LED_OFF
5225.300216674805,75.63,28.4,LED_OFF
5229.863253355026,75.58,27.9,LED_OFF
5234.426117181778,75.46,28.6,LED_OFF
5238.989433288574,76.04,28.5,LED_OFF
5243.551815271378,75.29,28.6,LED_OFF
5248.114819765091,75.95,27.3,LED_OFF
5252.677937030792,75.63,28.7,LED_OFF
5257.240838766098,75.41,28.4,LED_OFF
5261.803662061691,75.36,27.3,LED_OFF
5266.366582155228,75.75,27.5,LED_OFF
5270.929621458054,75.34,27.8,LED_OFF
5275.4925532341,75.51,27.1,LED_OFF
5280.055472135544,75.51,28.8,LED_OFF
5284.61850976944,75.53,28.9,LED_OFF
5289.181201696396,75.38,28.3,LED_OFF
5293.744148731232,75.56,27.5,LED_OFF
5298.3072328567505,75.6,27.6,LED_OFF
5302.870064973831,75.75,27.2,LED_OFF
5307.433072090149,75.24,27.5,LED_OFF
5311.995864391327,75.43,28.8,LED_OFF
5316.558798313141,75.38,28.9,LED_OFF
5321.1220688819885,75.36,28.7,LED_OFF
5325.684888839722,75.43,28.8,LED_OFF
5330.247542142868,75.63,27.0,LED_OFF
5334.810476303101,75.46,27.4,LED_OFF
5339.373489141464,75.7,27.6,LED_OFF
5343.936325550079,75.6,27.3,LED_OFF
5348.49924492836,75.56,27.0,LED_OFF
5353.062183380127,75.51,28.9,LED_OFF
5357.625349998474,75.41,27.8,LED_OFF
5362.188476800919,75.46,28.1,LED_OFF
5366.750888347626,75.48,28.9,LED_OFF
5371.313876628876,76.51,28.6,LED_OFF
5375.8767619133,75.85,27.8,LED_OFF
5380.439752578735,75.7,27.3,LED_OFF
5385.002859354019,75.6,28.3,LED_OFF
5389.565597295761,76.19,28.0,LED_OFF
5394.128572940826,75.31,27.7,LED_OFF
5398.691533327103,74.6,27.9,LED_OFF
5403.2542724609375,75.82,27.8,LED_OFF
5407.817451715469,75.51,28.9,LED_OFF
5412.380322933197,75.58,28.2,LED_OFF
5416.943381309509,75.21,27.1,LED_OFF
5421.506128549576,75.26,28.3,LED_OFF
5426.068963289261,75.97,27.7,LED_OFF
5430.631952524185,75.6,28.2,LED_OFF
5435.1949763298035,75.38,27.8,LED_OFF
5439.757755756378,75.12,28.3,LED_OFF
5444.32088804245,75.63,27.1,LED_OFF
5448.883890390396,75.92,27.1,LED_OFF
5453.446684598923,75.73,27.4,LED_OFF
5458.009524822235,75.75,28.3,LED_OFF
5462.572718143463,76.39,27.6,LED_OFF
5467.135535478592,75.73,27.5,LED_OFF
5471.698410272598,75.6,28.4,LED_OFF
5476.261407852173,75.56,28.2,LED_OFF
5480.824253082275,75.9,27.1,LED_OFF
5485.387046813965,75.73,27.3,LED_OFF
5489.950079917908,75.53,27.0,LED_OFF
5494.513000249863,75.46,27.3,LED_OFF
5499.07596206665,76.17,27.6,LED_OFF
5503.638795375824,75.75,28.2,LED_OFF
5508.201692581177,75.68,28.5,LED_OFF
5512.764616250992,75.24,27.3,LED_OFF
5517.327802181244,75.63,28.6,LED_OFF
5521.890649318695,75.16,27.3,LED_OFF
5526.45343375206,75.68,28.5,LED_OFF
5531.017146587372,75.46,27.3,LED_OFF
5535.579411029816,75.6,28.2,LED_OFF
5540.142461776733,75.7,27.8,LED_OFF
5544.705089569092,75.38,28.9,LED_OFF
5549.268228530884,75.68,28.2,LED_OFF
5553.830894947052,75.21,28.3,LED_OFF
5558.394005060196,75.53,28.1,LED_OFF
5562.957116603851,75.56,28.8,LED_OFF
5567.519738912582,75.43,27.0,LED_OFF
5572.082720994949,75.78,28.5,LED_OFF
5576.645553827286,75.56,28.0,LED_OFF
5581.208445549011,75.46,28.0,LED_OFF
5585.771502971649,75.8,28.8,LED_OFF
5590.334387540817,75.8,27.3,LED_OFF
5594.897539615631,75.02,28.5,LED_OFF
5599.460422039032,75.51,28.3,LED_OFF
5604.023417234421,75.38,27.9,LED_OFF
5608.58614897728,75.73,28.1,LED_OFF
5613.148963928223,75.92,27.8,LED_OFF
5617.7122230529785,75.7,28.6,LED_OFF
5622.275051355362,75.7,28.1,LED_OFF
5626.838013887405,75.7,28.7,LED_OFF
5631.400932788849,75.7,28.9,LED_OFF
5635.963989019394,75.63,28.1,LED_OFF
5640.526851892471,75.02,27.5,LED_OFF
5645.08970451355,75.78,28.6,LED_OFF
5649.6524822711945,75.65,28.7,LED_OFF
5654.215367555618,76.12,28.8,LED_OFF
5658.77854514122,75.82,28.0,LED_OFF
5663.341463327408,75.14,28.1,LED_OFF
5667.904705762863,75.85,27.3,LED_OFF
5672.467314004898,75.8,28.5,LED_OFF
5677.030179023743,75.78,28.4,LED_OFF
5681.59294462204,75.75,27.0,LED_OFF
5686.15607380867,75.24,27.1,LED_OFF
5690.718943834305,76.04,27.6,LED_OFF
5695.281654119492,76.02,27.0,LED_OFF
5699.844804763794,76.31,28.3,LED_OFF
5704.407837867737,75.02,28.1,LED_OFF
5708.970436811447,75.9,28.9,LED_OFF
5713.533558130264,75.75,27.9,LED_OFF
5718.096654653549,75.65,27.9,LED_OFF
5722.6595730781555,75.95,28.3,LED_OFF
5727.222658157349,75.6,28.6,LED_OFF
5731.785396575928,75.92,27.7,LED_OFF
5736.348560333252,75.85,28.7,LED_OFF
5740.911710977554,76.36,27.9,LED_OFF
5745.4740562438965,75.02,28.4,LED_OFF
5750.036702156067,75.53,28.0,LED_OFF
5754.599813699722,75.65,27.8,LED_OFF
5759.162819862366,75.63,28.2,LED_OFF
5763.725672960281,75.75,28.3,LED_OFF
5768.289076089859,75.63,28.9,LED_OFF
5772.8515293598175,75.16,28.9,LED_OFF
5777.414711475372,75.63,28.4,LED_OFF
5781.97745347023,75.7,28.6,LED_OFF
5786.540624141693,76.78,27.8,LED_OFF
5791.103567361832,75.56,28.8,LED_OFF
5795.6664073467255,76.09,28.7,LED_OFF
5800.229304790497,75.38,27.4,LED_OFF
5804.792028188705,76.24,28.7,LED_OFF
5809.355176448822,76.17,28.2,LED_OFF
5813.9179146289825,76.21,27.0,LED_OFF
5818.481004238129,76.17,27.1,LED_OFF
5823.0436952114105,76.04,28.4,LED_OFF
5827.606800079346,76.41,27.7,LED_OFF
5832.169641494751,76.46,28.1,LED_OFF
5836.732489347458,76.21,27.1,LED_OFF
5841.295462608337,76.17,28.1,LED_OFF
5845.858372449875,76.41,28.3,LED_OFF
5850.421998977661,76.58,28.1,LED_OFF
5854.984356641769,76.56,28.6,LED_OFF
5859.547406196594,76.46,28.7,LED_OFF
5864.110141038895,76.51,27.0,LED_OFF
5868.673191785812,76.61,28.5,LED_OFF
5873.235986948013,76.56,27.9,LED_OFF
5877.799134969711,76.51,28.9,LED_OFF
5882.361836433411,76.7,27.4,LED_OFF
5886.924846410751,76.41,28.1,LED_OFF
5891.487685918808,76.51,28.4,LED_OFF
5896.050699710846,76.48,28.5,LED_OFF
5900.61380648613,76.53,28.0,LED_OFF
5905.176589012146,76.51,27.0,LED_OFF
5909.739279747009,76.48,27.9,LED_OFF
5914.3024752140045,76.29,27.3,LED_OFF
5918.865314245224,76.29,27.0,LED_OFF
5923.428817272186,76.19,28.9,LED_OFF
5927.991178750992,76.39,28.6,LED_OFF
5932.554436683655,75.95,28.4,LED_OFF
5937.117079496384,76.31,27.2,LED_OFF
5941.680537223816,76.41,27.7,LED_OFF
5946.243232965469,75.63,28.5,LED_OFF
5950.805745840073,76.21,27.0,LED_OFF
5955.368856191635,76.48,28.2,LED_OFF
5959.93164896965,76.78,28.9,LED_OFF
5964.494624853134,76.58,27.2,LED_OFF
5969.057550430298,76.43,27.1,LED_OFF
5973.620525121689,76.48,28.4,LED_OFF
5978.1835079193115,76.46,27.1,LED_OFF
5982.747195720673,76.48,28.5,LED_OFF
5987.309346914291,76.21,27.2,LED_OFF
5991.872430324554,76.58,27.9,LED_OFF
5996.435045003891,76.41,28.3,LED_OFF
6000.99813079834,77.7,28.0,LED_OFF
6005.561066627502,76.95,27.1,LED_OFF
6010.1240310668945,76.43,27.7,LED_OFF
6014.686741113663,76.65,27.9,LED_OFF
6019.2496864795685,76.53,28.9,LED_OFF
6023.812686681747,76.43,28.7,LED_OFF
6028.375565290451,76.51,27.9,LED_OFF
6032.938381195068,76.48,28.7,LED_OFF
6037.501775026321,76.14,28.4,LED_OFF
6042.0645406246185,76.56,27.9,LED_OFF
6046.627189397812,76.43,28.3,LED_OFF
6051.190322875977,76.61,27.8,LED_OFF
6055.752992391586,76.97,27.0,LED_OFF
6060.31632566452,76.56,28.9,LED_OFF
6064.879263162613,76.43,28.0,LED_OFF
6069.441918134689,75.26,27.3,LED_OFF
6074.005142450333,76.68,27.7,LED_OFF
6078.567850351334,76.36,27.1,LED_OFF
6083.130836963654,76.43,28.9,LED_OFF
6087.693929195404,76.56,28.7,LED_OFF
6092.256747484207,76.73,27.0,LED_OFF
6096.8196403980255,76.7,27.2,LED_OFF
6101.38251543045,76.58,28.6,LED_OFF
6105.946054935455,77.17,27.3,LED_OFF
6110.508511304855,76.39,28.2,LED_OFF
6115.071357727051,76.58,28.1,LED_OFF
6119.634107589722,76.83,28.0,LED_OFF
6124.19726228714,76.61,28.6,LED_OFF
6128.760046005249,76.92,27.0,LED_OFF
6133.322905778885,76.87,28.1,LED_OFF
6137.886247396469,76.83,27.2,LED_OFF
6142.449057817459,76.73,28.2,LED_OFF
6147.012088775635,77.46,28.2,LED_OFF
6151.574761390686,76.83,28.7,LED_OFF
6156.137694597244,76.7,27.8,LED_OFF
6160.700516700745,76.87,27.9,LED_OFF
6165.263520479202,76.92,28.8,LED_OFF
6169.826419830322,76.95,28.8,LED_OFF
6174.389246702194,76.95,27.1,LED_OFF
6178.952127933502,77.09,27.1,LED_OFF
6183.515179395676,76.87,28.8,LED_OFF
6188.078385353088,76.8,28.4,LED_OFF
6192.6410484313965,75.85,28.0,LED_OFF
6197.2042372226715,76.95,28.9,LED_OFF
6201.766893386841,76.83,27.7,LED_OFF
6206.329851150513,76.78,28.5,LED_OFF
6210.892814159393,76.7,28.3,LED_OFF
6215.455801010132,76.75,28.5,LED_OFF
6220.018921613693,76.58,27.1,LED_OFF
6224.581637382507,76.0,28.4,LED_OFF
6229.1443955898285,76.51,28.8,LED_OFF
6233.707430362701,76.61,28.6,LED_OFF
6238.270890235901,76.58,28.4,LED_OFF
6242.833461523056,76.73,28.4,LED_OFF
6247.396445274353,76.73,28.5,LED_OFF
6251.959263801575,77.17,28.3,LED_OFF
6256.522309541702,76.8,28.3,LED_OFF
6261.0851266384125,76.34,28.1,LED_OFF
6265.647915840149,76.8,27.8,LED_OFF
6270.210662126541,76.85,28.6,LED_OFF
6274.77375626564,76.78,28.9,LED_OFF
6279.337025165558,76.48,28.5,LED_OFF
6283.8996250629425,76.9,28.1,LED_OFF
6288.462522983551,76.83,28.7,LED_OFF
6293.025379180908,77.07,28.3,LED_OFF
6297.58841919899,76.68,27.4,LED_OFF
6302.1513340473175,76.41,27.8,LED_OFF
6306.71430850029,76.48,27.1,LED_OFF
6311.277118682861,77.05,28.2,LED_OFF
6315.840165138245,77.02,28.4,LED_OFF
6320.403012514114,76.87,27.7,LED_OFF
6324.965968608856,77.12,28.1,LED_OFF
6329.5289516448975,77.02,28.6,LED_OFF
6334.0920317173,77.17,28.7,LED_OFF
6338.654910564423,76.95,28.2,LED_OFF
6343.217893600464,77.19,28.9,LED_OFF
6347.780536174774,76.95,28.3,LED_OFF
6352.343533754349,74.29,27.5,LED_OFF
6356.906631231308,75.02,27.9,LED_OFF
6361.469384908676,76.61,28.7,LED_OFF
6366.032254219055,77.09,28.6,LED_OFF
6370.595330953598,76.97,27.2,LED_OFF
6375.1581246852875,77.68,27.0,LED_OFF
6379.721115112305,77.07,28.0,LED_OFF
6384.284065485001,77.12,27.3,LED_OFF
6388.846973896027,77.26,27.6,LED_OFF
6393.409822463989,77.19,27.7,LED_OFF
6397.972892284393,77.26,28.6,LED_OFF
6402.535971164703,77.0,27.6,LED_OFF
6407.098734617233,76.95,27.1,LED_OFF
6411.66180229187,77.07,28.1,LED_OFF
6416.224578380585,76.97,27.4,LED_OFF
6420.787495851517,77.17,28.8,LED_OFF
6425.350584030151,77.07,27.4,LED_OFF
6429.913278102875,76.41,27.7,LED_OFF
6434.476272344589,77.41,27.4,LED_OFF
6439.039436817169,76.87,27.0,LED_OFF
6443.602486610413,76.95,28.8,LED_OFF
6448.165089130402,76.95,27.0,LED_OFF
6452.727902889252,76.17,28.5,LED_OFF
6457.2909190654755,76.95,27.2,LED_OFF
6461.853742599487,77.12,28.8,LED_OFF
6466.416921377182,76.9,28.8,LED_OFF
6470.97971534729,76.8,28.7,LED_OFF
6475.542609214783,77.07,28.3,LED_OFF
6480.10555100441,76.56,27.1,LED_OFF
6484.668925523758,75.9,28.9,LED_OFF
6489.23156619072,76.41,27.6,LED_OFF
6493.794556379318,76.95,28.1,LED_OFF
6498.357231616974,76.85,27.9,LED_OFF
6502.920607328415,77.29,28.4,LED_OFF
6507.483353853226,76.53,27.6,LED_OFF
6512.0461332798,76.95,28.3,LED_OFF
6516.608930110931,76.8,28.8,LED_OFF
6521.171836853027,76.83,27.7,LED_OFF
6525.7347412109375,77.8,27.8,LED_OFF
6530.297887086868,76.87,27.2,LED_OFF
6534.860784769058,76.56,27.7,LED_OFF
6539.423827648163,76.43,28.8,LED_OFF
6543.986624479294,76.8,28.5,LED_OFF
6548.549592256546,76.29,27.3,LED_OFF
6553.112591505051,76.17,27.8,LED_OFF
6557.675513505936,76.58,27.6,LED_OFF
6562.238600969315,76.65,28.9,LED_OFF
6566.801523685455,76.29,28.6,LED_OFF
6571.364326000214,76.43,27.1,LED_OFF
6575.927166938782,76.39,28.5,LED_OFF
6580.49024271965,76.43,28.6,LED_OFF
6585.053104639053,76.29,28.0,LED_OFF
6589.616125822067,76.51,28.4,LED_OFF
6594.178835868835,76.56,28.6,LED_OFF
6598.741638422012,76.58,28.7,LED_OFF
6603.3046452999115,76.39,28.8,LED_OFF
6607.867888212204,76.39,27.9,LED_OFF
6612.430699110031,76.53,28.8,LED_OFF
6616.993515253067,76.58,28.8,LED_OFF
6621.556547641754,76.39,28.1,LED_OFF
6626.119422674179,76.68,28.4,LED_OFF
6630.682446718216,76.56,27.8,LED_OFF
6635.245395183563,76.39,27.4,LED_OFF
6639.808310508728,76.56,28.9,LED_OFF
6644.37108373642,76.56,27.1,LED_OFF
6648.93411397934,76.58,28.2,LED_OFF
6653.496968269348,76.48,28.8,LED_OFF
6658.0613124370575,76.78,28.9,LED_OFF
6662.623142242432,76.87,27.4,LED_OFF
6667.185630559921,76.58,28.9,LED_OFF
6671.748417139053,76.75,28.7,LED_OFF
6676.311473369598,77.09,28.1,LED_OFF
6680.874575614929,76.68,28.5,LED_OFF
6685.437514781952,76.43,28.3,LED_OFF
6690.000385046005,76.7,28.2,LED_OFF
6694.5631675720215,76.65,27.0,LED_OFF
6699.126207828522,76.7,28.9,LED_OFF
6703.689338684082,76.78,27.7,LED_OFF
6708.252053260803,76.8,28.3,LED_OFF
6712.814957857132,76.7,28.8,LED_OFF
6717.377835273743,76.95,27.2,LED_OFF
6726.505029439926,76.92,28.3,LED_OFF
6731.0665237903595,76.61,28.7,LED_OFF
6735.629551649094,76.7,27.4,LED_OFF
6740.192631483078,76.7,27.9,LED_OFF
6744.755405426025,76.73,28.7,LED_OFF
6749.318499803543,76.78,27.9,LED_OFF
6753.881338357925,76.97,27.7,LED_OFF
6758.444544315338,76.63,28.1,LED_OFF
6763.0073981285095,76.56,27.0,LED_OFF
6767.570087194443,76.58,28.2,LED_OFF
6772.133022069931,76.19,28.7,LED_OFF
6776.696045160294,76.26,27.3,LED_OFF
6781.2591733932495,76.17,28.9,LED_OFF
6785.82196187973,76.02,28.8,LED_OFF
6790.3849358558655,75.82,27.4,LED_OFF
6794.947845220566,75.51,28.9,LED_OFF
6799.510496377945,75.7,27.4,LED_OFF
6804.073695898056,75.38,28.6,LED_OFF
6808.636640787125,75.63,28.6,LED_OFF
6813.1995503902435,75.38,28.3,LED_OFF
6817.762330770493,75.75,28.5,LED_OFF
6822.325700759888,75.41,28.9,LED_OFF
6826.888211011887,75.68,27.8,LED_OFF
6831.451222658157,75.34,28.5,LED_OFF
6836.014106273651,75.31,28.0,LED_OFF
6840.577090263367,75.31,27.4,LED_OFF
6845.139961481094,75.38,27.1,LED_OFF
6854.266107797623,76.29,28.1,LED_OFF
6858.82878780365,75.7,28.8,LED_OFF
6863.391847848892,75.48,28.1,LED_OFF
6867.954647064209,75.38,27.5,LED_OFF
6872.517512559891,75.8,28.3,LED_OFF
6877.080504655838,76.12,28.8,LED_OFF
6881.6433691978455,76.29,28.1,LED_OFF
6886.206554174423,76.43,28.0,LED_OFF
6890.768988609314,76.34,27.2,LED_OFF
6895.332194805145,76.63,27.2,LED_OFF
6899.894931554794,76.48,27.1,LED_OFF
6904.458312988281,76.56,28.7,LED_OFF
6909.020973920822,76.53,28.8,LED_OFF
6913.583698749542,76.63,27.8,LED_OFF
6918.146844387054,77.41,28.3,LED_OFF
6922.709539651871,76.56,27.5,LED_OFF
6927.272397994995,76.83,28.2,LED_OFF
6931.835670471191,76.68,27.8,LED_OFF
6936.398284912109,76.83,27.3,LED_OFF
6940.961280822754,76.78,27.6,LED_OFF
6945.524427175522,76.68,27.7,LED_OFF
6950.087031364441,76.65,28.1,LED_OFF
6954.650210618973,76.58,28.1,LED_OFF
6959.213373422623,76.63,28.1,LED_OFF
6963.775927782059,76.95,27.0,LED_OFF
6968.339025735855,76.63,27.8,LED_OFF
6972.901824474335,76.73,27.9,LED_OFF
6977.465003967285,76.97,27.7,LED_OFF
6982.027665615082,76.95,28.9,LED_OFF
6986.590758323669,77.17,28.9,LED_OFF
6991.153557300568,76.92,27.9,LED_OFF
6995.716329097748,76.53,27.7,LED_OFF
7000.27959728241,76.87,27.0,LED_OFF
7004.842190980911,76.95,28.6,LED_OFF
7009.405343294144,77.0,27.7,LED_OFF
7013.968102216721,76.7,28.8,LED_OFF
7018.530986070633,76.87,28.5,LED_OFF
7023.093816995621,76.61,28.4,LED_OFF
7027.657248735428,76.95,27.1,LED_OFF
7032.21972155571,77.19,28.5,LED_OFF
7036.782997846603,77.31,27.6,LED_OFF
7041.345652103424,76.87,27.1,LED_OFF
7045.909115552902,77.09,28.3,LED_OFF
7050.471585273743,76.97,28.1,LED_OFF
7055.034523010254,77.02,28.1,LED_OFF
7059.597448587418,77.07,27.2,LED_OFF
7064.160572767258,77.68,27.0,LED_OFF
7068.723328828812,77.19,28.8,LED_OFF
7073.286295413971,76.95,27.9,LED_OFF
7077.849553823471,77.17,27.9,LED_OFF
7082.41197347641,76.92,28.1,LED_OFF
7086.975165605545,77.07,28.1,LED_OFF
7091.538063049316,77.0,28.4,LED_OFF
7096.100891113281,76.95,27.5,LED_OFF
7100.663675069809,76.92,27.7,LED_OFF
7105.22722530365,77.02,27.6,LED_OFF
7109.789608478546,76.95,28.0,LED_OFF
7114.353022098541,76.87,27.4,LED_OFF
7118.915684938431,76.95,28.8,LED_OFF
7123.478318929672,76.53,28.2,LED_OFF
7128.041222810745,76.87,28.9,LED_OFF
7132.604336738586,77.36,27.8,LED_OFF
7137.167173624039,77.48,28.3,LED_OFF
7141.730135917664,76.95,27.3,LED_OFF
7146.292919158936,76.73,27.9,LED_OFF
7150.855983018875,76.83,28.6,LED_OFF
7155.419043302536,76.95,28.4,LED_OFF
7159.981958389282,76.87,28.5,LED_OFF
7164.544910669327,76.78,27.2,LED_OFF
7169.10794043541,76.92,27.7,LED_OFF
7173.670546770096,76.34,28.5,LED_OFF
7178.233534574509,76.9,27.8,LED_OFF
7182.796522855759,76.92,27.7,LED_OFF
7187.359502077103,76.73,28.7,LED_OFF
7191.922550439835,76.95,28.2,LED_OFF
7196.485141515732,76.92,27.2,LED_OFF
7201.048708438873,76.92,27.5,LED_OFF
7205.611078500748,76.95,28.8,LED_OFF
7210.174193143845,76.87,27.8,LED_OFF
7214.736832141876,76.7,28.6,LED_OFF
7219.300227642059,77.7,27.7,LED_OFF
7223.862761735916,76.56,28.5,LED_OFF
7228.426006555557,76.83,28.4,LED_OFF
7232.988702058792,76.92,27.3,LED_OFF
7237.5517909526825,76.87,28.0,LED_OFF
7242.114954948425,77.09,27.5,LED_OFF
7246.677490711212,76.78,27.3,LED_OFF
7251.240345239639,76.68,28.2,LED_OFF
7255.803296327591,76.92,28.1,LED_OFF
7260.366229534149,76.78,27.0,LED_OFF
7264.929315328598,76.9,28.3,LED_OFF
7269.49210190773,76.65,27.0,LED_OFF
7274.054966449738,76.61,28.4,LED_OFF
7278.618118047714,76.68,28.4,LED_OFF
7283.180990695953,76.78,27.8,LED_OFF
7292.307384252548,76.7,27.1,LED_OFF
7296.869649171829,76.83,27.9,LED_OFF
7301.432705879211,76.73,27.0,LED_OFF
7305.995731592178,76.95,27.1,LED_OFF
7310.558576107025,76.43,28.2,LED_OFF
7315.121339797974,76.58,28.9,LED_OFF
7319.684387207031,76.8,28.4,LED_OFF
7324.247402191162,76.7,28.0,LED_OFF
7328.810071229935,76.63,27.1,LED_OFF
7333.373200416565,76.53,27.9,LED_OFF
7337.936092853546,76.95,27.1,LED_OFF
7342.499027013779,76.24,27.6,LED_OFF
7347.061911582947,76.58,27.9,LED_OFF
7351.625164747238,76.39,28.4,LED_OFF
7356.187599182129,76.48,27.1,LED_OFF
7360.750483512878,76.43,27.2,LED_OFF
7365.31342124939,76.53,27.8,LED_OFF
7369.876425981522,76.39,27.7,LED_OFF
7374.439417362213,76.14,28.6,LED_OFF
7379.002496957779,76.34,27.3,LED_OFF
7383.565323829651,76.29,27.2,LED_OFF
7388.1280155181885,75.68,28.6,LED_OFF
7392.6914138793945,75.63,27.1,LED_OFF
7397.253990411758,76.24,27.8,LED_OFF
7401.816857814789,76.34,27.8,LED_OFF
7406.3797862529755,76.39,27.7,LED_OFF
7410.942942142487,76.17,28.4,LED_OFF
7415.505779266357,76.12,27.8,LED_OFF
7420.068827390671,76.21,28.4,LED_OFF
7424.63143157959,76.24,28.3,LED_OFF
7429.194464445114,76.14,27.3,LED_OFF
7433.75742650032,76.17,27.2,LED_OFF
7438.32062292099,76.24,28.8,LED_OFF
7442.883387088776,76.19,27.5,LED_OFF
7447.446258306503,76.29,27.0,LED_OFF
7452.009037494659,76.8,28.6,LED_OFF
7456.572240352631,76.14,28.8,LED_OFF
7461.13481593132,76.14,27.2,LED_OFF
7465.698054075241,76.0,28.7,LED_OFF
7470.260744333267,75.92,27.0,LED_OFF
7474.823858499527,75.78,27.6,LED_OFF
7479.3869960308075,75.78,27.1,LED_OFF
7483.949624300003,75.8,27.3,LED_OFF
7488.512405872345,76.51,28.1,LED_OFF
7493.075588941574,76.14,27.6,LED_OFF
7497.638515949249,76.04,28.2,LED_OFF
7502.20135140419,75.8,27.1,LED_OFF
7506.764404058456,75.51,28.3,LED_OFF
7511.327095270157,75.85,28.6,LED_OFF
7515.890355825424,75.63,27.6,LED_OFF
7520.4532017707825,75.85,27.6,LED_OFF
7525.01584482193,75.85,28.2,LED_OFF
7529.579766988754,76.0,27.7,LED_OFF
7534.141709327698,75.6,28.3,LED_OFF
7538.704746723175,75.82,27.6,LED_OFF
7543.267543554306,75.92,28.6,LED_OFF
7547.830765247345,76.17,27.0,LED_OFF
7552.393438339233,75.82,27.5,LED_OFF
7556.956336259842,76.29,28.7,LED_OFF
7561.519507646561,76.21,27.9,LED_OFF
7566.082371473312,76.43,27.5,LED_OFF
7570.645267724991,76.41,28.7,LED_OFF
7575.2083995342255,76.48,27.4,LED_OFF
7579.771529197693,76.39,27.6,LED_OFF
7584.33411860466,76.31,28.1,LED_OFF
7588.896790027618,76.53,28.4,LED_OFF
7593.460055112839,76.41,27.3,LED_OFF
7598.023121595383,76.41,27.9,LED_OFF
7602.585641145706,76.34,28.0,LED_OFF
7607.1486485004425,76.29,27.1,LED_OFF
7611.711492300034,76.09,28.2,LED_OFF
7616.274519205093,75.92,27.7,LED_OFF
7620.837436676025,75.38,28.5,LED_OFF
7625.400274038315,75.48,27.9,LED_OFF
7629.963163852692,75.53,28.3,LED_OFF
7634.526004076004,75.73,27.5,LED_OFF
7639.08922958374,75.21,27.8,LED_OFF
7643.652275562286,76.19,28.5,LED_OFF
7648.214992046356,75.7,27.3,LED_OFF
7652.777879238129,75.43,28.2,LED_OFF
7657.340702295303,76.34,28.1,LED_OFF
7661.903854370117,75.9,27.7,LED_OFF
7666.466637849808,75.73,28.5,LED_OFF
7671.029719114304,75.56,27.3,LED_OFF
7675.592467308044,75.53,28.1,LED_OFF
7680.155547857285,75.14,28.5,LED_OFF
7684.718320608139,75.34,27.2,LED_OFF
7689.28115439415,75.38,27.7,LED_OFF
7693.844174861908,75.48,27.7,LED_OFF
7698.407290458679,76.17,28.3,LED_OFF
7702.970233440399,76.24,27.4,LED_OFF
7707.5332543849945,75.9,28.7,LED_OFF
7712.096220493317,76.02,28.0,LED_OFF
7716.659018993378,75.85,28.4,LED_OFF
7721.2218272686005,75.48,28.7,LED_OFF
7725.784727573395,75.38,27.0,LED_OFF
7730.3476350307465,75.46,28.6,LED_OFF
7734.91049861908,74.65,27.5,LED_OFF
7739.473457098007,74.6,27.4,LED_OFF
7744.036908864975,74.26,27.9,LED_OFF
7748.599407672882,74.43,28.1,LED_OFF
7753.162250995636,74.6,28.3,LED_OFF
7757.725347280502,74.26,27.0,LED_OFF
7762.288332223892,74.26,28.9,LED_OFF
7766.851011991501,74.19,28.4,LED_OFF
7771.414541244507,74.19,28.4,LED_OFF
7775.976973056793,74.16,28.7,LED_OFF
7780.540067195892,74.11,27.8,LED_OFF
7785.1029317379,74.43,28.3,LED_OFF
7789.6656494140625,74.24,27.2,LED_OFF
7794.228753328323,74.09,27.7,LED_OFF
7798.791724920273,74.24,27.5,LED_OFF
7803.354476928711,74.02,28.4,LED_OFF
7807.917523622513,73.7,27.1,LED_OFF
7812.480263948441,73.82,28.7,LED_OFF
7817.043381214142,73.99,27.7,LED_OFF
7821.606178998947,73.68,27.3,LED_OFF
7826.169226408005,74.04,28.6,LED_OFF
7830.732167005539,75.85,27.6,LED_OFF
7835.295115947723,73.99,27.7,LED_OFF
7839.858000040054,73.8,27.5,LED_OFF
7844.420799255371,73.89,27.8,LED_OFF
7848.983749628067,74.24,27.2,LED_OFF
7853.546879291534,74.09,27.8,LED_OFF
7858.109658956528,73.82,27.2,LED_OFF
7862.672614812851,74.07,27.4,LED_OFF
7867.23615694046,74.11,27.9,LED_OFF
7871.798476934433,73.7,27.6,LED_OFF
7876.361305713654,73.8,28.4,LED_OFF
7880.924314022064,73.38,28.7,LED_OFF
7885.4872353076935,73.77,28.8,LED_OFF
7890.050078630447,74.04,28.1,LED_OFF
7894.613180398941,73.75,28.6,LED_OFF
7899.175929784775,73.8,28.1,LED_OFF
7903.738999605179,73.82,28.6,LED_OFF
7908.302173137665,73.97,27.9,LED_OFF
7912.865172863007,73.82,28.4,LED_OFF
7917.427695989609,74.33,28.0,LED_OFF
7921.990984916687,73.82,27.0,LED_OFF
7926.5535542964935,73.75,28.0,LED_OFF
7931.1164791584015,73.85,28.4,LED_OFF
7935.679572105408,73.82,27.9,LED_OFF
7940.242405653,73.94,28.5,LED_OFF
7944.805459976196,73.99,28.7,LED_OFF
7949.368227958679,74.53,28.1,LED_OFF
7953.931314229965,74.58,28.0,LED_OFF
7958.494083166122,74.24,28.6,LED_OFF
7963.057281970978,74.43,28.7,LED_OFF
7967.620099782944,74.55,28.6,LED_OFF
7972.183100700378,74.75,27.3,LED_OFF
7976.745817422867,75.02,28.8,LED_OFF
7981.308929204941,75.53,27.9,LED_OFF
7985.871812343597,75.36,28.0,LED_OFF
7990.434780597687,75.7,27.9,LED_OFF
7994.997638225555,75.8,28.5,LED_OFF
7999.560556650162,75.73,27.3,LED_OFF
8004.123564481735,75.95,27.9,LED_OFF
8008.686519861221,75.92,28.2,LED_OFF
8013.249581813812,75.85,28.6,LED_OFF
8017.812224626541,75.73,27.5,LED_OFF
8022.374962091446,75.68,28.0,LED_OFF
8026.938281059265,75.51,27.2,LED_OFF
8031.501089811325,75.56,28.7,LED_OFF
8036.064044475555,75.38,27.7,LED_OFF
8040.626827716827,75.14,28.8,LED_OFF
8045.189999341965,74.68,28.9,LED_OFF
8049.752952814102,74.63,28.6,LED_OFF
8054.315732717514,74.58,27.9,LED_OFF
8058.879021883011,74.43,27.5,LED_OFF
8063.441362142563,74.24,27.0,LED_OFF
8068.004278898239,74.24,27.2,LED_OFF
8072.56733250618,74.07,28.5,LED_OFF
8077.130180358887,74.26,27.5,LED_OFF
8081.693734169006,74.04,27.3,LED_OFF
8086.256059646606,74.48,27.9,LED_OFF
8090.818923711777,74.21,27.8,LED_OFF
8095.381947755814,74.31,28.1,LED_OFF
8099.944738149643,73.92,28.4,LED_OFF
8104.507704496384,74.07,28.1,LED_OFF
8109.070596218109,73.8,28.9,LED_OFF
8113.633589506149,73.82,28.8,LED_OFF
8118.196582317352,74.11,28.0,LED_OFF
8122.7595155239105,73.09,27.7,LED_OFF
8127.322484493256,74.09,27.5,LED_OFF
8131.885575056076,73.38,28.4,LED_OFF
8136.448251485825,73.82,27.3,LED_OFF
8141.011180877686,73.82,28.6,LED_OFF
8145.574263572693,74.21,27.9,LED_OFF
8150.137017965317,73.87,27.0,LED_OFF
8154.700122594833,74.09,27.7,LED_OFF
8159.262793064117,74.07,27.2,LED_OFF
8163.825917959213,74.04,28.2,LED_OFF
8168.388815641403,74.36,28.8,LED_OFF
8172.951901912689,74.43,28.2,LED_OFF
8177.514526605606,74.24,28.4,LED_OFF
8182.077898740768,74.04,27.1,LED_OFF
8186.640577554703,74.53,28.8,LED_OFF
8191.203606128693,74.24,27.6,LED_OFF
8195.766590595245,74.24,28.3,LED_OFF
8200.329221963882,74.31,27.1,LED_OFF
8204.892440080643,74.48,27.4,LED_OFF
8209.455065011978,74.31,28.6,LED_OFF
8214.018096923828,74.48,28.3,LED_OFF
8218.580933570862,74.53,27.7,LED_OFF
8223.143973588943,74.6,27.9,LED_OFF
8227.706891775131,74.63,28.0,LED_OFF
8232.26972746849,73.68,28.1,LED_OFF
8236.832760095596,74.63,28.3,LED_OFF
8241.395906209946,75.02,28.7,LED_OFF
8245.958714723587,75.02,28.5,LED_OFF
8250.52153968811,75.12,28.1,LED_OFF
8255.084522485733,75.38,27.2,LED_OFF
8259.647437810898,75.34,28.6,LED_OFF
8264.21025633812,75.34,28.1,LED_OFF
8268.773255825043,75.6,27.1,LED_OFF
8273.33609175682,75.36,28.8,LED_OFF
8277.899114370346,75.02,27.6,LED_OFF
8282.46227312088,74.6,28.2,LED_OFF
8287.025110006332,74.21,28.1,LED_OFF
8291.587805747986,74.43,27.9,LED_OFF
8296.150983810425,74.29,27.7,LED_OFF
8300.713660240173,74.46,27.8,LED_OFF
8305.276635169983,74.6,28.4,LED_OFF
8309.839534282684,74.19,28.8,LED_OFF
8314.40250468254,72.38,28.4,LED_OFF
8318.965366363525,73.11,27.3,LED_OFF
8323.528355836868,73.77,28.6,LED_OFF
8328.09154510498,73.89,28.8,LED_OFF
8332.65423321724,73.82,28.4,LED_OFF
8337.217422962189,73.99,27.1,LED_OFF
8341.780120134354,75.02,27.1,LED_OFF
8346.343030929565,76.7,28.4,LED_OFF
8350.906133413315,76.14,27.4,LED_OFF
8355.46883392334,76.17,27.1,LED_OFF
8360.031678199768,76.14,28.8,LED_OFF
8364.594772100449,76.09,27.0,LED_OFF
8369.157645225525,75.87,27.7,LED_OFF
8373.720768928528,75.9,28.2,LED_OFF
8378.284130811691,75.07,28.5,LED_OFF
8382.84647321701,74.29,28.8,LED_OFF
8387.409277439117,74.24,27.9,LED_OFF
8391.972276687622,74.14,27.0,LED_OFF
8396.535464763641,74.11,27.3,LED_OFF
8401.098201036453,74.26,27.5,LED_OFF
8405.6612906456,74.14,28.0,LED_OFF
8410.224079370499,74.07,27.1,LED_OFF
8414.78710103035,74.16,27.8,LED_OFF
8419.350126028061,74.31,27.3,LED_OFF
8423.913044691086,74.19,28.1,LED_OFF
8428.476058483124,74.43,28.9,LED_OFF
8433.038737773895,74.24,27.7,LED_OFF
8437.601669311523,74.16,28.0,LED_OFF
8442.164617061615,74.04,27.0,LED_OFF
8446.727447032928,74.43,28.4,LED_OFF
8451.290529251099,74.58,28.1,LED_OFF
8455.853601455688,72.8,27.6,LED_OFF
8460.416318893433,72.67,28.7,LED_OFF
8464.979435682297,73.31,27.4,LED_OFF
8469.542351007462,75.56,28.5,LED_OFF
8474.10523056984,76.21,27.4,LED_OFF
8478.66816496849,76.51,28.1,LED_OFF
8483.230966091156,76.58,28.1,LED_OFF
8487.794063091278,76.58,27.3,LED_OFF
8492.356783628464,73.82,27.7,LED_OFF
8496.920231342316,75.38,28.0,LED_OFF
8501.482799768448,75.65,27.4,LED_OFF
8506.045740127563,75.65,27.2,LED_OFF
8510.608553886414,76.34,28.9,LED_OFF
8515.171513557434,76.68,28.6,LED_OFF
8519.73430776596,76.65,27.8,LED_OFF
8524.297416448593,76.56,27.8,LED_OFF
8528.860341310501,76.7,27.0,LED_OFF
8533.42356801033,76.56,28.5,LED_OFF
8537.986014127731,76.43,27.6,LED_OFF
8542.54928445816,76.56,27.8,LED_OFF
8547.11176109314,76.61,28.9,LED_OFF
8551.674842596054,76.68,27.8,LED_OFF
8556.237592697144,77.0,28.3,LED_OFF
8560.800625562668,77.58,27.6,LED_OFF
8565.363654851913,77.02,28.8,LED_OFF
8569.926465272903,77.39,27.9,LED_OFF
8574.489352464676,77.09,28.6,LED_OFF
8579.052176237106,76.95,27.3,LED_OFF
8583.615730047226,76.58,27.0,LED_OFF
8588.178322315216,77.14,28.5,LED_OFF
8592.741330385208,77.46,28.4,LED_OFF
8597.304165840149,77.22,27.8,LED_OFF
8601.867220640182,77.46,28.0,LED_OFF
8606.429935455322,77.41,27.0,LED_OFF
8610.992848157883,77.39,28.8,LED_OFF
8615.555851459503,77.29,27.9,LED_OFF
8620.118795871735,77.29,28.3,LED_OFF
8624.68206501007,76.95,27.1,LED_OFF
8629.244812965393,77.17,27.6,LED_OFF
8633.807634830475,76.95,28.4,LED_OFF
8638.370502471924,76.95,28.3,LED_OFF
8642.933292627335,76.73,27.6,LED_OFF
8647.496234178543,76.92,28.0,LED_OFF
8652.059356212616,76.92,28.5,LED_OFF
8656.622106552124,76.56,28.5,LED_OFF
8661.185119867325,76.87,27.0,LED_OFF
8665.74837398529,77.0,28.9,LED_OFF
8670.310952425003,77.07,28.0,LED_OFF
8674.87400341034,76.95,27.4,LED_OFF
8679.437142848969,76.8,28.1,LED_OFF
8684.000007152557,77.07,28.4,LED_OFF
8688.562780618668,77.12,27.4,LED_OFF
8693.125497102737,77.26,28.3,LED_OFF
8697.68873000145,77.07,28.8,LED_OFF
8702.25148153305,77.17,27.9,LED_OFF
8706.814560174942,77.0,28.0,LED_OFF
8711.377317428589,77.26,28.4,LED_OFF
8715.94016456604,77.48,27.2,LED_OFF
8720.503072023392,77.07,27.9,LED_OFF
8725.066058158875,77.14,28.9,LED_OFF
8729.629184246063,77.26,28.1,LED_OFF
8734.192010879517,77.0,28.8,LED_OFF
8738.754882335663,76.95,27.9,LED_OFF
8743.31784915924,76.78,28.7,LED_OFF
8747.880994558334,76.92,28.4,LED_OFF
8752.443660974503,76.83,28.6,LED_OFF
8757.006474256516,76.92,28.2,LED_OFF
8761.569571495056,76.9,28.1,LED_OFF
8766.13232588768,76.9,28.8,LED_OFF
8770.695501804352,76.95,27.2,LED_OFF
8775.258265018463,76.73,28.1,LED_OFF
8779.82117986679,77.73,28.6,LED_OFF
8784.38406586647,76.85,28.6,LED_OFF
8788.9470911026,76.65,28.5,LED_OFF
8793.510000705719,76.56,27.2,LED_OFF
8798.07293176651,76.34,28.2,LED_OFF
8802.635897159576,76.14,28.9,LED_OFF
8807.198944568634,76.17,27.7,LED_OFF
8811.76191854477,76.12,27.4,LED_OFF
8816.324830293655,76.12,27.2,LED_OFF
8820.887913703918,75.78,28.8,LED_OFF
8825.450672388077,75.8,27.4,LED_OFF
8830.013373374939,75.58,27.5,LED_OFF
8834.576419353485,75.41,27.0,LED_OFF
8839.139428853989,75.38,27.2,LED_OFF
8843.702509641647,76.04,27.8,LED_OFF
8848.2653362751,75.04,28.3,LED_OFF
8852.828001260757,74.65,28.4,LED_OFF
8857.391016960144,75.02,28.0,LED_OFF
8861.953877210617,74.68,27.4,LED_OFF
8866.51705789566,74.58,27.8,LED_OFF
8871.079782485962,74.43,27.5,LED_OFF
8875.642870426178,74.77,28.8,LED_OFF
8880.205736160278,74.48,28.1,LED_OFF
8884.76874923706,74.53,27.6,LED_OFF
8889.33157491684,74.48,28.0,LED_OFF
8893.89448428154,74.6,28.9,LED_OFF
8898.457356929779,74.58,27.8,LED_OFF
8903.020388364792,74.6,27.7,LED_OFF
8907.583102464676,74.46,27.0,LED_OFF
8912.146029472351,74.43,27.1,LED_OFF
8916.709116220474,74.46,28.9,LED_OFF
8921.27216219902,74.38,28.9,LED_OFF
8925.834869384766,74.48,28.0,LED_OFF
8930.39783358574,74.31,27.7,LED_OFF
8934.960807085037,75.14,27.9,LED_OFF
8939.523710727692,74.68,28.9,LED_OFF
8944.086831092834,74.63,28.6,LED_OFF
8948.649805307388,74.51,27.9,LED_OFF
8953.212720870972,75.02,28.3,LED_OFF
8957.775332927704,75.02,28.7,LED_OFF
8962.33867239952,75.21,28.7,LED_OFF
8966.901526927948,75.21,27.0,LED_OFF
8971.464958190918,75.51,28.1,LED_OFF
8976.027313947678,75.31,28.4,LED_OFF
8980.590296983719,75.6,28.3,LED_OFF
8985.152916193008,75.65,28.9,LED_OFF
8989.715908527374,75.73,27.4,LED_OFF
8994.279008865356,76.02,28.2,LED_OFF
8998.84179186821,76.14,28.6,LED_OFF
9003.404958724976,76.34,27.5,LED_OFF
9007.967858314514,76.04,27.8,LED_OFF
9012.530918121338,76.02,27.8,LED_OFF
9017.093693256378,75.65,28.1,LED_OFF
9021.656992197037,75.56,27.1,LED_OFF
9026.219347953796,75.63,27.1,LED_OFF
9030.782287597656,75.36,28.5,LED_OFF
9035.345302343369,75.38,27.3,LED_OFF
9039.908087015152,75.16,27.5,LED_OFF
9044.47105550766,74.24,27.5,LED_OFF
9049.03414273262,74.7,28.3,LED_OFF
9053.596817731857,74.46,27.3,LED_OFF
9058.159885883331,73.82,28.9,LED_OFF
9062.722769260406,74.63,28.3,LED_OFF
9067.285712957382,73.99,27.4,LED_OFF
9071.848494529724,74.36,28.8,LED_OFF
9076.41151547432,74.29,28.9,LED_OFF
9080.974431991577,74.19,28.2,LED_OFF
9085.537685871124,73.77,28.4,LED_OFF
9090.100239753723,74.16,28.2,LED_OFF
9094.66341805458,74.33,28.3,LED_OFF
9099.226109981537,74.04,27.6,LED_OFF
9103.7892639637,73.89,27.3,LED_OFF
9108.3522336483,74.19,28.4,LED_OFF
9112.915354967117,74.04,27.1,LED_OFF
9117.478078126907,74.16,27.4,LED_OFF
9122.040987968445,74.16,27.4,LED_OFF
9126.603754758835,74.07,28.0,LED_OFF
9131.166791439056,74.75,27.9,LED_OFF
9135.729525327682,74.24,28.4,LED_OFF
9140.292670965195,74.14,27.4,LED_OFF
9144.855459451675,74.09,27.5,LED_OFF
9149.418251991272,74.36,27.1,LED_OFF
9153.98159956932,74.29,27.1,LED_OFF
9158.544215202332,74.55,27.2,LED_OFF
9163.107434749603,74.21,28.4,LED_OFF
9167.670069694519,74.31,27.5,LED_OFF
9172.233030080795,74.51,28.9,LED_OFF
9176.796226501465,74.43,27.9,LED_OFF
9181.358955860138,74.21,27.7,LED_OFF
9185.921972513199,74.19,27.6,LED_OFF
9190.48480463028,74.58,27.5,LED_OFF
9195.047833681107,74.55,28.9,LED_OFF
9199.610705375671,74.21,27.7,LED_OFF
9204.173645734787,74.6,27.3,LED_OFF
9208.736588478088,75.34,28.1,LED_OFF
9213.299354553223,75.02,28.5,LED_OFF
9217.86262345314,75.24,28.0,LED_OFF
9222.425440073013,75.36,27.5,LED_OFF
9226.988364934921,75.53,27.5,LED_OFF
9231.551275968552,75.82,28.3,LED_OFF
9236.114382982254,76.39,28.9,LED_OFF
9240.677130699158,76.56,28.0,LED_OFF
9245.240119934082,76.48,27.0,LED_OFF
9249.803498268127,76.48,27.2,LED_OFF
9254.365708112717,76.43,27.9,LED_OFF
9258.928740978241,76.63,28.6,LED_OFF
9263.491797924042,76.31,28.3,LED_OFF
9268.054421424866,76.17,28.9,LED_OFF
9272.617266893387,77.26,28.5,LED_OFF
9277.180381059647,76.95,27.9,LED_OFF
9281.743519544601,76.8,27.6,LED_OFF
9286.30636882782,76.29,28.8,LED_OFF
9290.869104385376,76.61,27.2,LED_OFF
9295.432046175003,76.34,28.4,LED_OFF
9299.995334148407,76.73,27.1,LED_OFF
9304.557827711105,76.51,27.3,LED_OFF
9309.120646715164,76.46,27.7,LED_OFF
9313.683740139008,76.43,28.6,LED_OFF
9318.246896028519,76.41,28.6,LED_OFF
9322.811475992203,76.26,28.1,LED_OFF
9327.372737407684,76.75,28.3,LED_OFF
9331.935458660126,76.56,28.8,LED_OFF
9336.49829864502,76.17,28.4,LED_OFF
9341.061759471893,76.41,27.1,LED_OFF
9345.624426841736,76.14,27.0,LED_OFF
9350.187365531921,75.9,28.8,LED_OFF
9354.750260353088,76.0,27.1,LED_OFF
9359.313283920288,75.85,27.3,LED_OFF
9363.876187801361,75.85,27.2,LED_OFF
9368.439007043839,75.75,28.8,LED_OFF
9373.00185751915,75.75,27.0,LED_OFF
9377.564875364304,75.53,28.1,LED_OFF
9382.127958536148,75.95,27.2,LED_OFF
9386.690781354904,76.73,27.9,LED_OFF
9391.253711938858,76.14,28.1,LED_OFF
9395.816644191742,76.04,28.1,LED_OFF
9400.37933063507,76.19,28.5,LED_OFF
9404.942440509796,76.21,28.6,LED_OFF
9409.505398273468,76.95,27.0,LED_OFF
9414.068191289902,76.95,27.8,LED_OFF
9418.631310939789,77.07,28.0,LED_OFF
9423.194226503372,76.95,27.0,LED_OFF
9427.757013320923,77.07,28.6,LED_OFF
9432.320034742355,77.17,28.9,LED_OFF
9436.88284945488,77.02,27.0,LED_OFF
9441.445766687393,77.39,27.5,LED_OFF
9446.008813381195,77.22,27.5,LED_OFF
9450.571623563766,76.46,28.3,LED_OFF
9455.134699106216,78.68,27.9,LED_OFF
9459.697772741318,77.07,28.3,LED_OFF
9464.260538101196,77.07,28.1,LED_OFF
9468.82349228859,77.17,28.0,LED_OFF
9473.386357069016,77.36,28.0,LED_OFF
9477.949338436127,77.73,27.3,LED_OFF
9482.512264966965,77.34,27.0,LED_OFF
9487.075183391571,77.51,27.1,LED_OFF
9491.637969255447,76.95,27.4,LED_OFF
9496.200812339783,77.41,27.2,LED_OFF
9500.76394867897,77.39,28.0,LED_OFF
9505.327124595642,77.41,28.5,LED_OFF
9509.889508008957,77.31,28.6,LED_OFF
9514.452800512314,77.61,28.7,LED_OFF
9519.015446901321,77.19,27.1,LED_OFF
9523.578361988068,76.14,28.4,LED_OFF
9528.141239643097,71.84,27.7,LED_OFF
9532.70429778099,72.04,27.2,LED_OFF
9537.267159700394,72.11,27.6,LED_OFF
9541.83013343811,72.26,27.9,LED_OFF
9546.393159866333,72.26,28.4,LED_OFF
9550.95601940155,72.33,28.6,LED_OFF
9555.519146442413,72.99,27.6,LED_OFF
9560.081808805466,72.41,28.2,LED_OFF
9564.644695043564,72.67,27.7,LED_OFF
9569.207476139069,72.65,28.7,LED_OFF
9573.770798444748,72.5,28.4,LED_OFF
9578.333761453629,72.89,28.5,LED_OFF
9582.896723508835,72.63,27.2,LED_OFF
9587.459403038025,72.65,27.1,LED_OFF
9592.022463798523,72.58,27.4,LED_OFF
9596.585492610931,72.63,27.7,LED_OFF
9601.148155212402,72.48,27.7,LED_OFF
9605.71115064621,72.8,27.2,LED_OFF
9610.274137020111,72.7,28.9,LED_OFF
9614.836866378784,72.48,27.3,LED_OFF
9619.40000796318,72.58,28.6,LED_OFF
9623.962863445282,73.19,28.4,LED_OFF
9628.525682926178,72.38,27.3,LED_OFF
9633.088764429092,72.63,27.1,LED_OFF
9637.651749372482,72.53,27.2,LED_OFF
9642.214501142502,72.58,28.2,LED_OFF
9646.777511358261,72.38,27.0,LED_OFF
9651.34037899971,72.41,28.5,LED_OFF
9655.903694152832,72.48,28.7,LED_OFF
9660.466077327728,72.63,27.2,LED_OFF
9665.029466867447,73.04,28.9,LED_OFF
9669.591973781586,72.48,28.9,LED_OFF
9674.155001401901,72.14,27.0,LED_OFF
9678.71823644638,72.43,27.8,LED_OFF
9683.280974149704,72.67,27.8,LED_OFF
9687.843943595886,72.58,27.8,LED_OFF
9692.406909942627,73.06,27.8,LED_OFF
9696.970128059387,72.33,27.8,LED_OFF
9701.532444477081,72.33,27.6,LED_OFF
9706.095695972443,72.28,27.3,LED_OFF
9710.658267498016,72.67,28.0,LED_OFF
9715.221272468567,72.41,28.4,LED_OFF
9719.784692764282,72.43,27.7,LED_OFF
9724.347203969955,72.41,28.9,LED_OFF
9728.910097360611,71.99,27.9,LED_OFF
9733.47302365303,71.92,28.4,LED_OFF
9738.036041021347,72.26,28.0,LED_OFF
9742.59883570671,72.14,27.4,LED_OFF
9747.161795139313,72.19,28.4,LED_OFF
9751.724888563156,72.01,27.4,LED_OFF
9756.2878677845,73.04,27.4,LED_OFF
9760.850817918777,72.65,28.4,LED_OFF
9765.413439750671,71.87,28.9,LED_OFF
9769.97654080391,72.11,28.2,LED_OFF
9774.539370775223,72.09,27.8,LED_OFF
9779.102412939072,71.55,27.7,LED_OFF
9783.665172576904,72.01,27.0,LED_OFF
9788.22815155983,71.53,27.0,LED_OFF
9792.791112422943,71.48,27.6,LED_OFF
9797.353999614716,71.55,28.1,LED_OFF
9801.917220592499,71.62,28.8,LED_OFF
9806.479736804962,71.65,27.2,LED_OFF
9811.042848348618,71.82,28.7,LED_OFF
9820.169166564941,71.62,27.9,LED_OFF
9824.731654405594,71.48,28.8,LED_OFF
9829.294540405273,71.45,28.6,LED_OFF
9833.857553482056,71.06,28.0,LED_OFF
9838.420429468155,71.21,27.9,LED_OFF
9842.983707904816,70.7,27.7,LED_OFF
9847.546583652496,70.38,28.3,LED_OFF
9852.109562635422,70.28,27.0,LED_OFF
9856.672350406647,69.99,28.2,LED_OFF
9861.235193014145,69.94,27.9,LED_OFF
9865.798292398453,69.91,28.4,LED_OFF
9870.361097574234,69.47,27.5,LED_OFF
9874.923746109009,70.67,27.5,LED_OFF
9879.486646652222,69.16,28.1,LED_OFF
9884.049835443497,69.13,28.3,LED_OFF
9888.612862586975,69.74,28.3,LED_OFF
9893.175500392914,68.74,27.1,LED_OFF
9897.738455057144,68.38,28.7,LED_OFF
9902.301525592804,68.06,28.8,LED_OFF
9906.864470720291,67.45,27.7,LED_OFF
9911.42722940445,67.99,28.3,LED_OFF
9915.990377187729,67.81,28.2,LED_OFF
9920.55302786827,67.74,27.5,LED_OFF
9925.116596221924,67.42,28.4,LED_OFF
9929.678992986679,67.79,27.3,LED_OFF
9934.242040634155,67.81,27.4,LED_OFF
9938.80498957634,67.69,28.1,LED_OFF
9943.368027925491,67.59,28.3,LED_OFF
9947.930820465088,68.57,28.9,LED_OFF
9952.493760824203,67.81,27.6,LED_OFF
9957.056507349014,67.62,27.8,LED_OFF
9961.61938714981,68.11,27.0,LED_OFF
9966.18244767189,67.84,28.3,LED_OFF
9970.74529671669,67.62,28.1,LED_OFF
9975.308213233948,67.25,27.7,LED_OFF
9979.87104845047,67.16,27.1,LED_OFF
9984.434005498886,67.59,28.6,LED_OFF
9988.997057199478,67.57,28.2,LED_OFF
9993.56052851677,67.4,27.2,LED_OFF
9998.122825860977,67.59,27.5,LED_OFF
10002.6859998703,67.72,27.3,LED_OFF
10007.248655796051,67.94,27.3,LED_OFF
10011.81161403656,69.13,27.5,LED_OFF
10016.374496936798,67.55,27.1,LED_OFF
10020.937508106232,67.57,27.1,LED_OFF
10025.50100159645,67.89,28.2,LED_OFF
10030.063514232635,67.79,28.4,LED_OFF
10034.62625837326,67.86,28.7,LED_OFF
10039.189179897308,67.69,28.7,LED_OFF
10043.752458810806,67.64,27.5,LED_OFF
10048.31515789032,67.57,28.8,LED_OFF
10052.878092050552,67.72,27.0,LED_OFF
10057.441032409668,68.01,27.3,LED_OFF
10062.003957509995,68.03,28.6,LED_OFF
10066.566772222519,68.23,27.3,LED_OFF
10071.129715681076,68.35,27.3,LED_OFF
10075.692608833313,68.52,28.0,LED_OFF
10080.255462884903,68.33,27.2,LED_OFF
10084.81854557991,68.08,27.0,LED_OFF
10089.381446361542,68.77,28.1,LED_OFF
10093.944418430328,68.5,27.9,LED_OFF
10098.507447481155,67.99,28.0,LED_OFF
10103.070390939713,68.35,28.9,LED_OFF
10107.633303642273,68.38,28.2,LED_OFF
10112.196135520935,68.35,28.1,LED_OFF
10116.759014844894,68.38,27.4,LED_OFF
10121.32188987732,68.18,28.3,LED_OFF
10125.88505411148,68.47,28.9,LED_OFF
10130.447667598724,68.57,28.3,LED_OFF
10135.0107691288,68.5,27.2,LED_OFF
10139.57377243042,68.42,28.3,LED_OFF
10144.136587142944,68.33,28.0,LED_OFF
10148.699638843536,68.38,28.5,LED_OFF
10153.262415647507,68.91,27.1,LED_OFF
10157.825466871262,68.77,28.1,LED_OFF
10162.388499736786,68.82,28.1,LED_OFF
10166.951213598251,68.82,27.8,LED_OFF
10171.514308452606,69.16,28.0,LED_OFF
10176.077327728271,69.01,27.1,LED_OFF
10180.640291452408,68.99,28.2,LED_OFF
10185.203088998795,68.77,27.5,LED_OFF
10189.765763759613,69.11,28.8,LED_OFF
10194.328980922699,68.89,28.9,LED_OFF
10198.891963720322,69.4,28.9,LED_OFF
10203.454459905624,69.55,27.1,LED_OFF
10208.017958164215,68.72,27.4,LED_OFF
10212.58050775528,69.35,28.0,LED_OFF
10217.143460512161,69.55,27.0,LED_OFF
10221.706292629242,69.38,28.0,LED_OFF
10226.269233465195,69.94,27.8,LED_OFF
10230.832373857498,69.55,28.0,LED_OFF
10235.395188570023,69.52,28.0,LED_OFF
10239.958121538162,69.77,27.0,LED_OFF
10244.521126747131,70.04,28.9,LED_OFF
10249.084038972855,70.16,27.0,LED_OFF
10253.64676952362,69.91,28.6,LED_OFF
10258.210013628006,70.11,28.0,LED_OFF
10262.773009061813,69.91,28.6,LED_OFF
10267.335611820221,70.45,28.3,LED_OFF
10271.8985953331,70.06,27.5,LED_OFF
10276.461427688599,70.16,27.5,LED_OFF
10281.024505853653,70.31,28.7,LED_OFF
10285.587534666061,69.79,27.3,LED_OFF
10290.150257349014,70.35,27.9,LED_OFF
10294.713258266449,70.28,27.4,LED_OFF
10299.27613401413,70.57,28.8,LED_OFF
10303.839835643768,70.38,28.6,LED_OFF
10308.402189016342,70.31,28.0,LED_OFF
10312.964911937714,70.31,27.2,LED_OFF
10317.527827739716,70.53,28.9,LED_OFF
10322.09083199501,70.48,27.4,LED_OFF
10326.65397310257,70.62,28.2,LED_OFF
10331.216525793076,70.55,28.0,LED_OFF
10335.779595851898,70.38,28.8,LED_OFF
10340.342438936234,70.67,28.0,LED_OFF
10344.905309677124,70.7,27.7,LED_OFF
10349.46840596199,70.82,27.4,LED_OFF
10354.031447649002,70.7,28.4,LED_OFF
10358.59421133995,70.96,28.4,LED_OFF
10363.157299518585,71.06,28.2,LED_OFF
10367.719999551773,70.82,28.1,LED_OFF
10372.283361911774,70.74,28.7,LED_OFF
10376.846352100372,70.7,27.8,LED_OFF
10381.409049272537,70.7,27.0,LED_OFF
10385.972255468369,70.53,27.3,LED_OFF
10390.534631967545,70.82,27.6,LED_OFF
10395.097758293152,71.87,28.5,LED_OFF
10399.660497665405,71.18,27.2,LED_OFF
10404.223438739777,71.72,27.1,LED_OFF
10408.786695957184,72.14,27.6,LED_OFF
10413.349505662918,72.11,28.2,LED_OFF
10417.912474870682,71.62,27.6,LED_OFF
10422.475186824799,72.16,28.6,LED_OFF
10427.038160800934,72.09,28.8,LED_OFF
10431.601051092148,72.01,27.9,LED_OFF
10436.164020299911,71.99,28.7,LED_OFF
10440.726954698563,72.26,27.2,LED_OFF
10445.28982257843,72.11,28.5,LED_OFF
10449.852841854095,71.55,28.6,LED_OFF
10454.415694713593,71.89,28.1,LED_OFF
10458.978571891785,72.63,28.6,LED_OFF
10463.541428565979,71.99,27.4,LED_OFF
10468.10543847084,72.19,28.5,LED_OFF
10472.667459249496,71.33,28.8,LED_OFF
10477.230569124222,71.92,27.1,LED_OFF
10481.793429136276,71.75,27.7,LED_OFF
10486.356273174286,72.21,27.4,LED_OFF
10490.919028759003,72.09,28.1,LED_OFF
10495.482023954391,71.79,27.3,LED_OFF
10500.045040130615,71.87,28.5,LED_OFF
10504.607837200165,71.99,28.7,LED_OFF
10509.170767307281,71.82,27.2,LED_OFF
10513.733787536621,71.92,28.0,LED_OFF
10518.297039031982,71.87,28.1,LED_OFF
10522.859874248505,72.16,28.8,LED_OFF
10527.422751188278,71.6,28.6,LED_OFF
10531.985852956772,71.82,28.8,LED_OFF
10536.54856801033,71.92,28.6,LED_OFF
10541.111337661743,71.77,28.3,LED_OFF
10545.674340963364,71.48,27.3,LED_OFF
10550.237178087234,71.6,28.4,LED_OFF
10554.800128221512,71.55,28.9,LED_OFF
10559.363158464432,71.75,28.1,LED_OFF
10563.92637181282,70.84,28.1,LED_OFF
10568.488837242126,71.72,28.8,LED_OFF
10573.051879167557,71.48,28.7,LED_OFF
10577.614969730377,71.53,27.6,LED_OFF
10582.177792310715,71.77,27.7,LED_OFF
10586.74071264267,71.48,27.4,LED_OFF
10591.303619146347,71.94,27.7,LED_OFF
10595.86663722992,71.21,27.4,LED_OFF
10600.429559230804,71.62,27.5,LED_OFF
10604.992269277573,71.53,28.2,LED_OFF
10609.555659294128,71.89,28.2,LED_OFF
10614.118221759796,71.62,27.8,LED_OFF
10618.681194067001,71.5,28.8,LED_OFF
10623.244012355804,71.7,28.6,LED_OFF
10627.806963920593,71.75,27.4,LED_OFF
10632.369892120361,71.58,28.9,LED_OFF
10636.932860851288,72.77,28.7,LED_OFF
10641.496004581451,71.55,28.8,LED_OFF
10646.058931350708,71.33,27.7,LED_OFF
10650.622002601624,71.26,28.6,LED_OFF
10655.184640407562,70.99,28.4,LED_OFF
10659.747715473175,71.09,28.1,LED_OFF
10664.31049656868,71.16,28.3,LED_OFF
10668.873737096786,71.33,27.1,LED_OFF
10673.436180591583,71.09,28.5,LED_OFF
10677.999367237091,71.36,27.2,LED_OFF
10682.56231212616,70.53,28.4,LED_OFF
10687.12511062622,71.48,27.8,LED_OFF
10691.68817281723,71.36,27.9,LED_OFF
10696.250948667526,71.87,28.7,LED_OFF
10700.813884735107,71.48,27.7,LED_OFF
10705.376737356186,71.62,27.9,LED_OFF
10709.939919233322,71.72,27.3,LED_OFF
10714.502776384354,71.58,27.6,LED_OFF
10719.065680265427,71.65,28.0,LED_OFF
10723.628993988037,71.72,27.4,LED_OFF
10728.191719770432,71.6,27.0,LED_OFF
10732.754258155823,71.48,28.3,LED_OFF
10737.317247629166,71.89,27.6,LED_OFF
10741.880350589752,71.48,27.8,LED_OFF
10746.44309926033,71.79,27.0,LED_OFF
10751.006110429764,71.79,27.0,LED_OFF
10755.56900858879,72.26,28.0,LED_OFF
10760.131839036942,72.01,27.3,LED_OFF
10764.69507265091,72.19,27.2,LED_OFF
10769.257671833038,72.41,28.6,LED_OFF
10773.820913553238,72.5,27.1,LED_OFF
10778.383516788483,72.21,28.2,LED_OFF
10782.946691513062,72.26,27.2,LED_OFF
10787.50959777832,72.26,28.9,LED_OFF
10792.072655439377,72.26,27.3,LED_OFF
10796.63550066948,72.31,28.1,LED_OFF
10801.198313236237,72.33,27.4,LED_OFF
10805.761347770691,72.26,27.7,LED_OFF
10810.324455738068,72.21,27.2,LED_OFF
10814.887056589127,72.09,28.7,LED_OFF
10819.450525522232,72.09,28.7,LED_OFF
10824.012849330902,71.92,27.7,LED_OFF
10828.575872421265,71.48,27.6,LED_OFF
10833.139040708542,71.84,28.4,LED_OFF
10837.702043533325,72.23,28.2,LED_OFF
10842.2645778656,72.04,28.3,LED_OFF
10846.82777762413,72.28,27.9,LED_OFF
10851.390438318253,72.38,27.9,LED_OFF
10855.953634738922,72.63,27.6,LED_OFF
10860.516434192657,73.16,27.9,LED_OFF
10865.07965350151,72.16,27.1,LED_OFF
10869.642234563828,72.33,28.6,LED_OFF
10874.205100536346,72.31,28.2,LED_OFF
10878.768159151077,72.28,28.4,LED_OFF
10883.330964803696,72.58,27.2,LED_OFF
10887.894296169281,72.8,28.8,LED_OFF
10892.45697069168,72.6,28.7,LED_OFF
10897.019955396652,72.53,28.1,LED_OFF
10901.582670211792,72.36,28.5,LED_OFF
10906.145812988281,72.43,28.9,LED_OFF
10910.708510637283,72.65,27.7,LED_OFF
10915.271746635437,72.36,27.1,LED_OFF
10919.834995031357,72.23,28.2,LED_OFF
10924.397369861603,72.14,27.8,LED_OFF
10928.960191726685,72.58,28.8,LED_OFF
10933.523183822632,72.23,27.4,LED_OFF
10938.086339712143,72.26,27.2,LED_OFF
10942.649085521698,71.72,28.7,LED_OFF
10947.21189069748,71.79,28.0,LED_OFF
10951.775127649307,72.55,27.8,LED_OFF
10956.337896585464,72.65,28.9,LED_OFF
10960.900688409805,72.43,28.0,LED_OFF
10965.463718652725,72.26,28.0,LED_OFF
10970.026663541794,72.43,27.6,LED_OFF
10974.589528560638,72.09,27.0,LED_OFF
10979.152714967728,72.38,28.9,LED_OFF
10983.71539068222,72.19,27.8,LED_OFF
10988.278307437897,72.48,28.4,LED_OFF
10992.841604471207,71.87,27.4,LED_OFF
10997.40449142456,72.11,27.2,LED_OFF
11001.967336416245,72.09,27.9,LED_OFF
11006.530383348465,72.26,27.1,LED_OFF
11011.09317612648,72.28,28.2,LED_OFF
11015.656135320663,72.33,27.9,LED_OFF
11020.218954086304,71.87,27.0,LED_OFF
11024.781898975372,71.89,27.9,LED_OFF
11029.344907283783,71.7,27.3,LED_OFF
11033.90788269043,71.45,27.4,LED_OFF
11038.47053861618,71.43,27.4,LED_OFF
11043.033676147461,71.21,27.6,LED_OFF
11047.59642124176,71.04,27.1,LED_OFF
11052.159355401993,71.06,28.8,LED_OFF
11056.722321271896,70.72,27.3,LED_OFF
11061.285388708115,71.16,28.7,LED_OFF
11065.848402023315,70.7,27.4,LED_OFF
11070.411167621613,70.7,28.5,LED_OFF
11074.974569320679,70.65,27.3,LED_OFF
11079.537138462067,70.67,27.5,LED_OFF
11084.0998878479,70.72,27.1,LED_OFF
11088.66292834282,69.96,28.1,LED_OFF
11093.22600364685,70.74,27.4,LED_OFF
11097.788872718811,70.67,27.8,LED_OFF
11102.351632595062,70.77,27.4,LED_OFF
11106.91480755806,70.92,27.4,LED_OFF
11111.4778277874,70.92,28.0,LED_OFF
11116.040349006653,71.04,28.4,LED_OFF
11120.60321187973,71.06,27.6,LED_OFF
11125.166206359863,71.11,28.2,LED_OFF
11129.72925567627,71.16,27.6,LED_OFF
11134.292179584503,71.48,28.8,LED_OFF
11138.855164766312,71.04,28.6,LED_OFF
11143.418244600296,70.57,27.2,LED_OFF
11147.98089647293,71.14,27.8,LED_OFF
11152.543775320053,71.45,27.9,LED_OFF
11157.10673236847,71.04,28.0,LED_OFF
11161.67004108429,70.89,27.9,LED_OFF
11166.232862234116,70.84,27.1,LED_OFF
11170.795491695404,70.28,27.4,LED_OFF
11175.358545303345,71.09,28.9,LED_OFF
11179.9213783741,70.94,27.5,LED_OFF
11184.484957695007,71.04,28.3,LED_OFF
11189.047325849533,70.65,28.7,LED_OFF
11193.610611438751,71.48,28.4,LED_OFF
11198.172919034958,71.33,28.1,LED_OFF
11202.736008167267,71.72,28.5,LED_OFF
11207.299053192139,71.77,28.1,LED_OFF
11211.86197423935,71.7,27.1,LED_OFF
11216.424842596054,71.7,27.3,LED_OFF
11220.987779855728,71.82,27.5,LED_OFF
11225.550575971603,71.79,28.8,LED_OFF
11230.113599300385,71.65,28.9,LED_OFF
11234.67669916153,71.45,27.8,LED_OFF
11239.239572048187,71.55,27.7,LED_OFF
11243.802417516708,71.48,28.3,LED_OFF
11248.365287065506,71.87,28.9,LED_OFF
11252.92850804329,71.84,28.8,LED_OFF
11257.491182565689,71.62,28.3,LED_OFF
11262.054042577744,71.65,28.4,LED_OFF
11266.61697435379,71.5,28.9,LED_OFF
11271.179953336716,71.18,28.0,LED_OFF
11275.742945432663,72.01,27.5,LED_OFF
11280.30590224266,71.87,28.0,LED_OFF
11284.868918418884,71.87,28.1,LED_OFF
11289.431621074677,72.01,28.3,LED_OFF
11293.99456858635,71.84,27.4,LED_OFF
11298.557795763016,71.94,27.7,LED_OFF
11303.120462656021,72.04,28.8,LED_OFF
11307.683877706528,71.87,28.7,LED_OFF
11312.246540546417,71.89,28.1,LED_OFF
11316.809404850006,70.26,28.1,LED_OFF
11321.37223815918,72.33,27.4,LED_OFF
11325.935469388962,71.84,28.1,LED_OFF
11330.498111724854,71.97,28.6,LED_OFF
11335.061192274094,72.09,27.5,LED_OFF
11339.62391090393,72.26,27.6,LED_OFF
11344.18697142601,71.87,28.8,LED_OFF
11348.749716758728,71.87,27.7,LED_OFF
11353.312851428986,71.89,27.3,LED_OFF
11357.875694990158,71.89,27.8,LED_OFF
11362.438552856445,71.87,28.3,LED_OFF
11367.00166964531,71.79,28.7,LED_OFF
11371.564331531525,72.55,27.0,LED_OFF
11376.127621650696,72.04,28.3,LED_OFF
11380.690553188324,71.92,27.6,LED_OFF
11385.253280878067,71.55,28.0,LED_OFF
11389.816148281097,72.11,28.5,LED_OFF
11394.37928533554,71.84,28.5,LED_OFF
11398.942224264145,72.16,28.2,LED_OFF
11403.50509929657,71.82,27.7,LED_OFF
11408.067977190018,71.62,27.6,LED_OFF
11412.631047964096,71.53,28.7,LED_OFF
11417.193812847137,71.6,28.4,LED_OFF
11421.756778240204,71.06,28.3,LED_OFF
11426.319686174393,71.48,28.7,LED_OFF
11430.882685422897,71.14,28.9,LED_OFF
11435.445756912231,71.06,28.0,LED_OFF
11440.008450508118,70.92,28.4,LED_OFF
11444.57140302658,70.48,28.5,LED_OFF
11449.134197473526,70.72,27.3,LED_OFF
11453.69722366333,72.26,27.2,LED_OFF
11458.260103225708,70.31,28.8,LED_OFF
11462.823212146759,70.87,28.4,LED_OFF
11467.385891199112,70.65,28.9,LED_OFF
11471.948860406876,70.74,28.4,LED_OFF
11476.511939764023,71.04,28.7,LED_OFF
11481.0748898983,70.92,28.3,LED_OFF
11485.637951135635,70.7,28.3,LED_OFF
11490.200643777847,70.6,28.6,LED_OFF
11494.763679981232,72.38,27.3,LED_OFF
11499.326568603516,70.62,27.9,LED_OFF
11503.889624118805,70.28,27.8,LED_OFF
11508.452498435974,70.23,28.9,LED_OFF
11513.015419006348,69.91,27.0,LED_OFF
11517.57813000679,69.99,27.7,LED_OFF
11522.14153265953,70.18,28.9,LED_OFF
11526.704168319702,69.5,28.6,LED_OFF
11531.267035722733,69.94,28.8,LED_OFF
11535.82981467247,69.89,28.9,LED_OFF
11540.393002986908,69.91,27.2,LED_OFF
11544.955903053284,69.94,27.9,LED_OFF
11549.518733978271,69.84,28.2,LED_OFF
11554.081584692001,73.75,28.5,LED_OFF
11558.64459681511,68.4,28.4,LED_OFF
11563.207959413528,69.04,28.7,LED_OFF
11567.770500183105,72.16,28.3,LED_OFF
11572.333525896072,72.63,28.1,LED_OFF
11576.896488189697,72.89,28.4,LED_OFF
11581.459397792816,72.6,28.9,LED_OFF
11586.022151231766,72.48,28.0,LED_OFF
11590.585007429123,72.65,27.0,LED_OFF
11595.147956132889,71.09,28.4,LED_OFF
11599.710874319077,72.11,27.0,LED_OFF
11604.274163484573,71.82,27.9,LED_OFF
11608.836916446686,72.31,27.0,LED_OFF
11613.39957499504,72.38,28.2,LED_OFF
11617.962619066238,72.26,28.6,LED_OFF
11622.525570631027,72.48,27.7,LED_OFF
11627.08861374855,72.43,28.9,LED_OFF
11631.651624679565,71.79,27.4,LED_OFF
11636.214302539825,72.31,27.1,LED_OFF
11640.777207612991,72.41,27.6,LED_OFF
11645.340464353561,72.38,27.2,LED_OFF
11649.903297662735,72.58,27.7,LED_OFF
11654.466122627258,72.31,27.1,LED_OFF
11659.02919960022,72.6,27.1,LED_OFF
11663.592035531998,71.65,27.1,LED_OFF
11668.154904603958,71.7,28.9,LED_OFF
11672.717671632767,71.48,28.9,LED_OFF
11677.280907154083,71.36,28.8,LED_OFF
11681.843499660492,69.08,27.9,LED_OFF
11686.406941652298,71.87,28.0,LED_OFF
11690.969561100006,71.89,28.1,LED_OFF
11695.532627105713,71.77,27.8,LED_OFF
11700.095542907715,71.72,28.5,LED_OFF
11704.658499956131,71.82,27.7,LED_OFF
11709.221505641937,71.7,28.3,LED_OFF
11713.78435754776,71.31,27.7,LED_OFF
11718.347266674042,71.82,28.7,LED_OFF
11722.91026353836,71.45,28.5,LED_OFF
11727.473154306412,71.62,27.5,LED_OFF
11732.036125183105,71.53,27.6,LED_OFF
11736.598770618439,71.21,27.5,LED_OFF
11741.161742687225,71.33,27.3,LED_OFF
11745.72463274002,71.4,28.1,LED_OFF
11750.287699222565,71.23,28.2,LED_OFF
11754.850540161133,71.48,27.0,LED_OFF
11759.413523674011,71.45,28.2,LED_OFF
11763.97663474083,71.43,27.9,LED_OFF
11768.539739131927,71.5,27.6,LED_OFF
11773.102226257324,71.14,27.3,LED_OFF
11777.665294408798,71.48,27.3,LED_OFF
11782.228029966354,71.62,27.2,LED_OFF
11786.790918111801,71.45,28.3,LED_OFF
11791.354107141495,71.75,27.9,LED_OFF
11795.9169318676,71.67,27.2,LED_OFF
11800.479782104492,71.62,28.0,LED_OFF
11805.042653799057,71.62,27.3,LED_OFF
11809.605664014816,71.75,28.0,LED_OFF
11814.16857123375,71.67,28.7,LED_OFF
11818.731656312943,71.79,28.7,LED_OFF
11823.294429779053,71.48,28.6,LED_OFF
11827.857532262802,71.94,28.5,LED_OFF
11832.42097067833,71.77,27.8,LED_OFF
11836.983300685883,71.94,28.3,LED_OFF
11841.546823501587,71.99,28.5,LED_OFF
11846.109074354172,71.97,27.4,LED_OFF
11850.672198057175,71.45,27.7,LED_OFF
11855.235159635544,71.99,27.0,LED_OFF
11859.798137426376,72.36,27.2,LED_OFF
11864.361028194427,72.09,27.0,LED_OFF
11868.923724889755,72.06,28.1,LED_OFF
11873.486673355103,72.16,27.9,LED_OFF
11878.049561738968,72.33,27.1,LED_OFF
11882.612543821335,71.87,27.6,LED_OFF
11887.175661325455,71.84,28.6,LED_OFF
11891.738523960114,71.89,27.9,LED_OFF
11896.301500082016,71.5,28.2,LED_OFF
11900.8641705513,72.31,27.1,LED_OFF
11905.427430868149,73.48,27.6,LED_OFF
11909.990200996399,72.63,27.0,LED_OFF
11914.553151845932,72.89,28.7,LED_OFF
11919.11607336998,73.04,27.9,LED_OFF
11923.678920030594,72.99,28.0,LED_OFF
11928.241748571396,72.72,27.0,LED_OFF
11932.804761886597,72.77,27.3,LED_OFF
11937.36756181717,73.04,28.1,LED_OFF
11941.930832147598,73.09,27.2,LED_OFF
11946.493707180023,73.11,28.2,LED_OFF
11951.056643486023,73.02,27.8,LED_OFF
11955.61971449852,73.11,28.2,LED_OFF
11960.182225942612,73.28,28.9,LED_OFF
11964.745227336884,73.41,28.3,LED_OFF
11969.308150529861,73.21,28.5,LED_OFF
11973.871186494827,73.14,27.6,LED_OFF
11978.434054851532,74.14,27.7,LED_OFF
11982.99730849266,73.28,28.3,LED_OFF
11987.559973478317,73.04,27.9,LED_OFF
11992.12301826477,73.04,28.3,LED_OFF
11996.685930252075,73.02,28.2,LED_OFF
12001.24885725975,73.26,28.1,LED_OFF
12005.811640501022,73.06,27.1,LED_OFF
12010.374619722366,73.04,27.8,LED_OFF
12014.937433242798,73.31,27.6,LED_OFF
12019.500502586365,73.04,27.0,LED_OFF
12024.063586711884,73.26,27.3,LED_OFF
12028.626652240753,73.21,27.7,LED_OFF
12033.189290761948,73.21,27.1,LED_OFF
12037.752209424973,73.26,27.5,LED_OFF
12042.315063714981,73.19,28.7,LED_OFF
12046.878283023834,73.28,28.4,LED_OFF
12051.441094636917,73.11,28.4,LED_OFF
12056.003903865814,73.82,27.3,LED_OFF
12060.566767215729,73.04,27.7,LED_OFF
12065.130400896072,73.11,28.6,LED_OFF
12069.69308757782,72.77,27.8,LED_OFF
12074.25548672676,73.33,28.4,LED_OFF
12078.818462848663,73.36,28.7,LED_OFF
12083.381380319595,73.31,27.7,LED_OFF
12087.94431257248,73.5,28.5,LED_OFF
12092.507101774216,73.33,27.6,LED_OFF
12097.070175647736,73.26,27.0,LED_OFF
12101.633105516434,73.21,27.2,LED_OFF
12106.196697711945,73.55,27.7,LED_OFF
12110.759067773819,73.75,27.1,LED_OFF
12115.321900129318,73.41,27.7,LED_OFF
12119.885216236115,73.46,28.0,LED_OFF
12124.447888851166,73.77,27.0,LED_OFF
12129.010758399963,73.33,28.3,LED_OFF
12133.57361626625,73.87,27.0,LED_OFF
12138.136657953262,72.77,27.9,LED_OFF
12142.699959516525,73.09,28.1,LED_OFF
12147.262484788895,73.16,27.4,LED_OFF
12151.82530760765,73.02,27.1,LED_OFF
12156.38821721077,73.06,28.7,LED_OFF
12160.951169013977,73.06,27.9,LED_OFF
12165.514173269272,73.04,27.7,LED_OFF
12170.07718706131,72.8,28.9,LED_OFF
12174.640115261078,72.53,27.3,LED_OFF
12179.20298075676,72.43,27.2,LED_OFF
12183.765918016434,72.26,27.5,LED_OFF
12188.328703403473,72.31,28.0,LED_OFF
12192.891957521439,72.72,27.2,LED_OFF
12197.45477104187,72.26,27.8,LED_OFF
12202.017869710922,72.92,28.7,LED_OFF
12206.580519199371,72.33,28.8,LED_OFF
12211.14363193512,72.31,27.1,LED_OFF
12215.706468582153,72.63,27.4,LED_OFF
12220.269461154938,72.92,28.4,LED_OFF
12224.832211256027,72.58,28.6,LED_OFF
12229.395758152008,72.31,27.4,LED_OFF
12233.958176136017,72.31,28.3,LED_OFF
12238.521400928497,72.55,28.6,LED_OFF
12243.083899736404,72.5,28.3,LED_OFF
12247.647100687027,72.53,28.9,LED_OFF
12252.209964752197,72.53,28.9,LED_OFF
12256.773042678833,72.53,27.7,LED_OFF
12261.336116790771,72.6,28.3,LED_OFF
12265.89893746376,72.75,27.3,LED_OFF
12270.461650848389,72.72,28.5,LED_OFF
12275.024426698685,73.06,27.6,LED_OFF
12279.587669849396,73.21,27.6,LED_OFF
12284.15021944046,73.33,27.4,LED_OFF
12288.713198900223,73.09,27.0,LED_OFF
12293.276255846024,73.21,28.5,LED_OFF
12297.8391559124,73.19,27.9,LED_OFF
12302.401960134506,73.14,27.5,LED_OFF
12306.964917898178,72.38,28.1,LED_OFF
12311.527967691422,73.43,27.5,LED_OFF
12316.090799570084,73.41,27.2,LED_OFF
12320.65413737297,73.5,28.7,LED_OFF
12325.216941595078,73.46,27.1,LED_OFF
12329.779709815979,73.5,27.6,LED_OFF
12334.342710971832,73.38,27.6,LED_OFF
12338.905700922012,73.43,28.8,LED_OFF
12343.468480587006,73.41,27.2,LED_OFF
12348.031339645386,73.36,28.7,LED_OFF
12352.594202518463,73.36,28.5,LED_OFF
12357.157150030136,73.31,28.0,LED_OFF
12361.720183372498,72.99,28.6,LED_OFF
12366.283034563065,73.19,27.2,LED_OFF
12370.846122980118,73.46,28.6,LED_OFF
12375.40895485878,73.36,28.3,LED_OFF
12379.971868276596,73.19,28.3,LED_OFF
12384.534802913666,73.16,28.6,LED_OFF
12389.097918987274,73.06,27.5,LED_OFF
12393.660573244095,72.84,27.0,LED_OFF
12398.223952054977,72.19,28.7,LED_OFF
12402.786869049072,72.38,27.6,LED_OFF
12407.349472522736,72.19,27.7,LED_OFF
12411.91279387474,72.63,27.1,LED_OFF
12416.475242137909,72.21,28.8,LED_OFF
12421.03842830658,71.99,27.6,LED_OFF
12425.601199865341,72.21,28.3,LED_OFF
12430.164292097092,72.19,28.6,LED_OFF
12434.727061271667,72.19,28.1,LED_OFF
12439.2899518013,72.09,28.7,LED_OFF
12443.853083372116,72.09,27.9,LED_OFF
12448.415884971619,72.26,27.9,LED_OFF
12452.978700876236,72.01,27.9,LED_OFF
12457.541896820068,72.09,27.1,LED_OFF
12462.104771614075,72.26,27.9,LED_OFF
12466.667713880539,72.23,28.3,LED_OFF
12471.230700016022,72.21,27.5,LED_OFF
12475.793450117111,72.21,27.6,LED_OFF
12480.356547832489,72.26,27.6,LED_OFF
12484.919573068619,72.58,27.3,LED_OFF
12489.482322692871,71.84,27.7,LED_OFF
12494.045354366302,72.26,28.6,LED_OFF
12498.60796713829,72.26,27.6,LED_OFF
12503.170857429504,72.21,28.4,LED_OFF
12507.733996152878,72.38,28.0,LED_OFF
12512.296702623367,72.26,27.8,LED_OFF
12516.859944820404,72.38,28.1,LED_OFF
12521.422893285751,72.38,28.4,LED_OFF
12525.986159324646,72.09,28.9,LED_OFF
12530.548596143723,72.7,28.8,LED_OFF
12535.111539125443,72.65,27.4,LED_OFF
12539.674626588821,73.04,28.3,LED_OFF
12544.237367391586,72.99,28.4,LED_OFF
12548.800412654877,73.36,28.4,LED_OFF
12553.363433122635,73.43,27.5,LED_OFF
12557.92609167099,73.43,28.8,LED_OFF
12562.48902630806,73.26,28.6,LED_OFF
12567.052370071411,73.82,28.9,LED_OFF
12571.6149559021,73.43,27.5,LED_OFF
12576.177947998047,73.82,28.8,LED_OFF
12580.740956783295,73.43,27.6,LED_OFF
12585.30390906334,74.16,27.4,LED_OFF
12589.86686372757,72.87,27.8,LED_OFF
12594.429731845856,73.11,27.3,LED_OFF
12598.992908000946,73.11,27.2,LED_OFF
12603.555403709412,73.43,27.7,LED_OFF
12608.118825435638,73.5,27.3,LED_OFF
12612.681271791458,73.31,27.5,LED_OFF
12617.244138240814,73.43,27.7,LED_OFF
12621.807370185852,73.43,28.9,LED_OFF
12626.370185375214,73.43,28.3,LED_OFF
12630.932991027832,73.09,27.6,LED_OFF
12635.49600481987,73.7,27.5,LED_OFF
12640.05889582634,73.65,28.2,LED_OFF
12644.621705055237,73.26,28.5,LED_OFF
12649.184673786163,73.43,27.8,LED_OFF
12653.747762918472,73.43,28.8,LED_OFF
12658.310911417007,73.65,27.9,LED_OFF
12662.873630523682,72.94,27.4,LED_OFF
12667.436688899994,74.19,27.8,LED_OFF
12671.999378919601,73.94,27.5,LED_OFF
12676.562571287155,73.82,28.4,LED_OFF
12681.125382900238,72.77,28.5,LED_OFF
12685.688516616821,73.43,27.9,LED_OFF
12690.251209497452,73.5,28.3,LED_OFF
12694.814257144928,73.5,28.6,LED_OFF
12699.377061128616,73.28,27.2,LED_OFF
12703.94011425972,73.33,27.6,LED_OFF
12708.50287103653,73.75,27.2,LED_OFF
12713.065980672836,73.89,27.7,LED_OFF
12717.628772735596,75.7,27.1,LED_OFF
12722.19156050682,73.68,28.7,LED_OFF
12726.754468917847,73.36,27.4,LED_OFF
12731.317493200302,73.77,28.1,LED_OFF
12735.880509853363,73.7,27.4,LED_OFF
12740.443270921707,73.31,28.8,LED_OFF
12745.006481170654,73.58,27.2,LED_OFF
12749.56944489479,73.8,28.2,LED_OFF
12754.132246732712,74.26,27.5,LED_OFF
12758.695269107819,73.43,28.2,LED_OFF
12763.257911682129,73.68,27.6,LED_OFF
12767.821044445038,73.8,28.6,LED_OFF
12772.38393330574,73.55,28.4,LED_OFF
12776.947125911713,73.75,28.6,LED_OFF
12781.509654045105,73.5,27.1,LED_OFF
12786.072729825974,73.63,27.4,LED_OFF
12790.635748147964,73.43,27.9,LED_OFF
12795.198601484299,74.29,27.3,LED_OFF
12799.761749982834,73.65,27.3,LED_OFF
12804.32432961464,74.11,27.3,LED_OFF
12808.887256145477,73.43,27.2,LED_OFF
12813.450639486313,73.82,28.2,LED_OFF
12818.0134267807,73.38,28.1,LED_OFF
12822.576184034348,73.36,28.4,LED_OFF
12827.138970136642,73.43,28.1,LED_OFF
12831.70194363594,72.99,28.0,LED_OFF
12836.26481294632,73.38,27.6,LED_OFF
12840.82771730423,73.26,27.1,LED_OFF
12845.390642642975,73.19,27.1,LED_OFF
12849.953708171844,73.43,28.6,LED_OFF
12854.516809463501,73.58,27.6,LED_OFF
12859.079496145248,73.11,27.4,LED_OFF
12863.642491579056,73.38,27.6,LED_OFF
12868.205432653427,73.82,27.0,LED_OFF
12872.768288850784,73.43,28.7,LED_OFF
12877.33112192154,73.43,27.5,LED_OFF
12881.894344091415,73.55,27.8,LED_OFF
12886.457159996033,73.58,28.5,LED_OFF
12891.020103931427,73.43,27.7,LED_OFF
12895.582854270935,73.8,27.8,LED_OFF
12900.146125555038,73.06,27.9,LED_OFF
12904.708813667297,73.43,28.5,LED_OFF
12909.27180814743,73.46,27.6,LED_OFF
12913.83474111557,73.5,28.1,LED_OFF
12918.397786617279,73.43,28.8,LED_OFF
12922.960738420486,73.65,27.6,LED_OFF
12932.087817907333,73.97,27.9,LED_OFF
12936.649348974228,73.6,28.9,LED_OFF
12941.212136030197,73.31,28.7,LED_OFF
12945.775376558304,73.82,27.0,LED_OFF
12950.33817577362,73.8,28.4,LED_OFF
12954.901191711426,73.68,27.4,LED_OFF
12959.464086771011,73.97,27.5,LED_OFF
12964.027040481567,73.6,28.0,LED_OFF
12968.589795827866,74.6,28.7,LED_OFF
12973.152684926987,72.89,27.7,LED_OFF
12977.715505599976,73.89,27.1,LED_OFF
12982.278579711914,73.92,27.8,LED_OFF
12986.841807842255,73.85,28.9,LED_OFF
12991.404747486115,73.97,28.1,LED_OFF
12995.967705249786,73.82,27.3,LED_OFF
13000.530441761017,73.89,28.6,LED_OFF
13005.093333482742,73.89,28.0,LED_OFF
13009.65631532669,73.99,27.4,LED_OFF
13014.219665050507,73.94,28.6,LED_OFF
13018.78211402893,73.82,28.2,LED_OFF
13023.344919204712,73.94,27.8,LED_OFF
13027.90830039978,74.04,28.2,LED_OFF
13032.470969200134,74.21,27.2,LED_OFF
13037.033947706223,73.31,28.5,LED_OFF
13041.596848726273,73.82,28.2,LED_OFF
13046.16031241417,74.07,28.4,LED_OFF
13050.722481489182,73.58,28.2,LED_OFF
13055.285475492477,74.04,27.8,LED_OFF
13059.84875035286,74.16,27.8,LED_OFF
13064.411547660828,73.87,28.4,LED_OFF
13068.974826574326,74.24,28.9,LED_OFF
13073.537230968475,74.19,28.5,LED_OFF
13078.100078821182,73.6,28.9,LED_OFF
13082.663001060486,73.04,28.7,LED_OFF
13087.226353883743,73.09,27.6,LED_OFF
13091.789060592651,73.77,27.4,LED_OFF
13096.35197353363,73.65,27.2,LED_OFF
13100.915037870407,74.14,28.6,LED_OFF
13105.47780251503,74.09,27.4,LED_OFF
13110.041023492813,73.97,28.7,LED_OFF
13114.60356426239,74.09,28.2,LED_OFF
13119.166418790817,74.11,27.5,LED_OFF
13123.72937965393,74.31,28.8,LED_OFF
13128.292281150818,74.04,27.0,LED_OFF
13132.8552942276,74.21,27.8,LED_OFF
13137.418266534805,74.16,28.6,LED_OFF
13141.9810962677,74.21,28.6,LED_OFF
13146.544077634811,73.85,28.6,LED_OFF
13151.10754442215,74.6,27.0,LED_OFF
13155.670125246048,74.19,27.6,LED_OFF
13160.232758760452,75.07,28.2,LED_OFF
13164.796133995056,75.12,27.8,LED_OFF
13169.358790874481,74.7,28.3,LED_OFF
13173.921909093857,74.82,28.2,LED_OFF
13178.484774589539,75.02,27.2,LED_OFF
13183.047436475754,75.02,27.8,LED_OFF
13187.610706567764,75.02,27.0,LED_OFF
13192.173402547836,75.02,28.6,LED_OFF
13196.736238956451,74.51,27.1,LED_OFF
13201.29934668541,75.8,27.5,LED_OFF
13205.862090110779,73.72,27.1,LED_OFF
13210.425206899643,74.09,28.3,LED_OFF
13214.988071918488,76.29,27.6,LED_OFF
13219.551270484924,75.9,27.6,LED_OFF
13224.114075660706,77.0,27.5,LED_OFF
13228.676831245422,76.26,27.9,LED_OFF
13233.240223169327,76.19,27.3,LED_OFF
13237.80286359787,75.65,28.9,LED_OFF
13242.365646362305,76.21,27.4,LED_OFF
13246.928628206253,76.04,28.7,LED_OFF
13251.491409301758,76.19,27.3,LED_OFF
13256.054658174515,76.31,28.6,LED_OFF
13260.617491483688,76.17,28.4,LED_OFF
13265.180255889893,76.17,27.4,LED_OFF
13269.743082046509,76.31,27.6,LED_OFF
13274.306078910828,76.19,28.6,LED_OFF
13278.869081735611,76.17,27.7,LED_OFF
13283.432275533676,76.39,27.4,LED_OFF
13287.994871616364,76.17,27.3,LED_OFF
13292.557761907578,76.12,28.5,LED_OFF
13297.120927095413,74.04,27.6,LED_OFF
13301.683844327927,71.33,28.7,LED_OFF
13306.24669098854,74.58,27.6,LED_OFF
13310.809776544571,76.24,28.9,LED_OFF
13315.372710943222,75.95,28.2,LED_OFF
13319.935432434082,76.17,27.9,LED_OFF
13324.498542070389,76.17,27.3,LED_OFF
13329.061230659485,75.75,27.8,LED_OFF
13333.624294281006,76.26,27.1,LED_OFF
13338.187052488327,76.34,28.7,LED_OFF
13342.75007557869,76.17,27.1,LED_OFF
13347.313114643097,76.21,28.0,LED_OFF
13351.87607717514,77.95,27.1,LED_OFF
13356.438737392426,76.19,28.8,LED_OFF
13361.00191283226,76.46,28.0,LED_OFF
13365.565260410309,76.31,27.0,LED_OFF
13370.12805891037,76.46,27.4,LED_OFF
13374.6907351017,76.31,28.4,LED_OFF
13379.253739833832,75.8,28.5,LED_OFF
13383.816796302795,76.17,28.2,LED_OFF
13388.37949180603,76.29,27.1,LED_OFF
13392.942440986633,76.41,28.1,LED_OFF
13397.50517630577,76.24,27.4,LED_OFF
13402.068175315857,76.17,27.6,LED_OFF
13406.63141155243,76.46,27.0,LED_OFF
13411.19406914711,76.97,28.0,LED_OFF
13415.757071971893,76.26,27.5,LED_OFF
13420.320069551468,76.07,28.4,LED_OFF
13424.88288640976,76.39,27.2,LED_OFF
13429.446025371552,76.39,28.8,LED_OFF
13434.008609056473,75.63,27.9,LED_OFF
13438.571839571,76.24,27.8,LED_OFF
13443.134671449661,76.34,27.1,LED_OFF
13447.697901010513,76.21,28.4,LED_OFF
13452.260511636734,76.21,27.8,LED_OFF
13456.82362294197,75.78,27.0,LED_OFF
13461.38653755188,76.24,28.6,LED_OFF
13465.949395418167,76.41,27.6,LED_OFF
13470.512182712555,76.31,28.0,LED_OFF
13475.075483083725,77.61,27.9,LED_OFF
13479.638306379318,76.43,27.1,LED_OFF
13484.200874328613,76.39,27.4,LED_OFF
13488.7642390728,75.8,28.4,LED_OFF
13493.3266851902,76.48,27.5,LED_OFF
13497.889868021011,76.56,28.9,LED_OFF
13502.452811717987,76.19,27.4,LED_OFF
13507.01576757431,76.48,28.6,LED_OFF
13511.57855296135,76.58,28.4,LED_OFF
13516.141701459885,76.56,28.5,LED_OFF
13520.704365253448,76.34,28.2,LED_OFF
13525.267334461212,76.09,28.8,LED_OFF
13529.830384731293,76.17,27.4,LED_OFF
13534.39312839508,76.48,28.9,LED_OFF
13538.956232070923,76.31,27.9,LED_OFF
13543.519248962402,76.29,28.7,LED_OFF
13548.082082509995,76.41,28.6,LED_OFF
13552.644850969315,76.39,28.6,LED_OFF
13557.207824468613,76.24,27.6,LED_OFF
13561.770797014236,76.41,28.7,LED_OFF
13566.333717346191,76.48,27.4,LED_OFF
13570.896971464157,76.29,27.8,LED_OFF
13575.45970249176,76.17,27.8,LED_OFF
13580.022656202316,76.7,28.3,LED_OFF
13584.585313558578,76.26,28.1,LED_OFF
13589.148578643799,76.36,28.3,LED_OFF
13593.711249828339,76.56,27.9,LED_OFF
13598.274129629135,76.68,28.1,LED_OFF
13602.83746933937,76.17,27.2,LED_OFF
13607.400251626968,76.29,27.3,LED_OFF
13611.963389396667,76.53,27.8,LED_OFF
13616.52603673935,76.19,27.8,LED_OFF
13621.089040517807,76.95,27.1,LED_OFF
13625.652025461197,77.0,27.3,LED_OFF
13630.2154109478,76.39,27.8,LED_OFF
13634.77752828598,76.51,28.2,LED_OFF
13639.340713739395,76.17,27.9,LED_OFF
13643.903586149216,76.41,27.7,LED_OFF
13648.466489315033,76.41,28.5,LED_OFF
13653.030107736588,77.05,27.6,LED_OFF
13657.592345952988,77.26,28.1,LED_OFF
13662.155481815338,76.41,27.4,LED_OFF
13666.7181994915,75.75,27.2,LED_OFF
13671.281078338623,76.21,27.0,LED_OFF
13675.844369888306,76.48,27.4,LED_OFF
13680.406906843185,76.21,27.9,LED_OFF
13684.970104932785,76.48,27.3,LED_OFF
13689.532776594162,76.29,28.6,LED_OFF
13694.095729589462,76.43,27.6,LED_OFF
13698.658704280853,76.39,28.2,LED_OFF
13703.221547842026,76.17,28.7,LED_OFF
13707.784618854523,76.61,28.0,LED_OFF
13712.347495794296,76.53,28.8,LED_OFF
13716.910752534866,76.31,27.3,LED_OFF
13721.473442554474,76.29,27.6,LED_OFF
13726.03656077385,76.58,27.5,LED_OFF
13730.599344968796,76.36,27.2,LED_OFF
13735.16262793541,76.83,27.8,LED_OFF
13739.724982976913,76.31,28.8,LED_OFF
13744.288051843643,76.31,27.9,LED_OFF
13748.85087609291,76.58,27.8,LED_OFF
13753.414715766907,76.9,27.0,LED_OFF
13757.976721048355,76.46,28.5,LED_OFF
13762.53992676735,77.19,28.7,LED_OFF
13767.102627515793,76.04,27.5,LED_OFF
13771.66585445404,76.31,28.5,LED_OFF
13776.228611946106,76.12,28.8,LED_OFF
13780.791736125946,76.9,27.5,LED_OFF
13785.354552984238,76.26,27.1,LED_OFF
13789.917510271072,76.48,27.1,LED_OFF
13794.480553150177,76.24,27.7,LED_OFF
13799.043221712112,76.39,27.4,LED_OFF
13803.606100082397,76.19,28.4,LED_OFF
13808.169402837753,76.26,27.0,LED_OFF
13812.732013702393,76.02,27.0,LED_OFF
13817.295120954514,76.17,28.3,LED_OFF
13821.85806941986,76.26,27.0,LED_OFF
13826.42093205452,76.31,27.0,LED_OFF
13830.983778238297,76.17,27.3,LED_OFF
13835.546830177307,76.19,27.3,LED_OFF
13840.109771728516,76.31,27.8,LED_OFF
13844.672395467758,76.73,27.8,LED_OFF
13849.235391139984,76.29,28.9,LED_OFF
13853.79849934578,76.58,27.4,LED_OFF
13858.361320972443,76.41,27.0,LED_OFF
13862.924345254898,76.19,27.0,LED_OFF
13867.48716878891,76.09,27.3,LED_OFF
13872.050255537033,76.24,28.6,LED_OFF
13876.613260030746,76.24,28.2,LED_OFF
13881.176098823547,76.17,28.6,LED_OFF
13885.738855838776,76.92,27.3,LED_OFF
13890.30190896988,76.09,27.7,LED_OFF
13894.864807605743,76.19,28.8,LED_OFF
13899.427636146545,76.17,28.9,LED_OFF
13903.990899801254,76.29,28.1,LED_OFF
13908.553735256195,76.0,28.2,LED_OFF
13913.11675620079,75.85,27.7,LED_OFF
13917.679689884186,75.51,28.8,LED_OFF
13922.242298603058,76.17,28.1,LED_OFF
13926.805247068405,76.36,28.0,LED_OFF
13931.36823797226,76.17,28.5,LED_OFF
13935.931214809418,76.17,27.7,LED_OFF
13940.494179010391,76.41,28.2,LED_OFF
13945.057076454163,76.19,27.8,LED_OFF
13949.62023139,76.21,27.1,LED_OFF
13954.1828622818,75.78,27.9,LED_OFF
13958.745868444443,76.17,27.9,LED_OFF
13963.309091806412,76.09,28.5,LED_OFF
13967.871890306473,76.39,28.8,LED_OFF
13972.434666156769,76.24,27.9,LED_OFF
13976.997500419617,75.82,27.4,LED_OFF
13981.5606071949,76.07,27.6,LED_OFF
13986.123680353165,76.0,28.7,LED_OFF
13990.68658709526,76.17,27.9,LED_OFF
13995.249147415161,76.19,27.1,LED_OFF
13999.812310934067,76.17,28.1,LED_OFF
14004.37507557869,75.9,27.7,LED_OFF
14008.93831562996,76.17,28.4,LED_OFF
14013.500900268555,76.14,28.4,LED_OFF
14018.0641310215,76.17,27.9,LED_OFF
14022.627643585205,76.19,28.2,LED_OFF
14027.189876556396,75.63,27.7,LED_OFF
14031.75281047821,76.07,28.6,LED_OFF
14036.315731048584,76.17,28.7,LED_OFF
14040.878634691238,76.09,28.2,LED_OFF
14045.441503286362,76.0,27.3,LED_OFF
14050.004634857178,75.9,28.4,LED_OFF
14054.567394256592,76.09,27.8,LED_OFF
14059.13035416603,76.24,27.9,LED_OFF
14063.693393945694,76.17,28.0,LED_OFF
14068.256395578384,76.14,27.0,LED_OFF
14072.819272756577,76.0,28.1,LED_OFF
14077.382313966751,75.92,27.7,LED_OFF
14081.944965839386,75.07,27.5,LED_OFF
14086.508234262466,75.46,27.5,LED_OFF
14091.07081770897,75.8,27.0,LED_OFF
14095.633859157562,76.17,28.6,LED_OFF
14100.196782827377,76.73,28.1,LED_OFF
14104.760044813156,75.36,28.9,LED_OFF
14109.322752714157,76.07,27.3,LED_OFF
14113.886251211166,76.09,27.5,LED_OFF
14118.448589801788,76.0,28.5,LED_OFF
14123.011595010757,76.12,27.1,LED_OFF
14127.574452161789,76.04,27.1,LED_OFF
14132.137300252914,76.02,28.2,LED_OFF
14136.700391292572,76.14,28.3,LED_OFF
14141.26323723793,75.9,28.8,LED_OFF
14145.826241493225,76.17,28.7,LED_OFF
14150.389011144638,76.09,28.0,LED_OFF
14154.952427148819,76.19,27.7,LED_OFF
14159.515029907227,76.34,27.0,LED_OFF
14164.07774567604,76.17,27.9,LED_OFF
14168.640716314316,75.8,28.3,LED_OFF
14173.203713655472,75.95,27.0,LED_OFF
14177.766604423523,76.17,28.4,LED_OFF
14182.329810380936,76.12,28.8,LED_OFF
14186.892696857452,76.21,27.5,LED_OFF
14191.455521821976,76.09,28.7,LED_OFF
14196.018729448318,76.0,28.7,LED_OFF
14200.581210136414,76.17,27.4,LED_OFF
14205.144398450851,76.19,27.6,LED_OFF
14209.707100391388,76.17,27.7,LED_OFF
14214.269996404648,76.0,28.2,LED_OFF
14218.833088159561,76.17,27.6,LED_OFF
14223.396077156067,75.43,28.6,LED_OFF
14227.95915555954,76.19,27.8,LED_OFF
14232.521952152252,75.92,27.9,LED_OFF
14237.085096359253,75.92,27.2,LED_OFF
14241.64781832695,75.41,27.4,LED_OFF
14246.210680961609,75.7,27.5,LED_OFF
14250.773916244507,75.8,27.1,LED_OFF
14255.336624383926,75.9,28.6,LED_OFF
14259.899677276611,75.97,27.5,LED_OFF
14264.462270736694,75.97,28.7,LED_OFF
14269.02521109581,75.9,28.2,LED_OFF
14273.588431835175,75.95,27.0,LED_OFF
14278.151514291763,75.75,28.5,LED_OFF
14282.713965654373,75.85,28.9,LED_OFF
14287.276970624924,75.63,28.2,LED_OFF
14291.840184688568,75.82,28.3,LED_OFF
14300.966328144073,75.85,28.8,LED_OFF
14305.528722763062,76.02,27.5,LED_OFF
14310.09181022644,74.65,28.0,LED_OFF
14314.65453004837,75.85,27.0,LED_OFF
14319.217939853668,75.9,28.9,LED_OFF
14323.78062415123,76.19,27.1,LED_OFF
14328.343345403671,76.95,27.3,LED_OFF
14332.906433105469,76.04,28.9,LED_OFF
14337.469263076782,75.38,27.2,LED_OFF
14342.032216072083,75.6,28.3,LED_OFF
14346.595119714737,74.75,28.0,LED_OFF
14351.157962560654,75.95,28.9,LED_OFF
14355.720938205719,75.8,27.1,LED_OFF
14360.283875703812,75.6,28.9,LED_OFF
14364.846910953522,75.82,27.3,LED_OFF
14369.409833908081,76.0,27.3,LED_OFF
14373.972640514374,75.7,27.3,LED_OFF
14378.535559415817,76.09,28.2,LED_OFF
14383.098643541336,74.24,28.0,LED_OFF
14387.661915302277,75.95,27.8,LED_OFF
14392.224639415741,76.14,28.8,LED_OFF
14396.787387132645,75.9,27.5,LED_OFF
14401.350505113602,76.09,28.3,LED_OFF
14405.913271665573,75.41,27.0,LED_OFF
14410.476386785507,75.46,28.0,LED_OFF
14415.039011478424,75.92,28.3,LED_OFF
14419.60208272934,75.21,27.5,LED_OFF
14424.165241718292,76.17,28.6,LED_OFF
14428.729806184769,76.21,27.0,LED_OFF
14433.290840387344,76.02,27.1,LED_OFF
14437.8537774086,76.48,27.3,LED_OFF
14442.416676282883,76.07,27.3,LED_OFF
14446.979891777039,75.92,28.8,LED_OFF
14451.542613267899,76.12,28.0,LED_OFF
14456.105701684952,76.04,28.0,LED_OFF
14460.668635606766,76.12,28.0,LED_OFF
14465.231452941895,76.17,28.3,LED_OFF
14469.794864654541,75.95,27.8,LED_OFF
14474.357385396957,76.02,28.4,LED_OFF
14478.920189619064,76.12,28.3,LED_OFF
14483.482967376709,75.78,28.4,LED_OFF
14488.046339511871,76.09,28.7,LED_OFF
14492.609126091003,76.17,28.8,LED_OFF
14497.171767234802,76.21,27.5,LED_OFF
14501.734764814377,76.09,28.1,LED_OFF
14506.297874689102,75.92,28.7,LED_OFF
14510.860704898834,75.65,27.3,LED_OFF
14515.423625469208,76.24,27.1,LED_OFF
14519.98666191101,75.92,27.8,LED_OFF
14524.549657583237,75.85,27.5,LED_OFF
14529.11237668991,76.29,28.3,LED_OFF
14533.675372362137,76.09,28.6,LED_OFF
14538.238174200058,75.38,27.4,LED_OFF
14542.80141043663,76.51,27.5,LED_OFF
14547.364144325256,75.8,28.3,LED_OFF
14551.927266836166,75.75,28.0,LED_OFF
14556.48986029625,75.8,28.2,LED_OFF
14561.052934885025,75.56,28.7,LED_OFF
14565.615766048431,75.92,27.4,LED_OFF
14570.17897605896,75.9,28.0,LED_OFF
14574.741856336594,75.8,28.4,LED_OFF
14579.304913282394,75.8,27.5,LED_OFF
14583.867938041687,75.46,27.0,LED_OFF
14588.43042755127,75.92,27.9,LED_OFF
14592.993633508682,75.9,27.7,LED_OFF
14597.55641913414,76.09,28.1,LED_OFF
14602.119685649872,75.9,28.9,LED_OFF
14606.682267189026,75.85,27.5,LED_OFF
14611.245198249817,75.92,27.1,LED_OFF
14615.808350801468,75.92,28.8,LED_OFF
14620.371316432953,75.51,28.6,LED_OFF
14624.934071779251,75.31,28.1,LED_OFF
14629.497279167175,75.63,28.7,LED_OFF
14634.059844017029,75.31,28.4,LED_OFF
14638.622938632965,75.04,27.5,LED_OFF
14643.185749530792,75.02,27.6,LED_OFF
14647.749087572098,75.38,28.3,LED_OFF
14652.311460018158,74.55,28.9,LED_OFF
14656.875034570694,75.41,27.7,LED_OFF
14661.437661409378,75.38,27.4,LED_OFF
14666.000367879868,75.26,28.8,LED_OFF
14670.563310861588,75.73,27.5,LED_OFF
14675.126394987106,75.56,28.0,LED_OFF
14679.689422607422,76.0,27.4,LED_OFF
14684.252080202103,76.46,27.9,LED_OFF
14688.815241575241,76.21,27.2,LED_OFF
14693.378089666367,76.14,27.3,LED_OFF
14697.941161870956,76.14,28.3,LED_OFF
14702.504071235657,76.17,27.7,LED_OFF
14707.067044496536,76.34,27.2,LED_OFF
14711.62979388237,76.41,27.5,LED_OFF
14716.19261431694,76.29,27.1,LED_OFF
14720.75581741333,76.34,28.2,LED_OFF
14725.318882226944,76.31,28.6,LED_OFF
14729.881513118744,76.43,28.7,LED_OFF
14734.444631099701,76.48,28.1,LED_OFF
14739.007618427277,76.17,27.9,LED_OFF
14743.57042503357,76.39,28.7,LED_OFF
14748.133367061615,76.53,27.0,LED_OFF
14752.696292161942,76.48,27.1,LED_OFF
14757.258992910385,76.21,28.4,LED_OFF
14761.822269439697,76.78,28.0,LED_OFF
14766.385140895844,76.56,27.2,LED_OFF
14770.948105573654,76.41,28.6,LED_OFF
14775.510867595673,76.56,27.7,LED_OFF
14780.074035406113,77.39,28.0,LED_OFF
14784.636706113815,76.48,28.8,LED_OFF
14789.199650287628,77.0,27.0,LED_OFF
14793.762505054474,76.31,27.6,LED_OFF
14798.325445652008,76.43,27.0,LED_OFF
14802.88848400116,76.34,27.5,LED_OFF
14807.451267242432,76.61,28.2,LED_OFF
14812.01431775093,77.0,27.2,LED_OFF
14816.577127456665,76.31,27.5,LED_OFF
14821.14051771164,76.56,28.5,LED_OFF
14825.703011274338,76.43,28.5,LED_OFF
14830.266330003738,76.53,28.0,LED_OFF
14834.829261302948,76.51,28.4,LED_OFF
14839.391970396042,76.41,27.7,LED_OFF
14843.954788923264,76.58,27.1,LED_OFF
14848.517980575562,76.53,28.3,LED_OFF
14853.080759763718,76.7,27.9,LED_OFF
14857.64380288124,76.21,27.4,LED_OFF
14862.206768989563,76.56,27.6,LED_OFF
14866.769416093826,76.41,27.1,LED_OFF
14871.332605361938,76.7,27.3,LED_OFF
14875.895310401917,76.68,28.7,LED_OFF
14880.458171367645,76.51,27.2,LED_OFF
14885.021330833435,77.12,27.5,LED_OFF
14889.584317445755,76.53,27.8,LED_OFF
14894.14698266983,76.83,28.6,LED_OFF
14898.709872722626,76.78,27.3,LED_OFF
14903.272859573364,76.68,27.7,LED_OFF
14907.83600306511,76.34,28.8,LED_OFF
14912.398962497711,76.58,27.2,LED_OFF
14916.96180486679,75.82,27.7,LED_OFF
14921.524678230286,76.56,28.9,LED_OFF
14926.087585926056,76.95,28.9,LED_OFF
14930.650490522385,76.58,28.8,LED_OFF
14935.213624715805,76.56,28.2,LED_OFF
14939.776368618011,75.65,27.9,LED_OFF
14944.339714050293,73.36,28.9,LED_OFF
14948.902348995209,72.48,27.1,LED_OFF
14953.465149879456,72.7,28.6,LED_OFF
14958.028084278107,68.99,27.0,LED_OFF
14962.591012716293,72.82,28.0,LED_OFF
14967.153933286667,75.02,27.3,LED_OFF
14971.716877698898,74.75,27.7,LED_OFF
14976.279868841171,74.19,27.6,LED_OFF
14980.843050956726,74.48,28.3,LED_OFF
14985.406470537186,74.33,28.7,LED_OFF
14989.968985319138,74.6,28.3,LED_OFF
14994.531676769257,74.24,27.4,LED_OFF
14999.094674825668,74.46,27.6,LED_OFF
15003.657516002655,73.36,27.0,LED_OFF
15008.220378637314,73.65,27.9,LED_OFF
15012.783576488495,73.38,28.4,LED_OFF
15017.346549749374,73.82,27.5,LED_OFF
15021.90933251381,73.36,27.5,LED_OFF
15026.472272157669,73.41,27.8,LED_OFF
15031.035189151764,73.19,27.5,LED_OFF
15035.598256587982,74.58,28.8,LED_OFF
15040.160946846008,74.75,28.4,LED_OFF
15044.723779201508,74.63,28.7,LED_OFF
15049.287100553513,75.02,28.3,LED_OFF
15053.84983587265,74.68,28.5,LED_OFF
15058.412969589233,74.75,28.4,LED_OFF
15062.975528478622,74.65,28.1,LED_OFF
15067.538979291916,74.24,27.8,LED_OFF
15072.101467370987,74.26,27.5,LED_OFF
15076.664603233337,73.28,28.6,LED_OFF
15081.227328538895,73.28,27.2,LED_OFF
15085.790299415588,73.36,28.4,LED_OFF
15090.353140115738,73.19,27.3,LED_OFF
15094.91609621048,73.36,27.2,LED_OFF
15099.479157924652,73.46,28.6,LED_OFF
15104.042065143585,74.65,28.0,LED_OFF
15108.60480427742,75.43,27.0,LED_OFF
15113.167791604996,74.36,28.4,LED_OFF
15117.731039047241,71.48,27.8,LED_OFF
15122.293834924698,72.23,28.0,LED_OFF
15126.856746673584,72.26,27.2,LED_OFF
15131.419591903687,71.53,28.8,LED_OFF
15135.982579231262,72.31,28.8,LED_OFF
15140.54561471939,72.23,28.3,LED_OFF
15145.10851097107,72.23,28.9,LED_OFF
15149.671465396881,73.53,28.1,LED_OFF
15154.234459638596,74.29,27.9,LED_OFF
15158.797342061996,74.53,28.5,LED_OFF
15163.36027097702,74.36,27.1,LED_OFF
15167.923102140427,74.43,28.1,LED_OFF
15172.486023426056,74.58,27.6,LED_OFF
15177.048882246017,74.53,28.2,LED_OFF
15181.611872434616,74.19,27.8,LED_OFF
15186.174982070923,74.21,27.5,LED_OFF
15190.737661123276,74.58,27.1,LED_OFF
15195.300781488419,74.26,28.8,LED_OFF
15199.863816976547,74.26,28.1,LED_OFF
15204.426634311676,74.6,28.9,LED_OFF
15208.989705562592,74.21,28.7,LED_OFF
15213.552573680878,74.29,27.5,LED_OFF
15218.11560869217,73.55,27.0,LED_OFF
15222.678318738937,73.68,28.1,LED_OFF
15227.241125583649,74.04,27.9,LED_OFF
15231.804324150085,73.82,27.7,LED_OFF
15236.36724805832,73.87,27.6,LED_OFF
15240.930205821991,73.97,27.0,LED_OFF
15245.492916107178,74.24,28.0,LED_OFF
15250.05586194992,73.8,28.2,LED_OFF
15254.618846654892,70.53,27.9,LED_OFF
15259.181940793991,72.53,28.9,LED_OFF
15263.74512887001,72.14,27.7,LED_OFF
15268.307790517807,72.41,27.9,LED_OFF
15272.870708465576,70.72,27.1,LED_OFF
15277.433472394943,73.26,27.3,LED_OFF
15281.996680736542,73.43,27.2,LED_OFF
15286.559367895126,73.36,27.1,LED_OFF
15291.12251996994,73.26,28.1,LED_OFF
15295.685549736023,73.53,27.2,LED_OFF
15300.248243570328,73.58,27.7,LED_OFF
15304.811368703842,73.11,27.8,LED_OFF
15309.374128818512,73.04,27.2,LED_OFF
15313.93693113327,72.48,27.1,LED_OFF
15318.499917507172,72.26,27.4,LED_OFF
15323.06321644783,71.84,27.8,LED_OFF
15327.62588095665,71.48,28.3,LED_OFF
15332.188639879227,73.58,27.4,LED_OFF
15336.751670837402,74.55,27.1,LED_OFF
15341.314551830292,75.02,27.5,LED_OFF
15345.877454280853,75.02,28.3,LED_OFF
15350.44058585167,74.19,28.9,LED_OFF
15355.003445625305,74.68,27.4,LED_OFF
15359.56654548645,74.73,28.3,LED_OFF
15364.129477024078,74.63,28.8,LED_OFF
15368.6925303936,74.65,28.4,LED_OFF
15373.255143642426,74.82,28.0,LED_OFF
15377.817969560623,74.7,27.0,LED_OFF
15382.380984783173,74.65,27.9,LED_OFF
15386.944032430649,74.65,27.7,LED_OFF
15391.506966114044,74.53,28.7,LED_OFF
15396.069716215134,74.6,27.7,LED_OFF
15400.632600069046,74.53,28.0,LED_OFF
15405.195580244064,74.55,28.7,LED_OFF
15409.75846004486,74.6,27.8,LED_OFF
15414.32182264328,75.51,28.7,LED_OFF
15418.884487628937,74.75,28.3,LED_OFF
15423.44736623764,74.51,28.1,LED_OFF
15428.010437488556,74.33,28.7,LED_OFF
15432.573358774185,74.6,27.8,LED_OFF
15437.136174440384,74.6,27.5,LED_OFF
15441.699318408966,74.58,27.4,LED_OFF
15446.262150287628,74.63,28.8,LED_OFF
15450.824895620346,74.77,27.4,LED_OFF
15455.387978076935,75.12,27.2,LED_OFF
15459.951018571854,74.65,28.4,LED_OFF
15464.513905763626,74.63,27.1,LED_OFF
15469.076851844788,74.82,28.4,LED_OFF
15473.63962340355,74.36,28.0,LED_OFF
15478.202722787857,75.02,28.1,LED_OFF
15482.765807628632,74.63,28.8,LED_OFF
15487.32867860794,74.53,28.3,LED_OFF
15491.891331911087,74.73,27.0,LED_OFF
15496.454547405243,74.63,28.0,LED_OFF
15501.017216205597,75.02,27.6,LED_OFF
15505.580220222473,74.68,28.7,LED_OFF
15510.143408536911,74.77,28.9,LED_OFF
15514.706278800964,75.51,27.4,LED_OFF
15519.269173383713,75.02,28.8,LED_OFF
15523.83298587799,75.09,28.1,LED_OFF
15528.395184993744,74.58,27.5,LED_OFF
15532.957768440247,75.07,27.2,LED_OFF
15537.520664215088,75.04,28.0,LED_OFF
15542.0836353302,75.26,27.8,LED_OFF
15546.646486282349,74.65,28.4,LED_OFF
15551.209399461746,75.02,28.4,LED_OFF
15555.772339344025,75.02,28.9,LED_OFF
15560.335232257843,74.7,27.8,LED_OFF
15564.898256540298,74.7,27.2,LED_OFF
15569.461545228958,74.77,27.8,LED_OFF
15574.024420261383,75.31,27.2,LED_OFF
15578.586985111237,74.77,28.2,LED_OFF
15583.149960756302,74.73,27.5,LED_OFF
15587.712802171707,74.6,27.6,LED_OFF
15592.276344776154,74.68,27.8,LED_OFF
15596.838816642761,75.31,28.5,LED_OFF
15601.40160536766,75.02,27.9,LED_OFF
15605.96475982666,74.58,28.9,LED_OFF
15610.527878761292,74.55,28.8,LED_OFF
15615.090408563614,75.12,28.8,LED_OFF
15619.653544425964,73.87,27.9,LED_OFF
15624.21668124199,75.14,28.9,LED_OFF
15628.779516220093,74.73,27.1,LED_OFF
15633.342210292816,75.8,28.2,LED_OFF
15637.905175447464,73.72,27.3,LED_OFF
15642.468002796173,74.63,27.0,LED_OFF
15647.031162977219,74.6,27.0,LED_OFF
15651.594242334366,74.6,28.7,LED_OFF
15656.157068490982,74.53,27.4,LED_OFF
15660.719832658768,74.46,28.4,LED_OFF
15665.283001422882,74.07,27.3,LED_OFF
15669.845724582672,74.21,28.3,LED_OFF
15674.408520460129,75.02,28.9,LED_OFF
15678.971707105637,74.55,28.6,LED_OFF
15683.534460067749,74.75,28.0,LED_OFF
15688.097452878952,74.55,28.7,LED_OFF
15692.66064453125,74.6,28.0,LED_OFF
15697.223438501358,74.33,28.1,LED_OFF
15701.786112070084,74.63,28.3,LED_OFF
15706.349197626114,74.6,27.6,LED_OFF
15710.912010908127,74.46,28.9,LED_OFF
15715.47525191307,74.36,28.3,LED_OFF
15720.03795003891,74.58,27.7,LED_OFF
15724.601489782333,74.6,27.7,LED_OFF
15729.16379237175,73.99,27.8,LED_OFF
15733.727201461792,74.29,28.1,LED_OFF
15738.289524555206,74.16,27.2,LED_OFF
15742.852490186691,74.19,28.4,LED_OFF
15747.415528774261,73.82,28.5,LED_OFF
15751.97864818573,73.6,27.5,LED_OFF
15756.541546583176,73.11,28.5,LED_OFF
15761.104545593262,73.58,27.5,LED_OFF
15765.667283535004,73.41,28.9,LED_OFF
15770.230266094208,73.41,27.8,LED_OFF
15774.79309129715,73.41,27.5,LED_OFF
15779.356205701828,73.48,27.8,LED_OFF
15783.919023275375,73.28,28.4,LED_OFF
15788.481883525848,73.02,28.3,LED_OFF
15793.044850349426,73.36,27.2,LED_OFF
15797.607744455338,72.77,27.2,LED_OFF
15802.170988559723,73.46,28.5,LED_OFF
15806.733576774597,73.43,28.8,LED_OFF
15811.29659819603,73.43,27.6,LED_OFF
15815.859429597855,74.53,27.1,LED_OFF
15820.42234659195,73.8,28.7,LED_OFF
15824.985420942307,73.99,27.9,LED_OFF
15829.548213481903,73.77,27.8,LED_OFF
15834.111330509186,73.8,28.4,LED_OFF
15838.674468755722,73.85,27.3,LED_OFF
15843.237108707428,73.87,28.0,LED_OFF
15847.8004322052,74.36,28.5,LED_OFF
15852.362999916077,74.46,28.0,LED_OFF
15856.926442146301,74.43,28.8,LED_OFF
15861.488721370697,74.58,28.7,LED_OFF
15866.052110671997,74.6,28.9,LED_OFF
15870.61471581459,74.75,27.4,LED_OFF
15875.177735090256,74.6,28.8,LED_OFF
15879.740539312363,74.65,27.3,LED_OFF
15884.303387880325,75.02,28.0,LED_OFF
15888.86648440361,74.75,28.6,LED_OFF
15893.429504871368,74.48,28.4,LED_OFF
15897.99290728569,75.16,28.4,LED_OFF
15902.555402994156,75.04,27.6,LED_OFF
15907.118086338043,75.36,27.2,LED_OFF
15911.68103313446,75.36,28.0,LED_OFF
15916.243899345398,75.14,27.8,LED_OFF
15920.807229280472,75.04,28.0,LED_OFF
15925.369909763336,74.14,27.9,LED_OFF
15929.932903051376,75.04,27.3,LED_OFF
15934.49571299553,75.02,27.8,LED_OFF
15939.058702230453,74.6,27.6,LED_OFF
15943.621529340744,74.75,27.0,LED_OFF
15948.184662342072,75.02,28.5,LED_OFF
15952.747430086136,75.16,28.1,LED_OFF
15957.310578107834,75.02,28.1,LED_OFF
15961.873491287231,75.16,27.1,LED_OFF
15966.43625831604,75.24,28.0,LED_OFF
15970.99929523468,75.46,27.1,LED_OFF
15975.56214094162,75.02,28.8,LED_OFF
15980.124967336655,75.02,28.0,LED_OFF
15984.688135385513,75.26,28.2,LED_OFF
15989.25091099739,75.24,28.5,LED_OFF
15993.813794136047,74.73,27.0,LED_OFF
15998.37671470642,75.04,28.2,LED_OFF
16002.939675331116,74.75,27.7,LED_OFF
16007.502727270126,75.36,27.0,LED_OFF
16012.065578460693,75.41,28.4,LED_OFF
16016.628695726395,75.02,27.8,LED_OFF
16021.19134569168,75.26,28.2,LED_OFF
16025.754628419876,74.51,28.9,LED_OFF
16030.317420482635,75.02,27.6,LED_OFF
16034.880361795425,74.6,27.0,LED_OFF
16039.44303226471,75.14,27.8,LED_OFF
16044.005935668945,74.43,28.5,LED_OFF
16048.568923711777,73.82,27.8,LED_OFF
16053.131834983826,75.51,27.3,LED_OFF
16057.69519662857,75.34,28.6,LED_OFF
16062.258684873581,75.24,27.8,LED_OFF
16066.820610523224,75.41,28.5,LED_OFF
16071.383482456207,75.29,28.4,LED_OFF
16075.946763038635,75.26,27.8,LED_OFF
16080.509750366211,75.02,27.4,LED_OFF
16085.072665214539,75.07,28.0,LED_OFF
16089.635288476944,75.14,27.6,LED_OFF
16094.198671340942,74.6,27.3,LED_OFF
16098.761525392532,74.53,27.8,LED_OFF
16103.324339151382,74.53,27.0,LED_OFF
16107.887558221817,74.14,27.1,LED_OFF
16112.450387001038,74.14,27.8,LED_OFF
16117.012918233871,73.7,28.8,LED_OFF
16121.575747966766,73.89,27.0,LED_OFF
16126.139083385468,73.58,27.0,LED_OFF
16130.701759576797,73.85,27.0,LED_OFF
16135.264763116837,73.85,28.8,LED_OFF
16139.827507257462,73.75,28.5,LED_OFF
16144.390649795532,73.87,27.8,LED_OFF
16148.953554153442,73.65,28.3,LED_OFF
16153.516962528229,74.21,27.4,LED_OFF
16158.079398870468,73.68,27.3,LED_OFF
16162.642388105392,73.94,27.1,LED_OFF
16167.205240726471,73.77,27.4,LED_OFF
16171.76813530922,74.6,27.3,LED_OFF
16176.331207752228,73.85,28.1,LED_OFF
16180.89426112175,73.87,27.5,LED_OFF
16185.45705151558,73.77,27.8,LED_OFF
16190.019835710526,74.38,27.0,LED_OFF
16194.583185911179,74.07,27.2,LED_OFF
16199.145719528198,73.82,27.9,LED_OFF
16203.708549499512,73.55,28.2,LED_OFF
16208.271634101868,74.09,27.5,LED_OFF
16212.834355354309,74.26,28.6,LED_OFF
16217.397553682327,73.82,27.7,LED_OFF
16221.960391283035,73.94,28.7,LED_OFF
16226.523263454437,73.89,28.9,LED_OFF
16231.086258888245,75.53,27.6,LED_OFF
16235.649566173553,74.14,27.0,LED_OFF
16240.212054729462,74.16,27.2,LED_OFF
16244.774901390076,73.94,27.9,LED_OFF
16249.338057041168,71.94,27.4,LED_OFF
16253.900753974915,74.75,28.5,LED_OFF
16258.464010000229,74.46,28.9,LED_OFF
16263.02683019638,74.19,27.6,LED_OFF
16267.589770555496,74.19,27.9,LED_OFF
16272.15258860588,74.36,28.8,LED_OFF
16276.715994596481,74.07,28.7,LED_OFF
16281.27834892273,74.11,28.0,LED_OFF
16285.841538190842,74.16,28.4,LED_OFF
16290.40427851677,73.82,28.9,LED_OFF
16294.967484235764,74.24,28.0,LED_OFF
16299.530370235443,73.94,27.8,LED_OFF
16304.093312501907,73.99,27.2,LED_OFF
16308.656408309937,74.09,27.4,LED_OFF
16313.21901345253,74.46,28.5,LED_OFF
16317.782370567322,74.53,28.7,LED_OFF
16322.34475016594,74.48,28.5,LED_OFF
16326.907680511475,74.6,28.2,LED_OFF
16331.470745325089,74.63,27.0,LED_OFF
16336.033612012863,75.04,27.4,LED_OFF
16340.596466302872,75.6,28.7,LED_OFF
16345.15939950943,75.31,28.9,LED_OFF
16349.722375154495,75.56,27.9,LED_OFF
16354.28529548645,75.38,28.3,LED_OFF
16358.848239183426,75.34,27.9,LED_OFF
16363.41115450859,75.46,27.1,LED_OFF
16367.974341392517,75.34,28.2,LED_OFF
16372.53728556633,75.36,27.2,LED_OFF
16377.100269317627,75.38,28.1,LED_OFF
16381.662907600403,75.48,27.0,LED_OFF
16386.2257540226,75.34,28.2,LED_OFF
16390.789084672928,75.21,28.8,LED_OFF
16395.351675987244,75.31,28.5,LED_OFF
16399.91468667984,76.0,28.4,LED_OFF
16404.477605104446,75.85,27.6,LED_OFF
16409.040915727615,76.09,28.7,LED_OFF
16413.603548765182,76.12,27.7,LED_OFF
16418.166305303574,76.26,28.1,LED_OFF
16422.72933268547,76.0,27.2,LED_OFF
16427.292170524597,76.12,28.6,LED_OFF
16431.855343341827,76.04,27.1,LED_OFF
16436.41848397255,76.51,27.4,LED_OFF
16440.981090784073,76.17,27.5,LED_OFF
16445.544106006622,76.12,28.4,LED_OFF
16450.106938123703,76.14,28.2,LED_OFF
16454.669848918915,76.0,28.4,LED_OFF
16459.232841968536,76.17,27.1,LED_OFF
16463.795711517334,76.04,27.6,LED_OFF
16468.358700990677,75.56,27.5,LED_OFF
16472.921502828598,74.82,27.1,LED_OFF
16477.484405994415,75.51,28.8,LED_OFF
16482.047567605972,75.51,27.3,LED_OFF
16486.610390901566,75.31,28.1,LED_OFF
16491.173321962357,75.31,28.6,LED_OFF
16495.73624444008,75.43,27.4,LED_OFF
16500.299231290817,75.43,27.9,LED_OFF
16504.862222909927,75.43,28.6,LED_OFF
16509.425028324127,75.53,28.3,LED_OFF
16513.988075971603,75.29,28.0,LED_OFF
16518.550949573517,75.31,28.4,LED_OFF
16523.113874912262,75.7,28.1,LED_OFF
16527.676822662354,74.6,27.0,LED_OFF
16532.23975253105,75.48,27.6,LED_OFF
16536.802542209625,75.38,27.3,LED_OFF
16541.36547112465,75.19,27.2,LED_OFF
16545.928464651108,75.58,27.7,LED_OFF
16550.491312503815,75.16,28.9,LED_OFF
16555.054587841034,75.16,27.7,LED_OFF
16559.617390155792,75.75,27.7,LED_OFF
16564.180218935013,75.73,27.5,LED_OFF
16568.743052005768,75.78,28.0,LED_OFF
16573.30619931221,75.6,27.2,LED_OFF
16577.869083881378,75.75,27.8,LED_OFF
16582.43201828003,75.43,27.8,LED_OFF
16586.995182275772,75.56,27.4,LED_OFF
16591.557931661606,75.36,28.5,LED_OFF
16596.1206035614,75.65,27.3,LED_OFF
16600.6836309433,75.51,27.1,LED_OFF
16605.246429681778,75.38,27.4,LED_OFF
16609.809681653976,76.9,27.8,LED_OFF
16614.372369766235,75.41,28.8,LED_OFF
16618.935436964035,75.65,28.8,LED_OFF
16623.498171567917,74.82,27.3,LED_OFF
16628.06126689911,74.77,28.9,LED_OFF
16632.624084711075,75.02,28.5,LED_OFF
16637.187159061432,75.02,28.1,LED_OFF
16641.749942541122,74.68,27.5,LED_OFF
16646.31281042099,75.04,28.1,LED_OFF
16650.8761408329,75.02,28.2,LED_OFF
16655.438981056213,75.29,27.4,LED_OFF
16660.001734495163,75.02,28.5,LED_OFF
16664.56458878517,75.02,28.9,LED_OFF
16669.127598524094,74.6,28.3,LED_OFF
16673.690464496613,74.75,28.4,LED_OFF
16678.253505945206,75.24,27.4,LED_OFF
16682.816385030746,75.12,28.2,LED_OFF
16687.379529953003,74.6,27.6,LED_OFF
16691.942194461823,74.77,27.1,LED_OFF
16696.505693674088,74.33,28.4,LED_OFF
16701.067978858948,74.46,28.2,LED_OFF
16705.630972146988,74.29,28.5,LED_OFF
16710.194434404373,74.46,27.2,LED_OFF
16714.756905078888,74.53,28.1,LED_OFF
16719.319804668427,74.33,28.1,LED_OFF
16723.882957220078,74.19,28.1,LED_OFF
16728.445774316788,74.33,27.6,LED_OFF
16733.00849366188,74.6,27.6,LED_OFF
16737.571878671646,74.21,28.6,LED_OFF
16742.134617328644,74.26,27.7,LED_OFF
16746.697545528412,73.65,27.7,LED_OFF
16751.26030445099,73.89,28.5,LED_OFF
16755.823343515396,73.77,28.5,LED_OFF
16760.38609623909,74.21,27.3,LED_OFF
16764.949320077896,73.82,28.3,LED_OFF
16769.512190580368,74.16,28.7,LED_OFF
16774.074954986572,73.5,28.7,LED_OFF
16778.638262987137,73.7,27.8,LED_OFF
16783.200879096985,73.94,28.6,LED_OFF
16787.763991355896,73.16,27.6,LED_OFF
16792.326687812805,72.92,27.4,LED_OFF
16796.889878749847,73.11,28.2,LED_OFF
16801.45288491249,72.97,28.6,LED_OFF
16806.015371084213,72.77,28.0,LED_OFF
16810.578444242477,72.72,27.2,LED_OFF
16815.14155602455,71.87,27.3,LED_OFF
16819.704565048218,72.26,27.8,LED_OFF
16824.267065763474,72.97,27.7,LED_OFF
16828.830214977264,72.38,27.8,LED_OFF
16833.393169403076,72.43,27.9,LED_OFF
16837.956159591675,72.67,27.5,LED_OFF
16842.518836975098,72.33,28.6,LED_OFF
16847.08199262619,72.72,28.5,LED_OFF
16851.64478302002,72.31,27.9,LED_OFF
16856.20771074295,72.87,27.8,LED_OFF
16860.770610570908,72.48,27.6,LED_OFF
16865.333525180817,72.72,28.3,LED_OFF
16869.896492004395,72.67,28.9,LED_OFF
16874.459706783295,72.53,27.9,LED_OFF
16879.02250146866,72.72,27.4,LED_OFF
16883.5854845047,73.04,28.2,LED_OFF
16888.148116111755,72.87,28.4,LED_OFF
16892.711041927338,72.75,28.5,LED_OFF
16897.274046182632,72.63,28.0,LED_OFF
16901.83685207367,72.63,28.2,LED_OFF
16906.39995098114,72.8,27.7,LED_OFF
16910.963008880615,72.82,28.0,LED_OFF
16915.52578163147,72.63,27.9,LED_OFF
16920.088914632797,72.77,28.4,LED_OFF
16924.651606798172,73.11,28.6,LED_OFF
16929.214718818665,73.02,27.9,LED_OFF
16933.777757406235,72.87,27.6,LED_OFF
16938.340480327606,73.04,27.3,LED_OFF
16942.90346980095,73.04,27.8,LED_OFF
16947.466604709625,73.02,28.1,LED_OFF
16952.02933740616,73.26,27.0,LED_OFF
16956.592255353928,73.14,27.9,LED_OFF
16961.155208826065,73.43,28.2,LED_OFF
16965.718248844147,72.75,28.1,LED_OFF
16970.28112578392,73.65,28.3,LED_OFF
16974.844168186188,73.8,27.3,LED_OFF
16979.406874895096,73.82,27.4,LED_OFF
16983.969825029373,73.82,28.7,LED_OFF
16988.532654047012,74.19,28.2,LED_OFF
16993.095647335052,74.16,27.2,LED_OFF
16997.65844798088,73.89,27.7,LED_OFF
17002.221493005753,74.11,28.3,LED_OFF
17006.784413576126,74.11,27.5,LED_OFF
17011.34754037857,74.19,27.5,LED_OFF
17015.91049170494,74.16,28.2,LED_OFF
17020.47335600853,74.11,27.5,LED_OFF
17025.03602194786,74.24,27.8,LED_OFF
17029.59902215004,74.21,28.4,LED_OFF
17034.162011384964,74.21,27.7,LED_OFF
17038.724819898605,74.14,28.6,LED_OFF
17043.287984609604,74.07,28.5,LED_OFF
17047.85110926628,74.24,27.5,LED_OFF
17052.41372680664,74.04,27.6,LED_OFF
17056.97656226158,74.14,27.8,LED_OFF
17061.539683818817,74.16,28.2,LED_OFF
17066.103644371033,74.26,27.0,LED_OFF
17070.6667907238,74.19,28.7,LED_OFF
17075.228573322296,73.5,28.0,LED_OFF
17079.791898489,74.21,28.8,LED_OFF
17084.35417532921,74.21,28.9,LED_OFF
17088.91755247116,74.31,28.9,LED_OFF
17093.479996919632,74.24,28.1,LED_OFF
17098.043261766434,75.02,28.3,LED_OFF
17102.606011867523,73.99,28.0,LED_OFF
17107.168904304504,74.33,28.4,LED_OFF
17111.7317340374,73.85,28.1,LED_OFF
17116.294938087463,73.99,27.3,LED_OFF
17120.857564926147,74.04,28.0,LED_OFF
17125.4206264019,74.09,28.1,LED_OFF
17129.983533143997,74.19,27.3,LED_OFF
17134.546483516693,74.16,27.9,LED_OFF
17139.109389781952,73.87,27.5,LED_OFF
17143.67244076729,74.36,27.1,LED_OFF
17148.235201358795,74.09,27.0,LED_OFF
17152.79826760292,73.94,27.9,LED_OFF
17157.361352920532,73.99,27.6,LED_OFF
17161.924392461777,74.09,28.4,LED_OFF
17166.487277030945,74.04,27.4,LED_OFF
17171.050139904022,73.75,27.9,LED_OFF
17175.612809419632,73.85,27.2,LED_OFF
17180.175768375397,73.92,27.8,LED_OFF
17184.73876619339,73.97,28.0,LED_OFF
17189.301563739777,73.77,28.4,LED_OFF
17193.864620685577,74.09,28.7,LED_OFF
17198.427890777588,73.82,28.1,LED_OFF
17202.990473270416,73.85,28.5,LED_OFF
17207.553427934647,73.87,28.9,LED_OFF
17212.116285324097,74.16,28.3,LED_OFF
17216.679183483124,74.04,28.9,LED_OFF
17221.242322683334,74.09,28.9,LED_OFF
17225.80507516861,73.43,28.5,LED_OFF
17230.368324518204,74.09,27.6,LED_OFF
17234.930854797363,74.16,27.6,LED_OFF
17239.494168519974,74.6,28.9,LED_OFF
17244.056920528412,74.43,27.3,LED_OFF
17248.619695425034,73.97,27.6,LED_OFF
17253.182650327682,74.07,27.6,LED_OFF
17257.745536327362,75.02,28.2,LED_OFF
17262.308497428894,74.43,28.3,LED_OFF
17266.871406793594,73.97,27.4,LED_OFF
17271.434470653534,74.6,27.9,LED_OFF
17275.99754333496,75.02,27.3,LED_OFF
17280.56037902832,73.92,27.1,LED_OFF
17285.12322497368,74.33,28.4,LED_OFF
17289.68613386154,74.26,28.2,LED_OFF
17294.249117136,74.48,27.7,LED_OFF
17298.811953306198,74.33,28.7,LED_OFF
17303.375199317932,74.07,28.9,LED_OFF
17307.937824487686,74.36,27.8,LED_OFF
17312.50084090233,74.43,27.9,LED_OFF
17317.063643455505,74.6,27.3,LED_OFF
17321.626634836197,74.36,27.0,LED_OFF
17326.18994784355,74.33,27.9,LED_OFF
17330.752344846725,75.38,27.3,LED_OFF
17335.315383672714,73.8,28.2,LED_OFF
17339.878457307816,75.07,27.5,LED_OFF
17349.004636764526,73.89,27.2,LED_OFF
17353.567250967026,74.04,27.1,LED_OFF
17358.130154132843,74.19,27.2,LED_OFF
17362.693584918976,74.24,28.1,LED_OFF
17367.256224155426,74.43,27.4,LED_OFF
17371.818994522095,74.41,28.2,LED_OFF
17376.38188648224,74.24,27.7,LED_OFF
17380.944832086563,73.82,28.9,LED_OFF
17385.507660150528,74.43,27.0,LED_OFF
17390.071315050125,73.82,27.3,LED_OFF
17394.633391857147,73.94,28.3,LED_OFF
17399.196501731873,74.36,28.3,LED_OFF
17403.75994992256,74.09,27.4,LED_OFF
17408.32232427597,73.82,27.6,LED_OFF
17412.885251760483,74.04,27.5,LED_OFF
17417.448033094406,74.09,28.7,LED_OFF
17422.011407613754,73.97,28.2,LED_OFF
17426.573944330215,73.97,27.3,LED_OFF
17431.137162923813,74.04,28.2,LED_OFF
17435.70008134842,74.36,28.7,LED_OFF
17440.263209342957,74.14,28.0,LED_OFF
17444.825839042664,74.51,28.3,LED_OFF
17449.388894319534,73.75,28.4,LED_OFF
17453.951511144638,74.09,27.6,LED_OFF
17458.514446496964,73.65,28.1,LED_OFF
17463.077649593353,74.63,27.6,LED_OFF
17467.64062523842,74.14,27.6,LED_OFF
17472.203273534775,74.04,27.8,LED_OFF
17476.766296863556,74.02,27.9,LED_OFF
17481.32920241356,73.92,28.0,LED_OFF
17485.89227747917,73.82,28.6,LED_OFF
17490.4551589489,73.97,28.4,LED_OFF
17495.017985343933,74.04,27.9,LED_OFF
17499.58089876175,74.14,27.2,LED_OFF
17504.14390683174,73.87,28.3,LED_OFF
17508.70683670044,73.82,27.1,LED_OFF
17513.269954442978,74.04,27.5,LED_OFF
17517.832570314407,74.14,28.1,LED_OFF
17522.395752429962,74.29,27.5,LED_OFF
17526.958737134933,74.11,27.4,LED_OFF
17531.52139568329,75.09,28.7,LED_OFF
17536.084379196167,74.04,28.8,LED_OFF
17540.647309303284,74.26,27.3,LED_OFF
17545.210198879242,74.21,27.6,LED_OFF
17549.773287057877,76.04,28.3,LED_OFF
17554.336260795593,74.33,28.1,LED_OFF
17558.89907503128,73.85,27.2,LED_OFF
17563.461880922318,74.16,28.5,LED_OFF
17568.02472090721,74.11,28.8,LED_OFF
17572.588142871857,73.75,28.3,LED_OFF
17577.150854349136,74.16,28.4,LED_OFF
17581.713761806488,74.19,27.0,LED_OFF
17586.27669596672,74.24,27.0,LED_OFF
17590.84003305435,74.09,28.9,LED_OFF
17595.40231370926,74.21,28.7,LED_OFF
17599.965809106827,74.21,27.6,LED_OFF
17604.52849650383,74.11,28.8,LED_OFF
17609.0912194252,74.33,28.3,LED_OFF
17613.65416407585,74.26,27.6,LED_OFF
17618.217304229736,74.26,28.9,LED_OFF
17622.78051996231,74.16,28.4,LED_OFF
17627.34330677986,74.19,28.3,LED_OFF
17631.906029224396,74.24,27.4,LED_OFF
17636.46897983551,74.24,28.1,LED_OFF
17641.031900405884,74.21,28.4,LED_OFF
17645.594886302948,74.24,28.9,LED_OFF
17650.15775489807,73.82,27.6,LED_OFF
17654.720556497574,74.16,28.0,LED_OFF
17659.283758878708,74.19,27.7,LED_OFF
17663.846819639206,74.14,27.7,LED_OFF
17668.409335374832,74.16,27.8,LED_OFF
17672.972192525864,74.19,28.2,LED_OFF
17677.535148382187,74.19,28.2,LED_OFF
17682.09840607643,74.36,27.6,LED_OFF
17686.661331653595,73.97,28.4,LED_OFF
17691.224166870117,74.31,27.6,LED_OFF
17695.787420511246,73.92,28.6,LED_OFF
17700.35013270378,74.21,28.4,LED_OFF
17704.912982940674,75.29,27.4,LED_OFF
17709.475873947144,73.99,28.1,LED_OFF
17714.038646697998,73.8,27.3,LED_OFF
17718.60155582428,73.82,27.3,LED_OFF
17723.164587020874,74.19,27.4,LED_OFF
17727.727549791336,74.04,27.6,LED_OFF
17732.290419340134,74.14,28.3,LED_OFF
17736.85333967209,74.29,28.6,LED_OFF
17741.416593313217,74.16,28.2,LED_OFF
17745.97942996025,74.16,28.3,LED_OFF
17750.542294979095,74.19,28.1,LED_OFF
17755.105034589767,74.04,27.5,LED_OFF
17759.66811299324,74.16,27.9,LED_OFF
17764.230729579926,74.38,28.3,LED_OFF
17768.793874502182,74.14,27.7,LED_OFF
17773.3570895195,74.26,28.4,LED_OFF
17777.91987466812,74.07,28.3,LED_OFF
17782.482980966568,74.26,28.5,LED_OFF
17787.04559636116,74.21,28.4,LED_OFF
17791.608741521835,74.14,27.2,LED_OFF
17796.17139339447,74.26,27.2,LED_OFF
17800.734400510788,73.8,27.7,LED_OFF
17805.297365903854,74.6,28.6,LED_OFF
17809.860431432724,75.85,27.1,LED_OFF
17814.423191547394,73.68,27.4,LED_OFF
17818.986028432846,73.94,28.3,LED_OFF
17823.549467086792,74.33,28.8,LED_OFF
17828.111982584,74.24,27.3,LED_OFF
17832.675100564957,73.77,27.6,LED_OFF
17837.237818717957,74.09,27.3,LED_OFF
17841.801517486572,74.21,28.5,LED_OFF
17846.363832712173,74.31,27.3,LED_OFF
17850.92694592476,74.14,28.9,LED_OFF
17855.48945403099,73.82,27.6,LED_OFF
17860.05264878273,74.09,27.8,LED_OFF
17864.615825891495,74.14,27.8,LED_OFF
17869.178288459778,74.09,28.1,LED_OFF
17873.741434574127,74.29,27.3,LED_OFF
17878.304127693176,74.09,28.7,LED_OFF
17882.867330789566,74.48,27.4,LED_OFF
17887.430235147476,74.26,27.9,LED_OFF
17891.99308848381,73.77,28.9,LED_OFF
17896.555916309357,74.48,27.1,LED_OFF
17901.119116783142,74.36,27.3,LED_OFF
17905.682211637497,74.21,28.7,LED_OFF
17910.2449259758,74.24,27.7,LED_OFF
17914.807561159134,74.38,28.1,LED_OFF
17919.370445728302,74.16,27.5,LED_OFF
17923.93340754509,74.58,27.1,LED_OFF
17928.496331453323,75.24,27.1,LED_OFF
17933.059355020523,74.24,28.1,LED_OFF
17937.622463703156,74.75,27.7,LED_OFF
17942.18541741371,74.6,28.3,LED_OFF
17946.748354434967,74.6,27.3,LED_OFF
17951.311311006546,74.09,27.4,LED_OFF
17955.874435424805,74.29,28.0,LED_OFF
17960.437123775482,74.33,27.9,LED_OFF
17964.999850988388,74.6,27.6,LED_OFF
17969.56362271309,74.33,27.8,LED_OFF
17974.125989437103,74.46,28.8,LED_OFF
17978.688861846924,74.46,28.6,LED_OFF
17983.25155878067,74.33,27.3,LED_OFF
17987.814514160156,74.46,27.1,LED_OFF
17992.3774497509,74.6,28.5,LED_OFF
17996.940443754196,74.82,28.1,LED_OFF
18001.503353834152,75.14,28.2,LED_OFF
18006.06625509262,74.55,28.1,LED_OFF
18010.629275083542,74.65,27.5,LED_OFF
18015.192363739014,74.43,28.4,LED_OFF
18019.755274772644,73.89,27.2,LED_OFF
18024.317983150482,73.36,27.1,LED_OFF
18028.880893468857,74.29,28.4,LED_OFF
18033.44394636154,74.73,28.7,LED_OFF
18038.006890296936,74.53,28.4,LED_OFF
18042.569704532623,74.29,28.2,LED_OFF
18047.132792711258,74.19,28.5,LED_OFF
18051.695536136627,74.43,27.1,LED_OFF
18056.258487701416,74.53,28.7,LED_OFF
18060.821668624878,74.63,28.6,LED_OFF
18065.384581804276,74.51,28.9,LED_OFF
18069.9474067688,74.36,28.5,LED_OFF
18074.510408639908,75.09,27.2,LED_OFF
18079.073378801346,74.77,28.4,LED_OFF
18083.636078834534,74.65,28.6,LED_OFF
18088.199277162552,75.02,28.8,LED_OFF
18092.76208972931,74.63,27.9,LED_OFF
18097.3248963356,74.65,27.5,LED_OFF
18101.887755393982,75.14,27.5,LED_OFF
18106.451011896133,75.21,27.7,LED_OFF
18111.013735055923,74.41,27.6,LED_OFF
18115.57666182518,75.02,27.0,LED_OFF
18120.139749526978,74.51,27.7,LED_OFF
18124.702583551407,74.6,27.0,LED_OFF
18129.26550936699,75.31,27.0,LED_OFF
18133.828531742096,75.02,27.5,LED_OFF
18138.391272068024,75.09,28.3,LED_OFF
18142.954615354538,75.38,28.9,LED_OFF
18147.51824426651,75.04,28.5,LED_OFF
18152.08086872101,75.36,28.1,LED_OFF
18156.643186330795,75.8,28.3,LED_OFF
18161.206104516983,75.02,28.1,LED_OFF
18165.768845319748,75.04,27.3,LED_OFF
18170.331782341003,74.16,28.4,LED_OFF
18174.89474248886,75.12,27.0,LED_OFF
18179.45765519142,75.38,27.7,LED_OFF
18184.020533323288,75.02,27.4,LED_OFF
18188.58390402794,75.24,27.7,LED_OFF
18193.14676117897,75.46,27.6,LED_OFF
18197.70943427086,75.09,28.6,LED_OFF
18202.272624731064,75.29,28.6,LED_OFF
18206.835213422775,75.38,27.2,LED_OFF
18211.398227214813,75.07,28.9,LED_OFF
18215.961083889008,75.02,27.1,LED_OFF
18220.524183273315,75.43,27.5,LED_OFF
18225.087207078934,75.34,28.2,LED_OFF
18229.650101423264,75.07,28.2,LED_OFF
18234.21288585663,75.38,27.7,LED_OFF
18238.77613711357,75.36,28.2,LED_OFF
18243.338705539703,75.24,28.3,LED_OFF
18247.90216088295,74.53,27.5,LED_OFF
18252.46458363533,75.38,28.8,LED_OFF
18257.027485370636,75.12,27.0,LED_OFF
18261.59038591385,74.63,28.6,LED_OFF
18266.153530597687,75.24,28.7,LED_OFF
18270.716522693634,75.24,27.9,LED_OFF
18275.279606103897,75.24,27.1,LED_OFF
18279.842306137085,75.07,27.6,LED_OFF
18284.405346632004,75.26,28.2,LED_OFF
18288.96811747551,75.02,28.3,LED_OFF
18293.53111553192,75.02,28.2,LED_OFF
18298.094284534454,75.19,28.4,LED_OFF
18307.22035884857,75.12,27.8,LED_OFF
18311.782728672028,75.41,28.6,LED_OFF
18316.34570837021,75.24,27.8,LED_OFF
18320.90871143341,75.36,28.6,LED_OFF
18325.4721660614,75.31,28.6,LED_OFF
18330.034446954727,75.29,28.2,LED_OFF
18334.597685098648,75.26,28.7,LED_OFF
18339.16032743454,75.36,28.5,LED_OFF
18343.723237752914,75.36,28.5,LED_OFF
18348.286313056946,75.21,28.7,LED_OFF
18352.849115610123,75.09,28.8,LED_OFF
18357.412024497986,75.6,27.5,LED_OFF
18361.97495365143,74.6,27.0,LED_OFF
18366.53832244873,75.26,27.6,LED_OFF
18371.100952863693,75.38,28.3,LED_OFF
18375.663965702057,75.36,28.1,LED_OFF
18380.226754665375,75.51,27.3,LED_OFF
18384.78994178772,75.38,27.8,LED_OFF
18389.35263800621,75.31,28.5,LED_OFF
18393.91545701027,75.31,28.8,LED_OFF
18398.478483200073,75.24,27.2,LED_OFF
18403.041344165802,75.34,28.3,LED_OFF
18407.604511737823,75.38,28.2,LED_OFF
18412.167231798172,75.07,27.6,LED_OFF
18416.730410337448,76.0,28.3,LED_OFF
18421.293096780777,75.36,27.4,LED_OFF
18425.85618019104,74.55,27.1,LED_OFF
18430.41927433014,75.38,27.9,LED_OFF
18434.981976270676,75.78,27.4,LED_OFF
18439.54481267929,75.31,27.0,LED_OFF
18444.107701063156,75.12,27.2,LED_OFF
18448.67121219635,75.26,27.5,LED_OFF
18453.233880758286,75.29,28.0,LED_OFF
18457.79686641693,75.29,28.7,LED_OFF
18462.35970211029,75.34,27.0,LED_OFF
18466.922733545303,75.31,28.3,LED_OFF
18471.485355615616,75.21,28.2,LED_OFF
18476.048318624496,75.21,28.5,LED_OFF
18480.61130309105,75.34,27.4,LED_OFF
18485.174181222916,75.34,27.7,LED_OFF
18489.737472057343,75.31,27.1,LED_OFF
18494.30020904541,75.31,28.2,LED_OFF
18498.862992048264,75.82,27.5,LED_OFF
18503.426259040833,75.63,28.9,LED_OFF
18507.98907017708,75.92,28.4,LED_OFF
18512.55202150345,75.41,28.8,LED_OFF
18517.114719629288,75.53,28.6,LED_OFF
18521.677574396133,75.41,28.8,LED_OFF
18526.240995645523,75.02,28.2,LED_OFF
18530.803636789322,75.31,27.0,LED_OFF
18535.366771697998,75.38,28.6,LED_OFF
18539.92969250679,75.51,28.0,LED_OFF
18544.492306947708,75.51,28.2,LED_OFF
18549.055382966995,75.38,27.9,LED_OFF
18553.61812853813,75.34,27.8,LED_OFF
18558.181612968445,75.41,27.3,LED_OFF
18562.744121551514,75.38,27.4,LED_OFF
18567.307209014893,75.38,28.2,LED_OFF
18571.869876623154,75.29,28.7,LED_OFF
18576.433436870575,75.34,27.7,LED_OFF
18580.99600458145,75.41,28.1,LED_OFF
18585.558720827103,75.14,27.8,LED_OFF
18590.12199163437,75.24,27.4,LED_OFF
18594.684828281403,75.16,28.7,LED_OFF
18599.247829437256,74.75,28.6,LED_OFF
18603.81062078476,75.02,27.4,LED_OFF
18608.37346482277,74.65,27.9,LED_OFF
18612.936546564102,74.7,28.1,LED_OFF
18617.499408483505,74.33,28.2,LED_OFF
18622.062220573425,74.11,27.9,LED_OFF
18626.625289678574,74.55,27.5,LED_OFF
18631.18824982643,74.26,27.0,LED_OFF
18635.75096487999,74.38,28.9,LED_OFF
18640.314007759094,74.21,28.6,LED_OFF
18644.876873731613,74.58,27.0,LED_OFF
18649.439836740494,74.38,28.2,LED_OFF
18654.002610206604,74.58,28.8,LED_OFF
18658.565609931946,74.6,28.5,LED_OFF
18663.12853360176,74.6,28.7,LED_OFF
18667.691807985306,74.63,28.5,LED_OFF
18672.254472255707,74.38,28.3,LED_OFF
18676.817358493805,74.77,27.0,LED_OFF
18681.380756616592,74.6,27.1,LED_OFF
18685.943186998367,74.65,28.5,LED_OFF
18690.50623345375,74.65,28.2,LED_OFF
18695.06909775734,74.58,28.7,LED_OFF
18699.63206601143,74.48,28.6,LED_OFF
18704.194943904877,75.07,27.1,LED_OFF
18708.7581717968,74.24,28.4,LED_OFF
18713.32092142105,74.14,28.9,LED_OFF
18717.883873701096,73.82,27.0,LED_OFF
18722.44687819481,74.48,28.4,LED_OFF
18727.009870529175,73.53,27.3,LED_OFF
18731.57270669937,73.94,28.4,LED_OFF
18736.135459184647,73.94,28.1,LED_OFF
18740.69846725464,73.94,28.7,LED_OFF
18745.261782169342,73.94,27.3,LED_OFF
18749.824189186096,73.65,28.0,LED_OFF
18754.3873398304,73.8,28.7,LED_OFF
18758.950150489807,74.09,27.4,LED_OFF
18763.51325917244,73.82,27.8,LED_OFF
18768.075969934464,74.19,28.6,LED_OFF
18772.63902235031,73.92,28.8,LED_OFF
18777.201950788498,74.04,27.6,LED_OFF
18781.7649435997,73.97,27.0,LED_OFF
18786.327758073807,73.82,27.8,LED_OFF
18790.890919923782,73.82,27.0,LED_OFF
18795.453486919403,73.77,27.1,LED_OFF
18800.016443252563,73.94,27.0,LED_OFF
18804.579477071762,73.7,27.1,LED_OFF
18809.14238667488,73.85,27.4,LED_OFF
18813.70542550087,73.82,27.9,LED_OFF
18818.268318891525,73.8,27.6,LED_OFF
18822.831498146057,74.04,28.8,LED_OFF
18827.394181728363,73.87,27.9,LED_OFF
18831.957047462463,73.85,27.2,LED_OFF
18836.520114421844,73.94,27.2,LED_OFF
18841.08293581009,74.26,28.1,LED_OFF
18845.645715475082,73.99,28.2,LED_OFF
18850.2088034153,74.21,27.2,LED_OFF
18854.771899223328,74.14,28.9,LED_OFF
18859.334769010544,74.09,28.6,LED_OFF
18863.89755320549,74.14,27.2,LED_OFF
18868.4607899189,74.48,27.5,LED_OFF
18873.02351474762,73.82,28.3,LED_OFF
18877.586468696594,74.33,27.6,LED_OFF
18882.149109840393,74.48,28.7,LED_OFF
18886.712351322174,74.7,28.8,LED_OFF
18891.27525782585,74.48,28.7,LED_OFF
18895.83857679367,74.58,28.3,LED_OFF
18900.40097308159,74.6,28.9,LED_OFF
18904.964176654816,75.02,28.4,LED_OFF
18909.52719783783,75.21,27.5,LED_OFF
18914.089841365814,75.02,28.6,LED_OFF
18918.652806282043,75.26,27.3,LED_OFF
18923.21597456932,75.41,28.4,LED_OFF
18927.77944111824,75.38,28.0,LED_OFF
18932.341506242752,75.46,27.2,LED_OFF
18936.904719352722,75.21,28.2,LED_OFF
18941.46751689911,75.92,28.3,LED_OFF
18946.03037595749,75.51,28.5,LED_OFF
18950.593547582626,75.38,28.7,LED_OFF
18955.15619492531,75.63,28.2,LED_OFF
18959.719324827194,76.17,28.0,LED_OFF
18964.28210568428,72.89,28.3,LED_OFF
18968.844967842102,73.04,28.9,LED_OFF
18973.407918930054,76.48,28.7,LED_OFF
18977.97084927559,76.56,28.3,LED_OFF
18982.533882379532,76.51,27.8,LED_OFF
18987.0966193676,76.43,27.7,LED_OFF
18991.65997838974,76.68,28.4,LED_OFF
18996.22245144844,76.39,28.0,LED_OFF
19000.78561615944,76.48,28.7,LED_OFF
19005.348623991013,76.7,27.7,LED_OFF
19009.91174197197,77.02,27.0,LED_OFF
19014.474179506302,76.7,27.9,LED_OFF
19019.037803649902,76.48,28.3,LED_OFF
19023.60008406639,76.95,27.9,LED_OFF
19028.163022756577,76.53,27.7,LED_OFF
19032.726339817047,76.51,28.5,LED_OFF
19037.2889046669,75.85,28.7,LED_OFF
19041.85181069374,76.95,27.7,LED_OFF
19046.414900541306,76.0,27.6,LED_OFF
19050.977989435196,76.29,27.0,LED_OFF
19055.540571451187,76.41,27.0,LED_OFF
19060.103757619858,76.56,27.5,LED_OFF
19064.666436195374,76.31,27.7,LED_OFF
19069.229382276535,76.19,28.1,LED_OFF
19073.79260826111,76.09,28.3,LED_OFF
19078.3555059433,76.17,28.3,LED_OFF
19082.918173074722,76.53,27.4,LED_OFF
19087.481318473816,76.29,27.3,LED_OFF
19092.044016361237,76.17,27.1,LED_OFF
19096.607360363007,75.14,27.2,LED_OFF
19101.169903993607,75.8,28.4,LED_OFF
19105.732948064804,75.9,28.1,LED_OFF
19110.295731544495,76.02,27.7,LED_OFF
19114.85892033577,76.17,28.5,LED_OFF
19119.421602249146,76.09,28.1,LED_OFF
19123.984904527664,76.19,27.0,LED_OFF
19128.54777789116,76.0,27.4,LED_OFF
19133.1107006073,75.38,28.0,LED_OFF
19137.673528671265,75.82,27.0,LED_OFF
19142.23646879196,75.46,27.4,LED_OFF
19146.799421548843,76.17,28.6,LED_OFF
19151.362144947052,76.02,27.8,LED_OFF
19155.925530910492,76.02,28.7,LED_OFF
19160.488033533096,75.02,27.4,LED_OFF
19165.050970077515,75.75,27.7,LED_OFF
19169.61394381523,75.24,27.7,LED_OFF
19174.177666425705,75.02,27.9,LED_OFF
19178.739853143692,74.6,28.7,LED_OFF
19183.302860736847,75.21,27.2,LED_OFF
19187.86560368538,75.04,27.5,LED_OFF
19192.42850613594,75.04,28.8,LED_OFF
19196.99144935608,75.02,27.5,LED_OFF
19201.554625988007,76.14,27.6,LED_OFF
19206.11733531952,71.84,27.9,LED_OFF
19210.680507659912,72.23,28.9,LED_OFF
19215.24311232567,72.77,28.2,LED_OFF
19219.806212425232,76.31,27.1,LED_OFF
19224.36911869049,76.17,27.7,LED_OFF
19228.93200969696,75.78,27.4,LED_OFF
19233.494936704636,76.7,27.4,LED_OFF
19238.058180570602,75.73,27.9,LED_OFF
19242.62088561058,76.95,27.3,LED_OFF
19247.183771133423,76.24,28.9,LED_OFF
19251.746772766113,76.31,28.5,LED_OFF
19256.309881925583,76.19,27.7,LED_OFF
19260.87262892723,76.31,27.3,LED_OFF
19265.43613243103,75.9,28.3,LED_OFF
19269.998433589935,75.63,28.9,LED_OFF
19274.56126999855,76.56,27.6,LED_OFF
19279.124337911606,76.48,28.0,LED_OFF
19283.68739938736,76.31,28.9,LED_OFF
19288.250112056732,76.8,27.1,LED_OFF
19292.813266277313,76.73,27.9,LED_OFF
19297.376096248627,76.8,28.3,LED_OFF
19301.939147233963,76.61,27.6,LED_OFF
19306.501885652542,76.7,27.9,LED_OFF
19311.064753055573,76.92,28.3,LED_OFF
19315.628009080887,76.39,27.9,LED_OFF
19320.190696954727,76.39,27.9,LED_OFF
19324.753618001938,76.51,27.6,LED_OFF
19329.316730499268,76.7,28.9,LED_OFF
19333.879639863968,76.58,28.0,LED_OFF
19338.442394018173,76.7,28.7,LED_OFF
19343.005272865295,76.58,28.4,LED_OFF
19347.568243980408,76.7,28.2,LED_OFF
19352.13127541542,76.63,28.9,LED_OFF
19356.69427704811,76.53,27.6,LED_OFF
19361.257058382034,76.17,27.5,LED_OFF
19365.819964647293,76.46,28.9,LED_OFF
19370.38308620453,76.39,28.0,LED_OFF
19374.94592857361,76.31,28.6,LED_OFF
19379.50906729698,76.14,27.6,LED_OFF
19384.071721315384,76.53,27.4,LED_OFF
19388.634684324265,76.41,28.3,LED_OFF
19393.197474956512,76.56,28.6,LED_OFF
19397.760640859604,76.24,27.1,LED_OFF
19402.32392501831,76.63,28.9,LED_OFF
19406.88642024994,76.53,27.6,LED_OFF
19411.449442386627,76.7,28.2,LED_OFF
19416.012617111206,76.65,28.6,LED_OFF
19420.575097560883,76.7,28.1,LED_OFF
19425.137998342514,76.68,28.3,LED_OFF
19429.701082468033,76.9,27.0,LED_OFF
19434.263877630234,76.97,28.0,LED_OFF
19438.8269367218,76.8,27.2,LED_OFF
19443.389835834503,76.7,27.3,LED_OFF
19447.952830553055,76.95,28.5,LED_OFF
19452.516144037247,76.9,28.5,LED_OFF
19457.07864356041,76.7,27.3,LED_OFF
19461.641567468643,77.19,28.5,LED_OFF
19466.204741954803,76.61,28.1,LED_OFF
19470.767494916916,76.56,28.0,LED_OFF
19475.33043551445,76.87,27.2,LED_OFF
19479.893279075623,76.97,28.5,LED_OFF
19484.456140756607,76.14,28.2,LED_OFF
19489.01913881302,76.65,28.0,LED_OFF
19493.582314491272,76.95,27.6,LED_OFF
19498.145497083664,75.92,27.8,LED_OFF
19502.708157777786,76.87,27.0,LED_OFF
19507.270892620087,77.02,27.9,LED_OFF
19511.834018468857,76.73,28.5,LED_OFF
19516.397079229355,76.78,27.7,LED_OFF
19520.960016727448,77.51,27.5,LED_OFF
19525.52287554741,76.21,28.8,LED_OFF
19530.085641145706,76.65,28.8,LED_OFF
19534.649129629135,76.65,28.5,LED_OFF
19539.21173119545,77.36,28.7,LED_OFF
19543.775176286697,76.73,28.0,LED_OFF
19548.337314367294,76.68,28.2,LED_OFF
19552.90046811104,76.87,28.8,LED_OFF
19557.463119268417,76.73,28.9,LED_OFF
19562.026042938232,77.07,27.8,LED_OFF
19566.589040994644,76.95,27.4,LED_OFF
19571.152154684067,76.92,27.8,LED_OFF
19575.714832544327,77.09,28.8,LED_OFF
19580.277839422226,76.31,27.4,LED_OFF
19584.840693473816,77.12,28.7,LED_OFF
19589.403784513474,77.12,28.4,LED_OFF
19593.96660733223,77.12,28.7,LED_OFF
19598.529700517654,76.87,28.1,LED_OFF
19603.092514514923,76.95,27.0,LED_OFF
19607.655607938766,77.24,27.8,LED_OFF
19612.21874976158,77.9,27.3,LED_OFF
19616.781649827957,77.34,28.1,LED_OFF
19621.344445466995,76.97,27.6,LED_OFF
19625.90726995468,77.34,28.3,LED_OFF
19630.470321416855,76.92,28.7,LED_OFF
19635.033141613007,77.56,28.7,LED_OFF
19639.596143960953,77.61,27.3,LED_OFF
19644.15892958641,77.61,27.0,LED_OFF
19648.722246170044,77.51,28.0,LED_OFF
19653.284814357758,77.51,28.5,LED_OFF
19657.84787106514,77.58,27.8,LED_OFF
19662.410826444626,77.61,28.2,LED_OFF
19666.9740755558,77.8,28.7,LED_OFF
19671.53670501709,77.73,28.7,LED_OFF
19676.09982252121,77.73,28.2,LED_OFF
19680.66235947609,77.9,27.2,LED_OFF
19685.22541952133,77.73,27.0,LED_OFF
19689.78826856613,77.14,27.9,LED_OFF
19694.351500988007,77.8,28.1,LED_OFF
19698.914086818695,78.07,27.9,LED_OFF
19703.47727060318,78.14,27.5,LED_OFF
19708.039993286133,78.07,28.8,LED_OFF
19712.603134393692,78.29,28.0,LED_OFF
19717.165875673294,78.12,27.2,LED_OFF
19721.72869348526,78.27,28.4,LED_OFF
19726.291885375977,78.36,28.8,LED_OFF
19730.85477757454,78.24,28.1,LED_OFF
19735.417912721634,78.02,28.3,LED_OFF
19739.981140375137,77.95,28.1,LED_OFF
19744.543699741364,78.63,28.8,LED_OFF
19749.106373786926,78.34,28.9,LED_OFF
19753.669405698776,78.51,27.7,LED_OFF
19758.232500314713,79.17,27.3,LED_OFF
19762.79544186592,79.32,27.1,LED_OFF
19767.358218193054,78.44,27.3,LED_OFF
19771.921181678772,78.49,27.5,LED_OFF
19776.484229803085,78.61,27.1,LED_OFF
19781.04774069786,78.75,28.7,LED_OFF
19785.609877347946,78.56,27.1,LED_OFF
19790.173382759094,78.75,27.1,LED_OFF
19794.735855340958,78.8,28.6,LED_OFF
19799.29861497879,78.56,28.9,LED_OFF
19803.86157822609,78.75,27.5,LED_OFF
19808.42473769188,78.8,27.1,LED_OFF
19812.987530469894,78.93,28.0,LED_OFF
19817.550421476364,78.83,27.2,LED_OFF
19822.1137509346,78.73,27.0,LED_OFF
19826.677452087402,78.78,28.8,LED_OFF
19831.239498138428,78.83,28.9,LED_OFF
19835.802228450775,78.83,28.5,LED_OFF
19840.365349292755,78.73,27.4,LED_OFF
19844.928064346313,78.97,28.0,LED_OFF
19849.491314411163,79.05,28.6,LED_OFF
19854.053957223892,79.46,28.7,LED_OFF
19858.616874217987,78.88,27.8,LED_OFF
19863.18016433716,79.41,28.5,LED_OFF
19867.7427008152,79.02,28.5,LED_OFF
19872.305784225464,79.15,27.3,LED_OFF
19876.868927001953,78.88,28.7,LED_OFF
19881.432204723358,78.93,27.9,LED_OFF
19885.994433641434,79.17,28.7,LED_OFF
19890.55753302574,79.0,27.6,LED_OFF
19895.120540380478,78.95,28.2,LED_OFF
19899.683275461197,78.9,27.5,LED_OFF
19904.246638536453,78.85,28.6,LED_OFF
19908.809159994125,79.02,28.0,LED_OFF
19913.372245311737,79.05,27.1,LED_OFF
19917.9352850914,78.66,28.0,LED_OFF
19922.49821805954,79.12,27.6,LED_OFF
19927.060838222504,79.05,28.4,LED_OFF
19931.62413406372,78.83,27.6,LED_OFF
19936.18679022789,79.44,28.1,LED_OFF
19940.74962902069,78.88,27.6,LED_OFF
19945.312886953354,79.39,28.3,LED_OFF
19949.87553858757,78.61,28.2,LED_OFF
19954.438705921173,78.93,27.0,LED_OFF
19959.00140762329,78.88,27.0,LED_OFF
19963.564589500427,78.88,27.6,LED_OFF
19968.12717628479,78.88,28.2,LED_OFF
19972.69041466713,78.51,27.5,LED_OFF
19977.2530670166,78.83,27.2,LED_OFF
19981.816423892975,78.75,28.2,LED_OFF
19986.379081249237,78.49,27.4,LED_OFF
19990.942083597183,78.51,28.6,LED_OFF
19995.505107164383,78.66,28.9,LED_OFF
20000.068151950836,78.34,27.9,LED_OFF
20004.630773067474,78.68,28.4,LED_OFF
20009.19375514984,78.51,28.3,LED_OFF
20013.756817817688,78.51,27.3,LED_OFF
20018.319584608078,78.83,28.4,LED_OFF
20022.882734775543,78.02,27.9,LED_OFF
20027.445738554,78.46,27.6,LED_OFF
20032.008430957794,78.68,27.2,LED_OFF
20036.57146835327,78.95,28.4,LED_OFF
20041.134261369705,78.56,28.8,LED_OFF
20045.697192668915,78.85,27.9,LED_OFF
20050.26009130478,78.85,27.3,LED_OFF
20054.82323908806,78.66,28.0,LED_OFF
20059.385904550552,79.54,28.9,LED_OFF
20063.948989868164,78.85,28.6,LED_OFF
20068.512442827225,78.83,27.5,LED_OFF
20073.074791431427,78.85,27.3,LED_OFF
20077.63804411888,78.66,28.2,LED_OFF
20082.20066857338,78.07,28.1,LED_OFF
20086.763777971268,78.75,27.0,LED_OFF
20091.32669353485,78.75,27.7,LED_OFF
20095.889664649963,78.58,27.9,LED_OFF
20100.45259833336,78.75,27.9,LED_OFF
20105.015344142914,78.73,27.2,LED_OFF
20109.578508853912,78.75,28.6,LED_OFF
20114.14128780365,78.83,28.2,LED_OFF
20118.705396413803,78.9,28.5,LED_OFF
20123.26708841324,78.88,27.7,LED_OFF
20127.83014702797,78.88,27.3,LED_OFF
20132.392951726913,79.05,27.3,LED_OFF
20136.955956220627,78.85,28.3,LED_OFF
20141.518909454346,78.34,28.2,LED_OFF
20146.081773519516,78.83,27.5,LED_OFF
20150.644624471664,78.85,27.3,LED_OFF
20155.20769572258,78.85,27.1,LED_OFF
20159.77084183693,78.85,28.7,LED_OFF
20164.333523988724,79.12,27.2,LED_OFF
20168.89631819725,78.88,28.1,LED_OFF
20173.459562063217,79.07,28.6,LED_OFF
20178.02248930931,78.88,28.8,LED_OFF
20182.585317611694,79.1,27.0,LED_OFF
20187.14807319641,78.97,27.5,LED_OFF
20191.711510419846,79.1,27.9,LED_OFF
20196.27406525612,79.0,27.2,LED_OFF
20200.836874961853,78.51,28.4,LED_OFF
20205.40010881424,79.05,27.2,LED_OFF
20209.962822675705,78.97,27.0,LED_OFF
20214.52585554123,79.22,27.8,LED_OFF
20219.0889172554,79.17,27.3,LED_OFF
20223.65163230896,78.73,27.5,LED_OFF
20228.214627742767,79.22,27.5,LED_OFF
20232.777487039566,79.22,28.3,LED_OFF
20237.340387821198,79.27,28.9,LED_OFF
20241.903389453888,79.29,28.2,LED_OFF
20246.466330051422,79.07,27.0,LED_OFF
20251.02946829796,79.22,27.1,LED_OFF
20255.592341423035,79.32,27.0,LED_OFF
20260.15513062477,79.22,27.8,LED_OFF
20264.7180724144,79.24,27.4,LED_OFF
20269.28129029274,79.15,28.6,LED_OFF
20273.844066381454,79.29,27.5,LED_OFF
20278.406860113144,78.97,28.6,LED_OFF
20282.96977353096,79.27,28.3,LED_OFF
20287.53278875351,79.29,28.1,LED_OFF
20292.095891475677,79.32,28.6,LED_OFF
20296.65875673294,79.27,28.7,LED_OFF
20301.22158432007,79.29,27.1,LED_OFF
20305.784512281418,79.29,28.2,LED_OFF
20310.34735584259,79.27,27.4,LED_OFF
20314.910517692566,79.32,28.8,LED_OFF
20319.473222970963,79.29,27.8,LED_OFF
20324.036185503006,79.27,27.7,LED_OFF
20328.599071264267,79.29,27.5,LED_OFF
20333.162614107132,79.27,27.9,LED_OFF
20337.724997997284,79.29,28.9,LED_OFF
20342.288518428802,78.56,28.2,LED_OFF
20346.850860357285,79.27,27.1,LED_OFF
20351.413813591003,79.22,28.0,LED_OFF
20355.977321863174,79.39,28.2,LED_OFF
20360.53967642784,79.19,27.6,LED_OFF
20365.103140830994,79.22,27.2,LED_OFF
20369.665634155273,79.27,27.9,LED_OFF
20374.22873520851,79.12,27.8,LED_OFF
20378.791459798813,79.34,27.5,LED_OFF
20383.354697704315,79.12,28.0,LED_OFF
20387.91745185852,78.73,28.0,LED_OFF
20392.480542898178,78.85,28.1,LED_OFF
20397.04332756996,79.17,28.3,LED_OFF
20401.606050014496,79.07,27.2,LED_OFF
20406.169198036194,78.93,28.2,LED_OFF
20410.732048034668,79.29,27.0,LED_OFF
20415.29505443573,79.12,27.5,LED_OFF
20419.858058691025,78.51,28.4,LED_OFF
20424.420835733414,78.46,27.1,LED_OFF
20428.983576774597,78.27,27.8,LED_OFF
20433.54657149315,79.15,27.5,LED_OFF
20438.110162496567,78.95,28.5,LED_OFF
20442.67266368866,79.12,28.0,LED_OFF
20447.23562860489,79.56,28.6,LED_OFF
20451.798447847366,79.15,28.5,LED_OFF
20456.3612844944,78.95,27.7,LED_OFF
20460.924466848373,78.88,27.4,LED_OFF
20465.487318754196,78.51,28.0,LED_OFF
20470.05025243759,78.88,28.0,LED_OFF
20474.61312365532,79.63,27.2,LED_OFF
20479.17612886429,79.29,27.5,LED_OFF
20483.738888263702,79.17,27.0,LED_OFF
20488.30206465721,79.05,27.0,LED_OFF
20492.864786863327,78.9,27.5,LED_OFF
20497.42816734314,78.56,28.7,LED_OFF
20501.990842342377,78.95,27.5,LED_OFF
20506.55377459526,79.07,28.3,LED_OFF
20511.116614341736,78.8,28.9,LED_OFF
20515.679804325104,79.17,28.0,LED_OFF
20520.242494106293,78.93,28.4,LED_OFF
20524.805681943893,78.53,28.9,LED_OFF
20529.36852502823,79.12,27.7,LED_OFF
20533.93123292923,79.0,27.2,LED_OFF
20538.494203805923,78.93,28.4,LED_OFF
20543.0570397377,79.29,28.1,LED_OFF
20547.620290756226,79.27,28.6,LED_OFF
20552.18337035179,78.85,27.1,LED_OFF
20556.746206521988,79.29,28.8,LED_OFF
20561.30886077881,78.93,28.0,LED_OFF
20565.871809482574,78.88,27.2,LED_OFF
20570.434856176376,79.12,27.8,LED_OFF
20574.997663974762,78.88,27.2,LED_OFF
20579.560711860657,78.88,28.0,LED_OFF
20584.123586416245,78.53,27.3,LED_OFF
20588.686578035355,78.39,28.5,LED_OFF
20593.249603033066,78.27,27.3,LED_OFF
20597.812260627747,78.1,27.0,LED_OFF
20602.375412225723,78.17,27.2,LED_OFF
20606.93825006485,77.85,28.8,LED_OFF
20611.50111579895,77.88,27.4,LED_OFF
20616.064036607742,78.12,28.3,LED_OFF
20620.627501487732,78.27,28.5,LED_OFF
20625.18990302086,78.19,28.4,LED_OFF
20629.752960920334,78.02,27.1,LED_OFF
20634.31583881378,78.12,27.1,LED_OFF
20638.878781318665,78.19,28.8,LED_OFF
20643.441745996475,78.36,27.6,LED_OFF
20648.004670858383,78.51,28.1,LED_OFF
20652.56751537323,79.02,28.6,LED_OFF
20657.13070344925,78.56,27.4,LED_OFF
20661.6936211586,78.49,27.5,LED_OFF
20666.256417751312,78.34,28.0,LED_OFF
20670.819366931915,79.07,28.1,LED_OFF
20675.382236242294,78.49,27.3,LED_OFF
20679.94549894333,78.19,27.1,LED_OFF
20684.508511066437,78.34,28.0,LED_OFF
20689.071336507797,78.51,28.9,LED_OFF
20693.634115934372,78.39,27.2,LED_OFF
20698.196902036667,78.51,28.5,LED_OFF
20702.759828567505,78.61,27.6,LED_OFF
20707.322787046432,78.63,27.4,LED_OFF
20711.88652944565,78.85,27.5,LED_OFF
20716.44879245758,79.29,28.1,LED_OFF
20721.011785268784,78.93,28.3,LED_OFF
20725.574738025665,78.46,27.0,LED_OFF
20730.137370824814,78.88,28.5,LED_OFF
20734.700414657593,78.95,28.4,LED_OFF
20739.26330089569,79.19,28.4,LED_OFF
20743.82642674446,79.22,28.9,LED_OFF
20748.38941550255,79.27,28.0,LED_OFF
20752.95216035843,79.22,28.2,LED_OFF
20757.515295743942,78.88,27.4,LED_OFF
20762.07808446884,78.93,27.1,LED_OFF
20766.641201734543,78.63,27.4,LED_OFF
20771.203984975815,78.66,28.5,LED_OFF
20775.767050504684,78.85,28.2,LED_OFF
20780.329877853394,78.73,27.2,LED_OFF
20784.89286994934,78.78,27.2,LED_OFF
20789.455555915833,78.34,28.5,LED_OFF
20794.01884818077,77.88,28.6,LED_OFF
20798.58172059059,77.78,28.2,LED_OFF
20803.14438867569,77.73,28.3,LED_OFF
20807.707329511642,77.73,27.9,LED_OFF
20812.27023243904,77.8,27.6,LED_OFF
20816.833151578903,77.73,27.2,LED_OFF
20821.396358013153,77.92,27.3,LED_OFF
20825.95914196968,77.73,28.9,LED_OFF
20830.522069454193,77.75,27.8,LED_OFF
20835.08516073227,78.78,27.8,LED_OFF
20839.648104906082,78.56,28.3,LED_OFF
20844.21098804474,78.49,28.2,LED_OFF
20848.773757457733,79.32,28.1,LED_OFF
20853.336664676666,78.51,27.8,LED_OFF
20862.463020801544,77.9,27.8,LED_OFF
20867.025990486145,78.1,28.9,LED_OFF
20871.588695287704,77.8,27.8,LED_OFF
20876.151334047318,77.58,28.0,LED_OFF
20880.714299201965,77.88,27.4,LED_OFF
20885.27735877037,77.53,28.8,LED_OFF
20889.84015727043,77.7,28.4,LED_OFF
20894.40315747261,77.0,27.9,LED_OFF
20898.966249465942,77.85,27.6,LED_OFF
20903.5289375782,77.17,28.7,LED_OFF
20908.091995477676,76.9,27.9,LED_OFF
20912.65515255928,77.09,28.7,LED_OFF
20917.21817302704,76.95,28.5,LED_OFF
20921.780997514725,77.31,27.8,LED_OFF
20926.344101905823,77.09,27.7,LED_OFF
20930.90669989586,77.07,27.9,LED_OFF
20935.469596862793,76.53,27.1,LED_OFF
20940.032579898834,77.58,28.9,LED_OFF
20944.595915079117,77.44,28.4,LED_OFF
20949.158339500427,77.68,27.2,LED_OFF
20953.72126531601,77.56,28.3,LED_OFF
20958.284232139587,77.7,28.9,LED_OFF
20962.847249507904,77.8,27.6,LED_OFF
20967.4102101326,77.63,28.5,LED_OFF
20971.973090410233,77.97,28.9,LED_OFF
20976.535861968994,77.78,28.4,LED_OFF
20981.09901690483,78.36,27.2,LED_OFF
20985.661914348602,78.39,27.4,LED_OFF
20990.22510910034,78.51,27.6,LED_OFF
20994.78790616989,78.34,27.9,LED_OFF
20999.350616693497,78.1,27.0,LED_OFF
21003.913709163666,78.51,28.9,LED_OFF
21008.476554632187,78.05,28.3,LED_OFF
21013.03946685791,78.36,28.9,LED_OFF
21017.602383375168,78.34,27.1,LED_OFF
21022.165323972702,78.29,28.8,LED_OFF
21026.728213071823,78.49,28.3,LED_OFF
21031.291522979736,78.51,28.7,LED_OFF
21035.85410952568,78.24,27.6,LED_OFF
21040.41746211052,77.75,27.8,LED_OFF
21044.980117321014,78.27,28.2,LED_OFF
21049.54299736023,78.44,28.7,LED_OFF
21054.105854988098,78.24,28.3,LED_OFF
21058.669006347656,78.17,28.4,LED_OFF
21063.232120752335,78.17,27.4,LED_OFF
21067.794796705246,77.95,28.3,LED_OFF
21072.35762643814,78.0,28.0,LED_OFF
21076.92099237442,77.51,27.9,LED_OFF
21081.483654022217,77.05,27.3,LED_OFF
21086.046506166458,76.97,28.4,LED_OFF
21090.60951566696,77.0,28.9,LED_OFF
21095.172296524048,76.9,28.9,LED_OFF
21099.735409259796,77.09,28.1,LED_OFF
21104.298274755478,77.22,28.9,LED_OFF
21108.86168551445,77.07,27.5,LED_OFF
21113.424236536026,77.73,28.9,LED_OFF
21117.987288475037,76.92,27.5,LED_OFF
21122.55021929741,77.12,28.4,LED_OFF
21127.112901210785,77.56,28.9,LED_OFF
21131.675801753998,77.41,28.7,LED_OFF
21136.2390666008,77.22,28.8,LED_OFF
21140.80167579651,77.22,28.1,LED_OFF
21145.36478662491,77.41,27.8,LED_OFF
21149.92760205269,77.48,27.7,LED_OFF
21154.490552663803,77.36,27.3,LED_OFF
21159.053404569626,77.41,27.9,LED_OFF
21163.616401910782,78.34,28.0,LED_OFF
21168.179300546646,77.63,28.2,LED_OFF
21172.742362737656,77.7,28.3,LED_OFF
21177.305287837982,77.66,28.7,LED_OFF
21181.86807489395,77.78,27.1,LED_OFF
21186.43110203743,77.95,27.2,LED_OFF
21190.994171619415,78.02,27.3,LED_OFF
21195.557047367096,77.66,28.9,LED_OFF
21200.119771003723,78.63,28.6,LED_OFF
21204.68287563324,78.46,28.9,LED_OFF
21209.24571108818,78.75,28.2,LED_OFF
21213.808902978897,79.22,28.4,LED_OFF
21218.37189555168,78.93,28.9,LED_OFF
21222.934572935104,78.68,27.2,LED_OFF
21227.497699022293,78.78,28.0,LED_OFF
21232.06049990654,78.93,27.9,LED_OFF
21236.623443841934,80.07,27.0,LED_OFF
21241.1865067482,78.75,28.1,LED_OFF
21245.749155521393,78.9,28.4,LED_OFF
21250.312098264694,78.68,28.4,LED_OFF
21254.875197172165,79.63,28.6,LED_OFF
21259.438184261322,78.93,27.0,LED_OFF
21264.00085067749,79.05,27.3,LED_OFF
21268.564093589783,78.88,28.5,LED_OFF
21273.12679696083,79.07,28.4,LED_OFF
21277.68998837471,78.51,28.7,LED_OFF
21282.252623796463,79.12,28.9,LED_OFF
21286.815855503082,78.93,27.3,LED_OFF
21291.37868309021,78.88,27.8,LED_OFF
21295.941771268845,79.19,28.6,LED_OFF
21300.50462770462,79.07,28.4,LED_OFF
21305.067383766174,78.63,28.6,LED_OFF
21309.630612134933,78.24,28.1,LED_OFF
21314.193242788315,78.95,27.5,LED_OFF
21318.756444215775,78.9,27.1,LED_OFF
21323.319194078445,79.24,28.4,LED_OFF
21327.882244348526,79.05,28.0,LED_OFF
21332.445088863373,79.34,28.8,LED_OFF
21337.007979154587,78.93,27.5,LED_OFF
21341.570823669434,78.95,27.0,LED_OFF
21346.133841753006,78.93,28.8,LED_OFF
21350.696763038635,78.51,27.2,LED_OFF
21355.259879350662,79.05,27.3,LED_OFF
21359.82275247574,78.95,27.2,LED_OFF
21364.385543346405,78.97,28.3,LED_OFF
21368.948662996292,79.22,27.3,LED_OFF
21373.511763095856,78.93,27.9,LED_OFF
21378.07480096817,78.58,28.0,LED_OFF
21382.6376183033,78.34,27.0,LED_OFF
21387.20030760765,78.51,28.2,LED_OFF
21391.763510227203,78.93,27.5,LED_OFF
21396.32638502121,78.73,27.1,LED_OFF
21400.88919401169,78.63,27.8,LED_OFF
21405.452056646347,78.95,28.6,LED_OFF
21410.014973402023,78.63,28.6,LED_OFF
21414.577898979187,78.78,28.7,LED_OFF
21419.141003370285,78.88,28.2,LED_OFF
21423.70370697975,78.97,28.7,LED_OFF
21428.26668739319,78.75,27.0,LED_OFF
21432.829826831818,78.9,28.3,LED_OFF
21437.39264345169,78.78,27.8,LED_OFF
21441.95597910881,80.07,28.6,LED_OFF
21446.518548965454,78.46,27.6,LED_OFF
21451.081592559814,78.07,28.6,LED_OFF
21455.64449095726,78.05,28.7,LED_OFF
21460.20741391182,78.1,27.5,LED_OFF
21464.770145893097,78.49,28.4,LED_OFF
21469.333148241043,79.24,28.1,LED_OFF
21473.896273374557,78.36,27.8,LED_OFF
21478.458975553513,78.14,27.7,LED_OFF
21483.022063970566,78.32,28.3,LED_OFF
21487.584887504578,78.17,28.6,LED_OFF
21492.147750139236,78.24,27.2,LED_OFF
21496.71080136299,78.27,28.7,LED_OFF
21501.27381825447,78.66,27.4,LED_OFF
21505.836763620377,78.44,28.5,LED_OFF
21510.399767398834,78.51,27.3,LED_OFF
21514.96262025833,78.56,27.6,LED_OFF
21519.525356531143,78.51,28.1,LED_OFF
21524.088551282883,78.66,27.5,LED_OFF
21528.651448965073,78.83,28.1,LED_OFF
21533.214331388474,78.95,27.5,LED_OFF
21537.77735877037,79.29,27.2,LED_OFF
21542.34031367302,79.27,27.6,LED_OFF
21546.903311491013,79.27,28.3,LED_OFF
21556.030447006226,79.37,28.8,LED_OFF
21560.59201169014,79.61,28.5,LED_OFF
21565.154774427414,79.15,28.5,LED_OFF
21569.71789455414,79.15,27.5,LED_OFF
21574.280757188797,79.29,28.8,LED_OFF
21578.843552827835,79.22,28.1,LED_OFF
21583.406529426575,78.61,28.8,LED_OFF
21587.969522714615,79.17,28.3,LED_OFF
21592.532404899597,79.12,28.1,LED_OFF
21597.09552550316,78.95,28.6,LED_OFF
21601.658409118652,78.73,28.5,LED_OFF
21606.221334457397,78.85,28.3,LED_OFF
21610.784511327744,78.95,27.9,LED_OFF
21615.34741282463,78.93,27.6,LED_OFF
21619.91691160202,79.29,28.5,LED_OFF
21624.473182678223,79.1,27.0,LED_OFF
21629.035883188248,78.51,28.7,LED_OFF
21633.598842144012,78.39,27.3,LED_OFF
21638.162084817886,78.29,28.2,LED_OFF
21642.724785089493,78.05,27.4,LED_OFF
21647.28769016266,78.12,28.2,LED_OFF
21651.850566148758,77.92,27.0,LED_OFF
21656.413514137268,77.88,27.2,LED_OFF
21660.97656083107,78.27,27.0,LED_OFF
21665.539893627167,78.14,27.9,LED_OFF
21670.1023747921,78.24,28.0,LED_OFF
21674.665233373642,78.27,28.0,LED_OFF
21679.228327035904,77.97,27.1,LED_OFF
21683.791140794754,78.46,27.2,LED_OFF
21688.35409784317,78.29,27.8,LED_OFF
21692.9171128273,78.58,27.9,LED_OFF
21697.480033636093,78.05,28.9,LED_OFF
21702.043053150177,78.53,27.5,LED_OFF
21706.60629582405,78.8,27.5,LED_OFF
21711.168752908707,78.9,27.9,LED_OFF
21715.731804847717,78.68,28.4,LED_OFF
21720.29504466057,79.27,28.1,LED_OFF
21724.85779285431,79.41,28.5,LED_OFF
21729.42082095146,79.29,27.6,LED_OFF
21733.983449459076,79.68,27.8,LED_OFF
21738.546441078186,79.29,27.5,LED_OFF
21743.10937833786,78.97,28.6,LED_OFF
21747.672347307205,79.56,27.1,LED_OFF
21752.235414505005,79.44,27.4,LED_OFF
21756.79856801033,79.54,27.6,LED_OFF
21761.361319065094,79.44,27.2,LED_OFF
21765.92427110672,79.58,27.1,LED_OFF
21770.487156152725,79.46,27.8,LED_OFF
21775.050042390823,79.58,27.6,LED_OFF
21779.612927913666,79.39,28.1,LED_OFF
21784.175852537155,79.37,27.0,LED_OFF
21788.738736391068,79.32,28.7,LED_OFF
21793.301649332047,79.41,28.6,LED_OFF
21797.864544391632,79.66,28.5,LED_OFF
21802.427683591843,79.58,28.7,LED_OFF
21806.99061012268,79.9,27.7,LED_OFF
21811.553396701813,79.37,28.7,LED_OFF
21816.116406202316,79.8,28.8,LED_OFF
21820.679419517517,79.37,27.1,LED_OFF
21825.242163181305,79.39,28.0,LED_OFF
21829.80514574051,79.41,27.5,LED_OFF
21834.368075847626,79.44,27.4,LED_OFF
21838.931062936783,79.37,27.9,LED_OFF
21843.494229078293,79.46,27.8,LED_OFF
21848.056848049164,79.29,28.9,LED_OFF
21852.619930505753,79.22,27.3,LED_OFF
21857.182889461517,79.29,27.6,LED_OFF
21861.74586558342,79.29,27.9,LED_OFF
21866.308685064316,78.51,27.9,LED_OFF
21870.871743440628,78.56,27.9,LED_OFF
21875.434571266174,78.56,27.9,LED_OFF
21879.99755692482,78.51,28.0,LED_OFF
21884.5603826046,79.05,28.8,LED_OFF
21889.123471736908,78.39,28.7,LED_OFF
21893.686390161514,78.36,28.9,LED_OFF
21898.249341726303,78.51,27.4,LED_OFF
21902.81249022484,78.44,28.3,LED_OFF
21907.375378608704,78.49,28.7,LED_OFF
21911.9380068779,78.49,28.2,LED_OFF
21916.50096154213,78.49,28.1,LED_OFF
21921.064046621323,78.36,27.3,LED_OFF
21925.62723326683,78.39,27.2,LED_OFF
21930.18996167183,78.05,27.8,LED_OFF
21934.752841711044,78.36,27.9,LED_OFF
21939.315608739853,78.56,28.0,LED_OFF
21943.878993988037,78.29,27.8,LED_OFF
21948.441727876663,78.53,27.5,LED_OFF
21953.004520893097,78.73,27.6,LED_OFF
21957.567476034164,78.68,27.8,LED_OFF
21962.130316972733,78.49,27.0,LED_OFF
21966.69350194931,79.44,28.2,LED_OFF
21971.256229639053,79.44,28.1,LED_OFF
21975.819345474243,79.41,27.8,LED_OFF
21980.382051706314,79.29,28.1,LED_OFF
21984.945296049118,79.51,27.0,LED_OFF
21989.50807285309,80.07,28.8,LED_OFF
21994.07089138031,79.29,27.2,LED_OFF
21998.63408279419,79.58,28.3,LED_OFF
22003.196849107742,79.29,27.0,LED_OFF
22007.760019540787,79.29,28.1,LED_OFF
22012.322803258896,79.29,28.2,LED_OFF
22016.88566184044,79.29,28.9,LED_OFF
22021.448628664017,78.95,28.2,LED_OFF
22026.011515378952,78.46,28.9,LED_OFF
22030.57439851761,78.51,27.7,LED_OFF
22035.137380361557,78.17,27.4,LED_OFF
22039.701211452484,78.56,28.5,LED_OFF
22044.2632958889,78.51,27.1,LED_OFF
22048.826308727264,78.51,27.0,LED_OFF
22053.389062166214,78.8,28.4,LED_OFF
22057.95198559761,78.68,28.8,LED_OFF
22062.515162467957,78.51,27.6,LED_OFF
22067.077991247177,78.53,27.7,LED_OFF
22071.640911102295,78.51,28.5,LED_OFF
22076.203842401505,78.78,27.6,LED_OFF
22080.76668858528,78.78,27.1,LED_OFF
22085.329551935196,78.61,28.3,LED_OFF
22089.892919063568,78.9,27.2,LED_OFF
22094.45549750328,78.78,28.3,LED_OFF
22099.018746614456,79.0,28.0,LED_OFF
22103.581671476364,79.1,28.6,LED_OFF
22108.144428253174,78.83,28.3,LED_OFF
22112.707441568375,80.07,28.7,LED_OFF
22117.270345687866,79.24,27.9,LED_OFF
22121.83317565918,79.44,28.3,LED_OFF
22126.396095991135,79.29,27.8,LED_OFF
22130.95938873291,79.41,28.0,LED_OFF
22140.086444854736,79.95,28.9,LED_OFF
22144.64786338806,79.95,27.5,LED_OFF
22149.210881471634,79.9,28.6,LED_OFF
22153.77393221855,80.0,27.7,LED_OFF
22158.336889743805,79.78,27.5,LED_OFF
22162.899718999863,79.9,27.3,LED_OFF
22167.462567567825,80.05,27.2,LED_OFF
22172.02583885193,80.07,27.7,LED_OFF
22176.58865094185,79.83,27.7,LED_OFF
22181.151556015015,79.85,28.2,LED_OFF
22185.71430325508,79.8,28.3,LED_OFF
22190.277307510376,79.98,28.3,LED_OFF
22194.840160131454,79.8,28.0,LED_OFF
22199.40327978134,79.76,27.4,LED_OFF
22203.966101646423,79.58,28.1,LED_OFF
22208.529289722443,79.73,28.4,LED_OFF
22213.092522859573,79.93,27.7,LED_OFF
22217.654856443405,79.68,27.5,LED_OFF
22222.21794939041,80.07,28.4,LED_OFF
22226.78087067604,79.15,27.1,LED_OFF
22231.343695163727,80.05,27.3,LED_OFF
22235.906767845154,79.73,27.5,LED_OFF
22240.469794988632,79.8,27.8,LED_OFF
22245.03273487091,79.19,28.5,LED_OFF
22249.595731973648,80.0,28.5,LED_OFF
22254.158491373062,79.85,27.9,LED_OFF
22258.721470594406,79.9,27.1,LED_OFF
22263.28432250023,79.73,27.6,LED_OFF
22267.847195148468,79.8,28.1,LED_OFF
22272.41051340103,80.02,28.8,LED_OFF
22276.97322702408,79.56,27.5,LED_OFF
22281.535928726196,80.05,28.1,LED_OFF
22286.099078416824,79.68,28.1,LED_OFF
22290.66179251671,80.02,27.3,LED_OFF
22295.225154161453,79.85,28.3,LED_OFF
22299.78778886795,80.0,28.6,LED_OFF
22304.35061788559,79.78,27.2,LED_OFF
22308.913632392883,79.95,28.1,LED_OFF
22313.476680994034,79.71,27.5,LED_OFF
22318.039689302444,79.71,28.6,LED_OFF
22322.602395534515,80.66,27.8,LED_OFF
22327.165484905243,80.02,28.1,LED_OFF
22331.72834467888,79.78,27.6,LED_OFF
22336.291652441025,79.44,27.7,LED_OFF
22340.8541328907,80.07,27.1,LED_OFF
22345.4172604084,79.93,28.3,LED_OFF
22349.980157136917,79.93,27.0,LED_OFF
22354.542879104614,79.95,27.1,LED_OFF
22359.10601401329,79.98,28.3,LED_OFF
22363.668829917908,79.93,27.7,LED_OFF
22368.23170876503,80.07,27.9,LED_OFF
22372.794862031937,79.98,27.0,LED_OFF
22377.35807967186,79.8,28.0,LED_OFF
22381.920657396317,79.76,28.5,LED_OFF
22386.483698129654,79.76,28.1,LED_OFF
22391.046595096588,79.02,27.6,LED_OFF
22395.609416246414,78.75,27.8,LED_OFF
22400.172328710556,78.78,27.4,LED_OFF
22404.735325574875,78.24,28.1,LED_OFF
22409.29857301712,79.07,27.1,LED_OFF
22413.86127758026,79.02,27.4,LED_OFF
22418.424446821213,78.58,28.7,LED_OFF
22422.98725771904,78.49,28.7,LED_OFF
22427.54991531372,79.15,27.5,LED_OFF
22432.1128013134,79.07,28.1,LED_OFF
22436.675812721252,78.97,28.7,LED_OFF
22441.238925933838,79.71,28.8,LED_OFF
22445.80171561241,79.37,28.9,LED_OFF
22450.364603042603,79.51,28.1,LED_OFF
22454.927782535553,80.02,27.4,LED_OFF
22459.491004228592,80.02,28.3,LED_OFF
22464.05370903015,80.05,27.0,LED_OFF
22468.616657972336,80.15,27.1,LED_OFF
22473.179667949677,79.9,27.3,LED_OFF
22477.742280960083,79.85,28.3,LED_OFF
22482.30522799492,80.07,28.6,LED_OFF
22486.868275403976,79.85,28.5,LED_OFF
22491.431395292282,79.46,27.9,LED_OFF
22495.99405360222,79.22,27.4,LED_OFF
22500.556988954544,79.29,28.5,LED_OFF
22505.120012521744,79.34,27.3,LED_OFF
22509.683130264282,79.95,27.3,LED_OFF
22514.245888471603,79.41,27.5,LED_OFF
22518.808989286423,79.44,28.6,LED_OFF
22523.371934890747,79.71,27.9,LED_OFF
22527.93484044075,79.54,27.8,LED_OFF
22532.49748301506,79.29,28.7,LED_OFF
22537.060530900955,79.58,27.0,LED_OFF
22541.623884916306,79.9,28.6,LED_OFF
22546.186474323273,79.66,28.6,LED_OFF
22550.749408721924,79.76,27.5,LED_OFF
22555.312381267548,80.07,28.6,LED_OFF
22559.875107765198,80.61,27.9,LED_OFF
22564.438170433044,80.83,27.9,LED_OFF
22569.001044988632,80.51,28.8,LED_OFF
22573.56422996521,80.46,27.4,LED_OFF
22578.12693953514,80.54,28.4,LED_OFF
22582.690274953842,80.68,27.0,LED_OFF
22587.25279855728,80.85,27.1,LED_OFF
22591.815792798996,80.81,27.7,LED_OFF
22596.378677606583,80.83,28.0,LED_OFF
22600.94187951088,80.68,28.7,LED_OFF
22605.504612207413,80.73,27.2,LED_OFF
22610.067601919174,80.07,27.4,LED_OFF
22614.63039946556,80.1,27.6,LED_OFF
22619.193612098694,80.1,28.3,LED_OFF
22623.756714582443,80.2,27.3,LED_OFF
22628.31929540634,80.32,28.7,LED_OFF
22632.882378578186,80.34,28.9,LED_OFF
22637.445237874985,80.22,28.2,LED_OFF
22642.0080678463,80.44,28.5,LED_OFF
22646.5710606575,80.73,27.6,LED_OFF
22651.133964061737,80.85,28.7,LED_OFF
22655.697033643723,80.76,28.1,LED_OFF
22660.259877443314,80.93,27.3,LED_OFF
22664.82306575775,81.42,28.7,LED_OFF
22669.385796308517,80.22,27.9,LED_OFF
22673.948784589767,81.64,27.2,LED_OFF
22678.511673927307,81.56,28.0,LED_OFF
22683.07452726364,81.9,27.5,LED_OFF
22687.637620925903,81.47,27.2,LED_OFF
22692.200488567352,81.17,28.1,LED_OFF
22696.76358103752,81.32,28.6,LED_OFF
22701.326416492462,81.49,28.3,LED_OFF
22705.88947701454,81.1,27.9,LED_OFF
22710.45225906372,81.61,28.5,LED_OFF
22715.015090703964,80.59,27.6,LED_OFF
22719.57829117775,81.49,28.5,LED_OFF
22724.1409406662,81.47,28.0,LED_OFF
22728.70399403572,81.64,27.7,LED_OFF
22733.26695728302,81.51,27.8,LED_OFF
22737.829963445663,81.64,28.0,LED_OFF
22742.392742156982,80.95,28.0,LED_OFF
22746.956113100052,81.59,27.3,LED_OFF
22751.51856160164,80.63,27.2,LED_OFF
22756.081686258316,81.39,28.9,LED_OFF
22760.64462041855,81.81,27.1,LED_OFF
22765.207737207413,81.54,28.1,LED_OFF
22769.770399808884,81.42,28.7,LED_OFF
22774.33332514763,81.51,27.8,LED_OFF
22778.896161079407,81.03,27.4,LED_OFF
22783.459271907806,81.22,27.5,LED_OFF
22788.02244400978,81.32,27.7,LED_OFF
22792.585261821747,80.9,28.9,LED_OFF
22797.147966384888,81.12,27.9,LED_OFF
22801.710916280746,81.2,27.4,LED_OFF
22806.273943185806,80.85,27.8,LED_OFF
22810.83684015274,81.56,28.9,LED_OFF
22815.39976668358,81.12,27.9,LED_OFF
22819.962866544724,81.0,27.1,LED_OFF
22824.52666735649,81.03,28.0,LED_OFF
22829.08884525299,81.68,28.7,LED_OFF
22833.651634693146,81.37,27.3,LED_OFF
22838.21462726593,81.56,27.1,LED_OFF
22842.777576446533,80.9,28.8,LED_OFF
22847.340361356735,81.17,28.1,LED_OFF
22851.90329670906,81.29,27.6,LED_OFF
22856.466339349747,80.98,28.7,LED_OFF
22861.029090166092,81.29,27.2,LED_OFF
22865.59228658676,81.32,27.5,LED_OFF
22870.155433177948,81.15,28.4,LED_OFF
22874.718203544617,81.29,27.4,LED_OFF
22879.280973672867,81.0,27.2,LED_OFF
22883.84377002716,81.12,28.0,LED_OFF
22888.407012462616,81.27,27.0,LED_OFF
22892.96967768669,81.27,27.4,LED_OFF
22897.533348321915,81.47,28.6,LED_OFF
22902.095790863037,81.2,28.1,LED_OFF
22906.658653974533,81.0,27.4,LED_OFF
22911.22184252739,80.68,28.0,LED_OFF
22915.784364700317,80.78,27.6,LED_OFF
22920.34747481346,80.83,27.8,LED_OFF
22924.911082983017,80.93,27.1,LED_OFF
22929.473483800888,80.85,27.9,LED_OFF
22934.036122083664,81.76,27.9,LED_OFF
22938.5989985466,81.12,27.7,LED_OFF
22943.161984443665,80.98,27.6,LED_OFF
22947.7249686718,82.15,27.4,LED_OFF
22952.288323402405,81.1,28.5,LED_OFF
22956.851043701172,81.39,27.5,LED_OFF
22961.413735628128,81.32,28.2,LED_OFF
22965.976770162582,81.29,27.9,LED_OFF
22970.539833307266,81.59,27.1,LED_OFF
22975.102692604065,81.37,28.3,LED_OFF
22979.66559100151,81.27,28.2,LED_OFF
22984.22855114937,81.61,27.9,LED_OFF
22988.791425704956,81.64,27.1,LED_OFF
22993.354817390442,81.61,27.0,LED_OFF
22997.917374372482,81.47,28.6,LED_OFF
23002.48024058342,81.76,27.3,LED_OFF
23007.04337954521,81.54,27.0,LED_OFF
23011.60629606247,81.17,27.8,LED_OFF
23016.169338941574,81.98,28.7,LED_OFF
23020.732357263565,81.61,27.8,LED_OFF
23025.295424222946,81.64,28.8,LED_OFF
23029.85803961754,81.49,27.1,LED_OFF
23034.421178102493,81.59,27.2,LED_OFF
23038.98375916481,81.42,27.9,LED_OFF
23043.546724557877,80.71,27.1,LED_OFF
23048.10981965065,80.61,28.3,LED_OFF
23052.67249274254,80.85,28.6,LED_OFF
23061.799057245255,81.22,27.9,LED_OFF
23066.36157131195,81.03,28.3,LED_OFF
23070.92459988594,81.07,27.5,LED_OFF
23075.48772907257,81.51,27.2,LED_OFF
23080.05018210411,80.46,27.6,LED_OFF
23084.613213062286,81.1,28.2,LED_OFF
23089.176538467407,81.64,27.8,LED_OFF
23093.739086151123,81.68,28.9,LED_OFF
23098.301978111267,82.42,27.0,LED_OFF
23102.864961862564,81.42,27.4,LED_OFF
23107.427867889404,81.93,27.3,LED_OFF
23111.99103951454,81.88,27.0,LED_OFF
23116.55415916443,82.0,27.1,LED_OFF
23121.116797447205,81.98,28.9,LED_OFF
23125.67959499359,81.86,27.5,LED_OFF
23130.242736577988,82.08,28.2,LED_OFF
23134.805591106415,81.93,28.8,LED_OFF
23139.36843442917,81.98,27.1,LED_OFF
23143.931563854218,81.98,27.0,LED_OFF
23148.49437355995,82.08,28.8,LED_OFF
23153.057595014572,81.98,28.4,LED_OFF
23157.62051963806,82.03,28.6,LED_OFF
23162.18307852745,81.9,28.3,LED_OFF
23166.745934009552,81.83,28.9,LED_OFF
23171.309480667114,81.95,28.9,LED_OFF
23175.87218618393,81.68,27.2,LED_OFF
23180.43494963646,81.64,28.8,LED_OFF
23184.99776148796,81.86,28.8,LED_OFF
23189.560996055603,81.81,28.2,LED_OFF
23194.123689174652,81.64,28.1,LED_OFF
23198.686755657196,81.64,28.0,LED_OFF
23203.249551534653,81.37,27.7,LED_OFF
23207.812401771545,81.27,28.1,LED_OFF
23212.375673532486,81.32,27.2,LED_OFF
23216.938336849213,81.27,28.7,LED_OFF
23221.501530885696,82.0,27.7,LED_OFF
23226.06437444687,81.07,27.1,LED_OFF
23230.627245426178,80.85,27.3,LED_OFF
23235.190114974976,81.07,28.8,LED_OFF
23239.753717660904,80.85,28.2,LED_OFF
23244.316143989563,80.02,27.3,LED_OFF
23248.879073143005,80.63,27.5,LED_OFF
23253.44203352928,80.24,27.4,LED_OFF
23258.00485444069,80.15,27.2,LED_OFF
23262.567911863327,80.22,27.6,LED_OFF
23267.130707740784,80.02,28.6,LED_OFF
23271.69410586357,79.71,28.0,LED_OFF
23276.256577968597,79.95,28.3,LED_OFF
23280.819845438004,79.95,27.7,LED_OFF
23285.38244700432,79.68,27.4,LED_OFF
23289.9455845356,79.71,27.3,LED_OFF
23294.50830554962,79.29,27.8,LED_OFF
23299.071368694305,78.85,27.5,LED_OFF
23303.63423538208,79.12,27.4,LED_OFF
23308.197247505188,79.27,28.4,LED_OFF
23312.76004767418,79.51,28.7,LED_OFF
23317.32334280014,79.29,27.1,LED_OFF
23321.885870218277,79.19,28.1,LED_OFF
23326.44895195961,79.27,28.7,LED_OFF
23331.011799812317,79.39,27.0,LED_OFF
23335.575063705444,79.15,28.0,LED_OFF
23340.137721061707,79.17,28.3,LED_OFF
23344.70080780983,79.29,28.5,LED_OFF
23349.26368546486,79.29,28.2,LED_OFF
23353.826590061188,78.44,27.0,LED_OFF
23358.389526844025,78.58,28.1,LED_OFF
23362.95241546631,78.66,27.9,LED_OFF
23367.51561522484,79.68,28.2,LED_OFF
23372.078365325928,78.95,27.7,LED_OFF
23376.641309261322,78.88,28.7,LED_OFF
23381.20426774025,78.63,28.9,LED_OFF
23385.76713371277,78.93,27.4,LED_OFF
23390.330275297165,79.29,27.3,LED_OFF
23394.893140554428,79.41,27.0,LED_OFF
23399.45598936081,79.8,27.1,LED_OFF
23404.019223451614,79.12,27.0,LED_OFF
23408.58190870285,80.07,27.1,LED_OFF
23413.144877433777,80.1,28.3,LED_OFF
23417.708102941513,80.05,27.0,LED_OFF
23422.270748853683,79.9,28.0,LED_OFF
23426.833611011505,78.85,28.1,LED_OFF
23431.396543741226,79.41,27.6,LED_OFF
23435.95955991745,79.29,28.3,LED_OFF
23440.52274298668,79.34,27.1,LED_OFF
23445.085231542587,79.0,28.7,LED_OFF
23449.648557662964,79.34,28.4,LED_OFF
23454.211369037628,79.66,28.2,LED_OFF
23458.774489879608,79.02,28.4,LED_OFF
23463.337434768677,79.68,27.7,LED_OFF
23467.900097846985,79.73,28.6,LED_OFF
23472.463392972946,79.17,27.5,LED_OFF
23477.026141881943,77.66,28.7,LED_OFF
23481.588865041733,77.39,28.5,LED_OFF
23486.152274131775,77.39,28.1,LED_OFF
23490.714680194855,77.48,28.7,LED_OFF
23495.277717113495,77.56,27.6,LED_OFF
23499.8406727314,77.56,28.1,LED_OFF
23504.403699159622,77.56,28.0,LED_OFF
23508.96669101715,77.44,27.8,LED_OFF
23513.52964949608,77.02,28.5,LED_OFF
23518.092339992523,77.14,28.5,LED_OFF
23522.65548658371,77.09,27.2,LED_OFF
23527.218286275864,76.83,27.4,LED_OFF
23531.78120994568,76.65,28.3,LED_OFF
23536.344281435013,76.63,27.0,LED_OFF
23540.907219409943,76.36,27.9,LED_OFF
23545.470322847366,76.73,28.5,LED_OFF
23550.033305168152,76.17,28.6,LED_OFF
23554.59615635872,76.83,27.8,LED_OFF
23559.15879034996,76.46,27.1,LED_OFF
23563.721879005432,76.17,27.0,LED_OFF
23568.28520178795,76.92,27.3,LED_OFF
23572.847834587097,76.68,27.7,LED_OFF
23577.410566806793,76.17,27.5,LED_OFF
23581.97351360321,76.68,28.0,LED_OFF
23586.536487340927,76.58,28.1,LED_OFF
23591.099466085434,76.26,27.9,LED_OFF
23595.66231250763,76.07,27.5,LED_OFF
23600.225275993347,75.63,28.6,LED_OFF
23604.788681983948,75.85,27.0,LED_OFF
23609.35109114647,76.04,28.6,LED_OFF
23613.914120674133,75.85,28.4,LED_OFF
23618.477203845978,75.95,27.2,LED_OFF
23623.040230751038,75.38,27.1,LED_OFF
23627.603131055832,75.48,28.9,LED_OFF
23632.166429042816,76.53,27.6,LED_OFF
23636.72877407074,75.6,27.3,LED_OFF
23641.291816711426,76.17,28.9,LED_OFF
23645.854952335358,75.65,27.5,LED_OFF
23650.417682647705,75.65,28.3,LED_OFF
23654.980623722076,75.51,27.8,LED_OFF
23659.54363131523,75.53,27.8,LED_OFF
23664.106541395187,75.68,28.2,LED_OFF
23668.669687747955,75.34,27.2,LED_OFF
23673.232248306274,75.43,27.9,LED_OFF
23682.35861849785,75.41,28.4,LED_OFF
23686.921115875244,75.43,27.7,LED_OFF
23691.48402905464,75.02,28.8,LED_OFF
23696.047030448914,75.46,27.4,LED_OFF
23700.61012482643,75.51,27.7,LED_OFF
23705.17307972908,75.16,28.0,LED_OFF
23709.73589348793,75.34,28.8,LED_OFF
23714.29887318611,75.38,28.0,LED_OFF
23718.8618619442,75.38,28.7,LED_OFF
23723.424606323242,75.38,27.5,LED_OFF
23727.987953424454,75.38,28.6,LED_OFF
23732.550926208496,75.38,28.3,LED_OFF
23737.11379122734,75.46,27.4,LED_OFF
23741.676394701004,75.24,27.8,LED_OFF
23746.239459991455,75.12,28.0,LED_OFF
23750.802281856537,75.31,28.2,LED_OFF
23755.36582827568,75.36,28.9,LED_OFF
23759.9281334877,75.02,27.5,LED_OFF
23764.491137742996,75.26,28.2,LED_OFF
23769.054030418396,75.19,27.5,LED_OFF
23773.61697125435,75.02,27.5,LED_OFF
23778.17999458313,75.31,28.5,LED_OFF
23782.74288535118,75.16,27.7,LED_OFF
23787.30576133728,75.26,27.7,LED_OFF
23791.868965148926,75.34,27.3,LED_OFF
23800.995628356934,75.34,28.5,LED_OFF
23805.557790994644,75.26,28.0,LED_OFF
23810.12059521675,75.09,27.9,LED_OFF
23814.683826446533,74.55,28.5,LED_OFF
23819.246749162674,74.63,27.1,LED_OFF
23823.80957388878,75.02,27.5,LED_OFF
23828.372481822968,75.07,28.2,LED_OFF
23832.93513727188,75.6,27.7,LED_OFF
23837.498210668564,75.51,27.4,LED_OFF
23842.0611641407,75.02,28.0,LED_OFF
23846.6240336895,75.21,27.2,LED_OFF
23851.18715119362,75.04,28.1,LED_OFF
23855.750378608704,74.77,28.1,LED_OFF
23860.312923669815,74.8,27.5,LED_OFF
23864.875801086426,75.09,28.9,LED_OFF
23869.4387819767,74.65,28.8,LED_OFF
23874.001794815063,74.73,27.9,LED_OFF
23878.565145730972,75.02,27.1,LED_OFF
23883.127521276474,75.07,27.6,LED_OFF
23887.690738916397,74.6,28.6,LED_OFF
23892.253486394882,74.6,27.3,LED_OFF
23896.816396951675,74.82,28.4,LED_OFF
23901.37944126129,74.53,28.4,LED_OFF
23905.9424097538,74.68,27.7,LED_OFF
23910.5053460598,75.51,28.4,LED_OFF
23915.068089962006,75.02,28.8,LED_OFF
23919.631244421005,75.24,27.2,LED_OFF
23924.1941075325,75.02,27.3,LED_OFF
23928.75722527504,74.75,27.3,LED_OFF
23933.319984436035,74.73,27.7,LED_OFF
23937.88311481476,75.02,27.6,LED_OFF
23942.44572854042,75.04,27.7,LED_OFF
23947.008729696274,75.12,27.0,LED_OFF
23951.571684122086,75.02,28.1,LED_OFF
23956.13479089737,75.14,27.8,LED_OFF
23960.697598218918,74.31,28.7,LED_OFF
23965.260591506958,74.73,27.6,LED_OFF
23969.82338500023,74.73,27.0,LED_OFF
23974.3866853714,75.02,27.1,LED_OFF
23978.949502706528,74.58,27.7,LED_OFF
23983.51242351532,74.6,28.6,LED_OFF
23988.075338602066,74.33,27.4,LED_OFF
23992.638199567795,74.24,28.3,LED_OFF
23997.20103597641,74.51,28.7,LED_OFF
24001.763947963715,74.7,27.9,LED_OFF
24006.326853752136,74.6,28.7,LED_OFF
24010.890130519867,74.7,28.6,LED_OFF
24015.45290327072,74.6,28.0,LED_OFF
24020.01591849327,74.33,27.8,LED_OFF
24024.57888364792,74.65,28.3,LED_OFF
24029.141608953476,74.7,27.4,LED_OFF
24033.70474243164,73.99,27.3,LED_OFF
24038.267564058304,74.6,28.9,LED_OFF
24042.830496311188,74.63,27.7,LED_OFF
24047.39393544197,74.6,27.9,LED_OFF
24051.95658159256,75.12,28.4,LED_OFF
24056.51937842369,74.46,28.3,LED_OFF
24061.08255624771,74.53,27.9,LED_OFF
24065.645239830017,74.58,27.3,LED_OFF
24070.208173513412,75.51,28.9,LED_OFF
24074.7711789608,74.53,28.3,LED_OFF
24079.334374427795,74.43,28.2,LED_OFF
24083.896925210953,74.73,28.0,LED_OFF
24088.459973096848,74.19,28.5,LED_OFF
24093.02293753624,74.6,27.2,LED_OFF
24097.585909843445,74.55,28.8,LED_OFF
24102.14881491661,74.55,28.9,LED_OFF
24106.711604595184,74.6,28.7,LED_OFF
24111.27475833893,74.6,28.2,LED_OFF
24115.83779525757,74.48,27.3,LED_OFF
24120.400564193726,74.21,27.0,LED_OFF
24124.963611125946,74.6,27.3,LED_OFF
24129.526440143585,74.43,28.4,LED_OFF
24134.089699983597,74.38,28.1,LED_OFF
24138.65237760544,74.38,27.3,LED_OFF
24143.215749025345,74.51,28.5,LED_OFF
24147.77975010872,74.19,28.5,LED_OFF
24152.34112238884,74.65,27.0,LED_OFF
24156.904017686844,74.33,27.0,LED_OFF
24161.466916322708,74.26,28.8,LED_OFF
24166.029922246933,74.29,28.8,LED_OFF
24170.592742919922,74.38,28.5,LED_OFF
24175.155834913254,74.33,28.3,LED_OFF
24179.71896314621,74.29,28.9,LED_OFF
24184.281643867493,74.24,27.3,LED_OFF
24188.844772577286,74.38,27.8,LED_OFF
24193.407496213913,74.07,27.2,LED_OFF
24197.970422506332,74.16,28.7,LED_OFF
24202.533320903778,74.07,28.0,LED_OFF
24207.096304655075,74.24,28.5,LED_OFF
24211.65954732895,73.89,28.5,LED_OFF
24216.222258090973,74.11,27.9,LED_OFF
24220.785174369812,73.43,28.2,LED_OFF
24225.348113775253,73.94,28.0,LED_OFF
24229.911002397537,73.99,28.4,LED_OFF
24234.474113225937,74.04,27.9,LED_OFF
24239.036978960037,73.89,27.5,LED_OFF
24243.599840402603,73.87,27.8,LED_OFF
24248.163021326065,73.94,27.1,LED_OFF
24252.726023197174,73.97,28.7,LED_OFF
24257.288721323013,74.09,27.9,LED_OFF
24261.851820468903,74.75,28.7,LED_OFF
24266.41454744339,73.94,28.3,LED_OFF
24270.977659463882,73.82,27.1,LED_OFF
24275.540571451187,73.72,28.8,LED_OFF
24280.103513002396,73.85,28.0,LED_OFF
24284.666313409805,74.04,28.3,LED_OFF
24289.229274511337,74.07,28.4,LED_OFF
24293.792144060135,74.04,28.3,LED_OFF
24298.355167865753,73.97,28.4,LED_OFF
24302.918145418167,73.89,28.1,LED_OFF
24307.48115825653,73.85,28.1,LED_OFF
24312.044003009796,73.85,28.3,LED_OFF
24316.60712647438,74.21,27.7,LED_OFF
24321.169793367386,73.94,27.7,LED_OFF
24325.732773542404,74.16,28.9,LED_OFF
24330.295563459396,74.07,28.9,LED_OFF
24334.858709335327,75.04,28.8,LED_OFF
24339.421674728394,73.89,28.5,LED_OFF
24343.98449420929,73.87,27.0,LED_OFF
24348.547397851944,74.14,27.5,LED_OFF
24353.110399246216,74.14,27.0,LED_OFF
24357.67330622673,74.26,28.7,LED_OFF
24362.23651123047,73.99,27.5,LED_OFF
24366.799295425415,74.26,27.4,LED_OFF
24371.362504720688,74.14,27.9,LED_OFF
24375.925230026245,74.04,28.4,LED_OFF
24380.48802304268,74.16,28.6,LED_OFF
24385.051159143448,74.29,27.2,LED_OFF
24389.614072561264,74.09,27.9,LED_OFF
24394.177228689194,74.26,27.8,LED_OFF
24398.740020036697,74.48,28.8,LED_OFF
24403.30290389061,74.26,27.4,LED_OFF
24407.86562347412,74.24,28.1,LED_OFF
24412.42884874344,74.36,27.0,LED_OFF
24416.99153280258,73.8,28.2,LED_OFF
24421.55472302437,74.38,28.0,LED_OFF
24426.117609500885,74.53,28.4,LED_OFF
24430.6815469265,74.48,27.1,LED_OFF
24435.243234157562,74.46,28.0,LED_OFF
24439.80628490448,74.51,27.5,LED_OFF
24444.369209766388,75.02,27.3,LED_OFF
24448.9323656559,74.58,28.4,LED_OFF
24458.059497117996,74.6,28.8,LED_OFF
24462.6211104393,74.65,28.2,LED_OFF
24467.18394112587,74.65,27.8,LED_OFF
24471.746938228607,75.02,28.8,LED_OFF
24476.30978679657,74.75,28.8,LED_OFF
24480.87299489975,75.04,28.0,LED_OFF
24485.435992717743,74.73,27.1,LED_OFF
24489.998668193817,75.02,28.5,LED_OFF
24494.561886787415,74.63,28.3,LED_OFF
24499.124501228333,74.31,28.5,LED_OFF
24503.68763422966,75.02,27.6,LED_OFF
24508.25040578842,74.73,27.4,LED_OFF
24512.813821315765,75.09,27.3,LED_OFF
24517.376541137695,75.19,28.9,LED_OFF
24521.939422130585,75.14,28.4,LED_OFF
24526.502368211746,75.02,28.7,LED_OFF
24531.065237045288,75.04,27.7,LED_OFF
24535.628098011017,75.02,28.0,LED_OFF
24540.190947771072,75.14,27.9,LED_OFF
24544.753987312317,75.38,28.9,LED_OFF
24549.316915273666,75.31,27.0,LED_OFF
24553.879997253418,76.17,27.5,LED_OFF
24558.442838907242,75.38,28.0,LED_OFF
24563.005923509598,75.26,27.7,LED_OFF
24567.568782806396,75.04,28.5,LED_OFF
24572.131868124008,75.24,27.2,LED_OFF
24576.69465279579,75.24,27.3,LED_OFF
24581.25751066208,75.26,28.3,LED_OFF
24585.820454597473,75.21,28.3,LED_OFF
24590.38347887993,75.16,28.2,LED_OFF
24594.94618844986,75.16,28.5,LED_OFF
24599.509179592133,75.43,28.0,LED_OFF
24604.072350263596,75.36,28.0,LED_OFF
24608.635076999664,75.6,27.2,LED_OFF
24613.19796037674,76.0,27.6,LED_OFF
24617.76110768318,75.41,28.4,LED_OFF
24622.324148893356,75.14,27.0,LED_OFF
24626.886805534363,75.41,27.2,LED_OFF
24631.450082063675,75.43,28.2,LED_OFF
24636.012933015823,75.12,28.5,LED_OFF
24640.57594394684,75.38,28.3,LED_OFF
24645.138731479645,75.38,27.4,LED_OFF
24649.70153260231,75.34,27.6,LED_OFF
24654.26472568512,75.56,28.5,LED_OFF
24658.827393054962,76.09,28.5,LED_OFF
24663.390445947647,75.29,27.2,LED_OFF
24667.953670978546,75.29,27.7,LED_OFF
24672.51647567749,75.36,28.6,LED_OFF
24677.080007076263,75.38,27.1,LED_OFF
24681.642163038254,75.7,28.2,LED_OFF
24686.205400705338,74.68,28.9,LED_OFF
24690.76788043976,75.31,27.3,LED_OFF
24695.330896139145,75.46,28.0,LED_OFF
24699.893947839737,76.09,27.6,LED_OFF
24704.456918001175,75.31,27.6,LED_OFF
24709.019976615906,75.41,28.0,LED_OFF
24713.58274745941,75.38,28.5,LED_OFF
24718.145734786987,75.38,27.2,LED_OFF
24722.708664655685,75.14,27.7,LED_OFF
24727.271728038788,75.34,28.2,LED_OFF
24731.834444999695,75.38,27.0,LED_OFF
24736.397448539734,75.31,28.3,LED_OFF
24740.96028995514,75.04,27.6,LED_OFF
24745.52342605591,75.14,27.0,LED_OFF
24750.08617043495,75.04,27.0,LED_OFF
24754.649478912354,75.21,28.8,LED_OFF
24759.21239089966,75.38,28.1,LED_OFF
24763.77519106865,75.14,27.6,LED_OFF
24768.337981939316,75.02,28.4,LED_OFF
24772.90097761154,75.02,27.8,LED_OFF
24777.46387052536,75.31,27.0,LED_OFF
24782.026868104935,74.77,27.3,LED_OFF
24786.58988380432,74.53,27.3,LED_OFF
24791.152730941772,74.33,27.1,LED_OFF
24795.715683221817,75.12,27.8,LED_OFF
24800.27877497673,75.02,28.5,LED_OFF
24804.841375350952,75.02,27.9,LED_OFF
24809.404563188553,74.77,27.1,LED_OFF
24813.96765589714,75.02,28.5,LED_OFF
24818.530609846115,75.02,28.6,LED_OFF
24823.09325146675,74.58,28.2,LED_OFF
24827.656315088272,75.14,28.5,LED_OFF
24832.219168186188,75.16,28.7,LED_OFF
24836.78210091591,75.29,28.2,LED_OFF
24841.345105171204,74.33,27.7,LED_OFF
24845.907902240753,75.02,27.7,LED_OFF
24850.471222877502,75.16,28.0,LED_OFF
24855.03379893303,75.31,27.8,LED_OFF
24859.596843004227,75.38,28.6,LED_OFF
24864.15970993042,75.31,28.4,LED_OFF
24868.72271180153,74.58,28.4,LED_OFF
24873.285512924194,75.36,27.3,LED_OFF
24877.848818063736,75.38,27.9,LED_OFF
24882.411606788635,75.38,27.8,LED_OFF
24886.97458910942,75.51,27.0,LED_OFF
24891.53758788109,75.43,28.2,LED_OFF
24896.100327014923,75.78,27.0,LED_OFF
24900.66326856613,75.85,28.6,LED_OFF
24905.226493120193,75.6,27.6,LED_OFF
24909.78927755356,75.75,28.7,LED_OFF
24914.352038383484,75.26,27.3,LED_OFF
24918.91516304016,75.82,27.3,LED_OFF
24923.478175878525,76.29,27.9,LED_OFF
24928.04089331627,75.9,27.7,LED_OFF
24932.6039249897,76.12,28.5,LED_OFF
24937.16686487198,76.48,28.3,LED_OFF
24941.729833364487,76.14,27.6,LED_OFF
24946.292823553085,76.21,27.1,LED_OFF
24950.855610847473,76.09,27.6,LED_OFF
24955.418741941452,76.61,28.0,LED_OFF
24959.981629371643,76.43,27.5,LED_OFF
24964.54452896118,76.58,28.8,LED_OFF
24969.107394695282,76.63,27.2,LED_OFF
24973.670648813248,76.8,27.3,LED_OFF
24978.233465909958,76.9,27.3,LED_OFF
24982.79632616043,76.97,27.6,LED_OFF
24987.35942530632,77.0,28.4,LED_OFF
24991.922159433365,77.22,27.6,LED_OFF
24996.4852643013,77.12,28.7,LED_OFF
25001.04798412323,78.12,28.0,LED_OFF
25005.610862016678,77.73,27.5,LED_OFF
25010.173837184906,77.78,28.8,LED_OFF
25014.736996412277,77.97,28.3,LED_OFF
25019.299840450287,77.95,28.6,LED_OFF
25023.86317539215,78.02,27.1,LED_OFF
25028.425654888153,78.1,28.5,LED_OFF
25032.988535881042,78.17,28.2,LED_OFF
25037.55140733719,78.39,28.1,LED_OFF
25042.114372968674,78.51,28.9,LED_OFF
25046.67733979225,78.51,28.6,LED_OFF
25051.240372896194,79.17,27.6,LED_OFF
25055.803309440613,78.95,27.1,LED_OFF
25060.366334199905,79.1,28.0,LED_OFF
25064.929110765457,79.29,27.3,LED_OFF
25069.492082595825,79.12,28.4,LED_OFF
25074.055032491684,79.12,28.1,LED_OFF
25078.61816596985,79.44,28.7,LED_OFF
25083.18086719513,79.27,27.0,LED_OFF
25087.743933439255,79.44,27.5,LED_OFF
25092.30669093132,79.71,28.4,LED_OFF
25096.869916439056,79.68,27.0,LED_OFF
25101.432690620422,79.83,27.5,LED_OFF
25105.995765209198,79.78,27.4,LED_OFF
25110.55845308304,79.85,27.1,LED_OFF
25115.121459007263,80.07,27.3,LED_OFF
25119.68460202217,80.34,27.7,LED_OFF
25124.247520685196,80.02,28.7,LED_OFF
25128.81041932106,80.2,28.0,LED_OFF
25133.373163700104,80.37,28.6,LED_OFF
25137.93661236763,80.15,28.3,LED_OFF
25142.49919605255,80.1,28.2,LED_OFF
25147.062153100967,79.29,27.2,LED_OFF
25151.625195503235,80.2,28.1,LED_OFF
25156.188259601593,80.17,27.2,LED_OFF
25160.75095152855,80.85,28.1,LED_OFF
25165.31395292282,80.88,28.6,LED_OFF
25169.876821279526,80.85,28.6,LED_OFF
25174.439683914185,81.15,28.6,LED_OFF
25179.003066062927,81.42,27.1,LED_OFF
25183.565758228302,81.25,27.3,LED_OFF
25188.12868785858,81.34,28.6,LED_OFF
25192.691715717316,81.2,28.8,LED_OFF
25197.254290819168,80.88,27.4,LED_OFF
25201.817276239395,81.25,28.4,LED_OFF
25206.380262613297,81.9,27.4,LED_OFF
25210.94336915016,81.68,28.4,LED_OFF
25215.50606584549,81.54,27.7,LED_OFF
25220.069289922714,81.49,28.0,LED_OFF
25224.632061243057,80.68,28.4,LED_OFF
25229.19507241249,80.44,27.0,LED_OFF
25233.75795173645,80.29,27.8,LED_OFF
25238.321022748947,80.88,28.6,LED_OFF
25242.884085178375,79.71,27.3,LED_OFF
25247.44692850113,79.56,27.9,LED_OFF
25252.00972723961,79.41,28.5,LED_OFF
25256.572617053986,78.93,28.7,LED_OFF
25261.135628938675,79.34,28.8,LED_OFF
25265.69868373871,78.66,27.4,LED_OFF
25270.261567115784,78.78,28.5,LED_OFF
25274.82430076599,78.68,28.3,LED_OFF
25279.387316465378,78.41,27.4,LED_OFF
25283.950711488724,78.44,28.2,LED_OFF
25288.513224363327,78.27,28.5,LED_OFF
25293.076080799103,78.34,28.4,LED_OFF
25297.639125823975,77.73,27.6,LED_OFF
25302.202028036118,78.39,27.4,LED_OFF
25306.765045166016,78.51,28.1,LED_OFF
25311.32796239853,78.34,28.8,LED_OFF
25315.891098499298,78.34,27.6,LED_OFF
25320.453888893127,78.41,28.4,LED_OFF
25325.01696252823,78.39,27.9,LED_OFF
25329.579833745956,78.36,28.5,LED_OFF
25334.14271759987,77.61,27.4,LED_OFF
25338.705659627914,78.63,28.8,LED_OFF
25343.268748998642,78.44,28.0,LED_OFF
25347.831519842148,78.29,28.0,LED_OFF
25352.39451932907,78.36,27.2,LED_OFF
25356.957554340363,78.41,28.0,LED_OFF
25361.520390748978,78.51,28.9,LED_OFF
25366.083255767822,78.53,27.1,LED_OFF
25370.64631295204,78.41,27.9,LED_OFF
25375.209273815155,78.66,27.0,LED_OFF
25379.772178649902,78.83,28.2,LED_OFF
25384.335244894028,78.66,28.3,LED_OFF
25388.89797091484,78.88,27.4,LED_OFF
25393.461277008057,78.36,27.2,LED_OFF
25398.02381682396,79.02,28.2,LED_OFF
25402.586793661118,79.19,28.9,LED_OFF
25407.149811029434,79.22,28.4,LED_OFF
25411.712697267532,79.51,28.8,LED_OFF
25416.27559375763,79.27,27.8,LED_OFF
25420.838662862778,79.29,28.0,LED_OFF
25425.401483535767,79.29,28.4,LED_OFF
25429.964526176453,79.54,27.3,LED_OFF
25434.52752685547,79.37,27.9,LED_OFF
25439.091079950333,79.63,28.6,LED_OFF
25443.653277635574,79.66,27.6,LED_OFF
25448.21625304222,79.17,27.2,LED_OFF
25452.779282808304,79.68,28.2,LED_OFF
25457.342027902603,79.54,27.8,LED_OFF
25461.904981851578,79.83,28.7,LED_OFF
25466.468190193176,80.07,28.8,LED_OFF
25471.030884742737,80.17,28.0,LED_OFF
25475.593689918518,80.32,28.5,LED_OFF
25480.156715631485,80.54,28.7,LED_OFF
25484.719757556915,79.8,27.9,LED_OFF
25489.282761335373,80.39,28.1,LED_OFF
25493.845813512802,80.2,28.9,LED_OFF
25498.40854549408,80.02,28.2,LED_OFF
25502.971474409103,80.15,27.1,LED_OFF
25507.534589767456,80.44,27.2,LED_OFF
25512.097339868546,80.51,28.6,LED_OFF
25516.660390377045,80.68,28.7,LED_OFF
25521.223368883133,81.64,27.9,LED_OFF
25525.786114931107,80.29,27.5,LED_OFF
25530.34903025627,79.95,28.1,LED_OFF
25534.912209272385,80.15,27.3,LED_OFF
25539.475242614746,80.22,27.7,LED_OFF
25544.03811597824,80.22,27.1,LED_OFF
25548.60107254982,80.39,27.4,LED_OFF
25553.163773059845,80.22,27.9,LED_OFF
25557.726754665375,80.73,27.4,LED_OFF
25562.289766311646,80.76,27.2,LED_OFF
25566.853271722794,79.54,28.2,LED_OFF
25571.41560816765,79.29,28.3,LED_OFF
25575.978756427765,78.95,27.4,LED_OFF
25580.54167151451,79.27,27.3,LED_OFF
25585.10458111763,78.66,28.2,LED_OFF
25589.66751885414,78.63,28.6,LED_OFF
25594.23019528389,78.19,27.1,LED_OFF
25598.793939590454,78.19,28.5,LED_OFF
25603.356093406677,78.88,28.1,LED_OFF
25607.919043064117,78.29,27.2,LED_OFF
25612.482380867004,78.51,27.3,LED_OFF
25617.044934511185,78.14,28.0,LED_OFF
25621.608156442642,78.17,27.9,LED_OFF
25626.170914649963,78.34,28.3,LED_OFF
25630.734082460403,78.27,27.3,LED_OFF
25635.296762228012,78.07,28.6,LED_OFF
25639.859710216522,78.22,27.4,LED_OFF
25644.422631263733,78.12,27.3,LED_OFF
25648.985537290573,78.22,27.8,LED_OFF
25653.548485040665,78.34,28.1,LED_OFF
25658.111757278442,77.9,28.9,LED_OFF
25662.67454123497,78.19,28.3,LED_OFF
25667.237577676773,78.14,28.5,LED_OFF
25671.800508499146,78.14,27.2,LED_OFF
25676.363241910934,78.12,27.3,LED_OFF
25680.926154851913,78.46,27.4,LED_OFF
25685.489322185516,78.02,28.9,LED_OFF
25690.052122354507,78.24,27.4,LED_OFF
25694.614944696426,78.34,28.2,LED_OFF
25699.177929401398,78.22,27.8,LED_OFF
25703.740914821625,78.34,28.3,LED_OFF
25708.303963899612,78.56,27.8,LED_OFF
25712.8670129776,78.19,27.8,LED_OFF
25717.42980861664,78.24,28.1,LED_OFF
25721.99267053604,78.29,28.5,LED_OFF
25726.555763959885,78.46,27.5,LED_OFF
25731.118602752686,78.07,28.8,LED_OFF
25735.681906938553,78.27,27.6,LED_OFF
25744.80898165703,78.19,27.9,LED_OFF
25749.370254039764,78.22,27.1,LED_OFF
25753.933473348618,78.58,27.7,LED_OFF
25758.49617242813,77.73,27.5,LED_OFF
25763.059189081192,78.51,28.1,LED_OFF
25767.62229037285,78.78,28.6,LED_OFF
25772.18514418602,78.51,28.2,LED_OFF
25776.747878551483,78.56,28.4,LED_OFF
25781.310903787613,78.49,28.8,LED_OFF
25785.873830795288,78.93,27.4,LED_OFF
25790.436917066574,79.15,28.0,LED_OFF
25795.000301122665,78.53,27.6,LED_OFF
25799.562900066376,78.78,27.8,LED_OFF
25804.125913143158,78.78,27.1,LED_OFF
25808.688786268234,78.51,28.0,LED_OFF
25813.251616239548,78.78,28.5,LED_OFF
25817.814413309097,78.93,27.9,LED_OFF
25822.377396583557,78.66,27.9,LED_OFF
25826.940282821655,78.53,28.1,LED_OFF
25831.50332260132,78.68,28.8,LED_OFF
25836.066361665726,78.8,27.3,LED_OFF
25840.629591941833,78.9,28.4,LED_OFF
25845.192093372345,78.97,27.9,LED_OFF
25849.7550740242,78.88,27.8,LED_OFF
25854.318154096603,78.83,27.2,LED_OFF
25858.88091444969,79.05,28.0,LED_OFF
25863.443867444992,78.85,28.5,LED_OFF
25868.006784915924,79.07,27.5,LED_OFF
25872.569592237473,78.97,27.5,LED_OFF
25877.1328561306,79.29,28.1,LED_OFF
25881.69566631317,79.12,27.8,LED_OFF
25886.258491516113,79.24,27.2,LED_OFF
25890.821440696716,79.02,27.8,LED_OFF
25895.384297132492,79.1,27.3,LED_OFF
25899.947541236877,78.85,27.7,LED_OFF
25904.510349988937,79.02,28.0,LED_OFF
25909.07315182686,79.29,28.3,LED_OFF
25913.636153697968,79.22,27.0,LED_OFF
25918.19947218895,79.41,28.2,LED_OFF
25922.762234210968,79.27,27.3,LED_OFF
25927.3251247406,79.02,28.2,LED_OFF
25931.887882709503,79.17,27.4,LED_OFF
25936.45099878311,79.29,27.8,LED_OFF
25941.013722896576,79.29,27.7,LED_OFF
25945.576716899872,79.39,28.6,LED_OFF
25950.139638900757,79.41,28.4,LED_OFF
25954.703085184097,79.51,28.0,LED_OFF
25959.26581954956,79.66,27.6,LED_OFF
25963.828830718994,79.71,28.0,LED_OFF
25968.391566753387,79.44,27.7,LED_OFF
25972.954686641693,80.44,28.0,LED_OFF
25977.517306804657,79.8,28.6,LED_OFF
25982.08030772209,79.95,28.0,LED_OFF
25986.64328813553,79.9,27.7,LED_OFF
25991.206166505814,80.59,28.6,LED_OFF
25995.769124507904,79.95,27.1,LED_OFF
26000.33227276802,80.2,28.0,LED_OFF
26009.45875477791,79.95,28.0,LED_OFF
26014.020805835724,80.05,28.8,LED_OFF
26018.58435034752,80.46,28.2,LED_OFF
26023.147051095963,80.42,28.6,LED_OFF
26027.70992588997,80.85,28.2,LED_OFF
26032.27264213562,81.78,27.2,LED_OFF
26036.83554816246,80.98,27.6,LED_OFF
26041.398876428604,82.69,28.1,LED_OFF
26045.961466550827,82.2,28.0,LED_OFF
26050.52442264557,82.56,28.9,LED_OFF
26055.087378025055,82.83,28.0,LED_OFF
26059.650797367096,81.9,28.6,LED_OFF
26064.213493824005,81.42,27.8,LED_OFF
26068.776461839676,80.49,27.5,LED_OFF
26073.339320898056,80.15,27.1,LED_OFF
26077.902106285095,80.15,27.7,LED_OFF
26082.465474128723,80.22,28.5,LED_OFF
26087.028180122375,80.29,27.8,LED_OFF
26091.590985536575,80.17,27.4,LED_OFF
26096.153892993927,80.12,28.4,LED_OFF
26100.71690440178,80.17,28.5,LED_OFF
26105.279920578003,80.85,28.1,LED_OFF
26109.842906951904,80.0,27.7,LED_OFF
26114.405611038208,80.07,28.6,LED_OFF
26118.9685819149,79.93,27.2,LED_OFF
26123.53177714348,80.07,28.1,LED_OFF
26128.09456372261,79.68,28.8,LED_OFF
26132.657562732697,80.15,28.7,LED_OFF
26137.22026538849,79.98,27.7,LED_OFF
26141.783412218094,80.42,28.0,LED_OFF
26146.34616780281,80.07,28.7,LED_OFF
26150.90929698944,80.07,27.2,LED_OFF
26155.47197651863,79.8,27.4,LED_OFF
26160.0348842144,80.1,28.0,LED_OFF
26164.59828567505,80.02,28.6,LED_OFF
26169.160820245743,80.07,28.5,LED_OFF
26173.724060058594,80.05,28.8,LED_OFF
26178.286797761917,79.8,28.1,LED_OFF
26182.84978532791,80.1,28.1,LED_OFF
26187.412786006927,79.51,27.5,LED_OFF
26191.975726366043,79.68,27.3,LED_OFF
26196.538542985916,79.76,27.8,LED_OFF
26201.101673603058,79.83,28.3,LED_OFF
26205.6646399498,79.61,28.5,LED_OFF
26210.227754831314,79.71,28.0,LED_OFF
26214.79082632065,80.1,28.5,LED_OFF
26219.353276491165,79.88,27.4,LED_OFF
26223.91619181633,80.1,28.1,LED_OFF
26228.4791533947,80.61,28.1,LED_OFF
26233.04206943512,80.2,27.0,LED_OFF
26237.60503268242,80.07,28.3,LED_OFF
26242.16797852516,80.44,27.5,LED_OFF
26246.73108434677,80.24,27.6,LED_OFF
26251.29410648346,80.39,27.9,LED_OFF
26255.856971263885,80.63,28.2,LED_OFF
26260.41978764534,80.2,27.7,LED_OFF
26264.98266530037,80.71,28.4,LED_OFF
26269.545849323273,80.85,27.0,LED_OFF
26274.108726978302,80.63,28.8,LED_OFF
26278.671473026276,81.0,27.2,LED_OFF
26283.23444867134,81.29,28.6,LED_OFF
26287.79767012596,81.32,28.8,LED_OFF
26292.360221385956,81.56,27.3,LED_OFF
26296.923294067383,82.25,27.6,LED_OFF
26301.48616361618,82.42,27.7,LED_OFF
26306.049423217773,82.08,28.7,LED_OFF
26310.61200594902,80.93,27.4,LED_OFF
26315.17504477501,81.51,28.0,LED_OFF
26319.73784470558,82.0,28.9,LED_OFF
26324.301052331924,82.69,28.6,LED_OFF
26328.86403155327,82.83,27.2,LED_OFF
26333.426961421967,83.57,27.2,LED_OFF
26337.989863872528,83.93,28.5,LED_OFF
26342.55279636383,83.32,27.3,LED_OFF
26347.115626335144,83.2,28.2,LED_OFF
26351.678809165955,83.22,28.2,LED_OFF
26356.241693258286,82.54,27.8,LED_OFF
26360.804479122162,81.49,28.4,LED_OFF
26365.367372751236,80.78,27.9,LED_OFF
26369.9304792881,80.68,27.3,LED_OFF
26374.493360996246,80.85,27.4,LED_OFF
26379.056339025497,80.85,28.8,LED_OFF
26383.619148492813,80.85,27.1,LED_OFF
26388.18228650093,80.73,28.8,LED_OFF
26392.74516439438,80.85,28.4,LED_OFF
26397.307978630066,80.88,27.7,LED_OFF
26401.871116161346,80.85,27.9,LED_OFF
26406.433772802353,80.85,27.7,LED_OFF
26410.997054338455,80.61,28.7,LED_OFF
26415.55971431732,80.29,28.7,LED_OFF
26420.122894763947,80.49,28.7,LED_OFF
26424.686014652252,80.76,28.1,LED_OFF
26429.24895453453,80.29,28.1,LED_OFF
26433.81179666519,80.44,27.2,LED_OFF
26438.374846220016,80.42,27.0,LED_OFF
26442.93762254715,80.46,28.4,LED_OFF
26447.500391960144,80.61,27.0,LED_OFF
26452.063693761826,80.51,27.3,LED_OFF
26456.626227378845,80.63,28.3,LED_OFF
26461.18938279152,80.81,27.3,LED_OFF
26465.752149105072,81.56,27.0,LED_OFF
26470.31521630287,82.42,28.3,LED_OFF
26474.878031492233,82.98,28.4,LED_OFF
26479.441050052643,83.13,27.3,LED_OFF
26484.003790855408,83.64,27.0,LED_OFF
26488.56695842743,83.81,27.2,LED_OFF
26493.12998175621,84.05,27.8,LED_OFF
26497.692940950394,83.88,27.8,LED_OFF
26502.2558426857,83.61,28.2,LED_OFF
26506.818574666977,84.69,28.4,LED_OFF
26511.381577968597,83.86,27.3,LED_OFF
26515.94457769394,83.98,27.9,LED_OFF
26520.507415533066,83.96,28.8,LED_OFF
26525.07052755356,83.98,28.1,LED_OFF
26529.633400440216,83.96,27.5,LED_OFF
26534.196574687958,83.44,28.7,LED_OFF
26538.759457349777,84.05,28.4,LED_OFF
26543.322065353394,83.25,27.4,LED_OFF
26547.885412216187,83.93,28.0,LED_OFF
26552.448188066483,83.86,28.9,LED_OFF
26557.01115131378,83.96,27.6,LED_OFF
26561.57422876358,83.88,28.5,LED_OFF
26566.136776208878,84.05,27.3,LED_OFF
26570.699880361557,83.91,27.4,LED_OFF
26575.26305794716,85.08,28.9,LED_OFF
26579.82556796074,84.2,27.5,LED_OFF
26584.388620376587,83.96,27.8,LED_OFF
26588.951735019684,83.98,28.6,LED_OFF
26593.51457285881,84.2,27.5,LED_OFF
26598.07753801346,83.74,28.8,LED_OFF
26602.640510559082,83.86,27.2,LED_OFF
26607.20329976082,84.05,28.6,LED_OFF
26611.766933441162,83.98,28.9,LED_OFF
26616.329387187958,83.91,28.4,LED_OFF
26620.892446041107,82.12,28.2,LED_OFF
26625.455320119858,84.25,27.2,LED_OFF
26630.01803255081,84.0,27.4,LED_OFF
26634.581185102463,84.0,28.4,LED_OFF
26639.143830299377,84.22,28.8,LED_OFF
26643.70677280426,84.05,28.4,LED_OFF
26648.270023822784,83.44,28.8,LED_OFF
26652.832953214645,83.93,28.4,LED_OFF
26657.395968914032,83.32,27.0,LED_OFF
26661.959414958954,84.0,27.2,LED_OFF
26666.52175116539,84.03,28.8,LED_OFF
26671.08470273018,84.42,28.4,LED_OFF
26675.64756822586,84.25,28.0,LED_OFF
26680.210408449173,84.86,28.0,LED_OFF
26684.773452997208,84.49,27.3,LED_OFF
26689.33651328087,84.25,27.6,LED_OFF
26693.89921092987,85.13,28.7,LED_OFF
26698.462558031082,84.22,28.5,LED_OFF
26703.02510857582,84.27,27.4,LED_OFF
26707.588172912598,84.35,27.4,LED_OFF
26712.151101350784,85.01,27.4,LED_OFF
26716.714017391205,83.64,28.6,LED_OFF
26721.276890039444,84.32,27.2,LED_OFF
26725.839896202087,84.42,28.9,LED_OFF
26730.40273141861,84.4,28.8,LED_OFF
26734.966023683548,84.4,28.6,LED_OFF
26739.52890276909,84.35,27.4,LED_OFF
26744.091514348984,84.62,28.4,LED_OFF
26748.65458893776,84.76,28.3,LED_OFF
26753.217482089996,84.32,27.3,LED_OFF
26757.78044652939,84.62,27.9,LED_OFF
26762.34336090088,84.35,27.3,LED_OFF
26766.90631723404,84.42,28.3,LED_OFF
26771.469304084778,84.37,28.9,LED_OFF
26776.032192468643,84.35,28.5,LED_OFF
26780.595480680466,84.49,28.8,LED_OFF
26785.158178329468,84.44,27.8,LED_OFF
26789.721035718918,84.32,28.0,LED_OFF
26794.283893346786,84.42,27.4,LED_OFF
26798.847012043,84.49,27.5,LED_OFF
26803.41028523445,84.54,27.6,LED_OFF
26807.973017692566,83.74,27.5,LED_OFF
26812.535843133926,84.4,27.5,LED_OFF
26817.09929037094,84.37,27.8,LED_OFF
26821.66200041771,84.62,27.8,LED_OFF
26826.224539279938,84.69,28.4,LED_OFF
26830.787660121918,84.37,27.9,LED_OFF
26835.35036802292,84.15,27.1,LED_OFF
26839.91353392601,84.42,27.3,LED_OFF
26844.47647356987,85.89,28.6,LED_OFF
26849.03925895691,84.69,27.1,LED_OFF
26853.60222506523,83.91,27.8,LED_OFF
26858.165345430374,84.44,28.7,LED_OFF
26862.728328466415,85.05,27.4,LED_OFF
26867.29123854637,84.76,27.5,LED_OFF
26871.85405278206,84.4,28.5,LED_OFF
26876.417060375214,84.62,27.5,LED_OFF
26880.97984266281,84.25,28.4,LED_OFF
26885.54282951355,84.62,28.0,LED_OFF
26890.105705976486,84.4,27.2,LED_OFF
26894.668675661087,84.42,27.8,LED_OFF
26899.23161959648,84.49,27.4,LED_OFF
26903.794893741608,84.27,28.5,LED_OFF
26908.357532262802,85.18,27.2,LED_OFF
26912.920580863953,84.62,27.6,LED_OFF
26917.48377084732,84.44,28.7,LED_OFF
26922.0465259552,84.69,28.8,LED_OFF
26926.609543323517,84.76,27.0,LED_OFF
26931.172403097153,84.54,27.9,LED_OFF
26935.735218048096,84.66,28.4,LED_OFF
26940.298087596893,84.76,28.4,LED_OFF
26944.861672639847,84.32,28.3,LED_OFF
26949.424095392227,84.76,27.4,LED_OFF
26953.987074136734,84.98,28.8,LED_OFF
26958.5499420166,84.71,27.1,LED_OFF
26963.113082647324,84.76,28.9,LED_OFF
26967.675892829895,84.69,27.5,LED_OFF
26972.238716363907,84.66,28.4,LED_OFF
26976.801780223846,84.76,28.0,LED_OFF
26981.36452627182,84.76,28.3,LED_OFF
26985.928061962128,84.54,27.7,LED_OFF
26990.49046444893,84.76,28.0,LED_OFF
26995.053423166275,84.62,27.7,LED_OFF
26999.616636037827,84.76,28.5,LED_OFF
27004.17936897278,84.32,28.2,LED_OFF
27008.742179870605,84.79,28.5,LED_OFF
27013.30545401573,84.93,27.2,LED_OFF
27017.86803293228,84.76,28.3,LED_OFF
27022.431186914444,84.79,28.2,LED_OFF
27026.99442434311,85.13,27.7,LED_OFF
27031.55733346939,84.71,28.4,LED_OFF
27036.11989569664,84.86,27.9,LED_OFF
27040.683047294617,84.71,28.0,LED_OFF
27045.245790719986,84.76,27.2,LED_OFF
27049.808829545975,84.76,28.7,LED_OFF
27054.3718688488,84.76,27.3,LED_OFF
27058.934823036194,84.37,28.3,LED_OFF
27063.497517108917,84.88,28.6,LED_OFF
27068.061114549637,84.71,27.8,LED_OFF
27072.623375415802,84.69,28.6,LED_OFF
27077.186365365982,84.98,28.9,LED_OFF
27081.74927854538,85.67,28.1,LED_OFF
27086.312267541885,84.76,27.0,LED_OFF
27090.87539100647,84.98,28.2,LED_OFF
27095.438222646713,84.84,27.4,LED_OFF
27100.00101542473,85.08,28.2,LED_OFF
27104.564296007156,85.13,27.0,LED_OFF
27109.127616405487,84.91,28.2,LED_OFF
27113.690410137177,84.69,28.0,LED_OFF
27118.252830028534,85.03,27.5,LED_OFF
27122.816504478455,84.76,27.7,LED_OFF
27127.378914117813,84.76,27.4,LED_OFF
27131.9417283535,84.76,28.4,LED_OFF
27136.504766464233,84.79,28.9,LED_OFF
27141.06749844551,84.66,27.0,LED_OFF
27145.630440473557,84.91,27.7,LED_OFF
27150.193737268448,84.76,27.3,LED_OFF
27154.756474733353,84.76,27.6,LED_OFF
27159.31934285164,84.81,28.2,LED_OFF
27163.882281541824,84.79,27.5,LED_OFF
27168.445418834686,84.81,27.6,LED_OFF
27173.008368730545,84.84,27.0,LED_OFF
27177.57112812996,84.88,28.5,LED_OFF
27182.13410425186,84.79,27.6,LED_OFF
27186.697353601456,85.42,28.6,LED_OFF
27191.26073384285,84.84,28.6,LED_OFF
27195.82315325737,84.76,28.7,LED_OFF
27200.385989904404,84.88,28.1,LED_OFF
27204.948879480362,84.96,27.4,LED_OFF
27209.511910915375,84.76,28.6,LED_OFF
27214.074764966965,84.84,27.8,LED_OFF
27218.63772559166,84.76,28.4,LED_OFF
27223.200886249542,85.03,28.4,LED_OFF
27227.76382446289,84.88,28.1,LED_OFF
27232.326697587967,85.2,28.5,LED_OFF
27236.889482736588,84.84,27.5,LED_OFF
27241.4523062706,84.91,27.0,LED_OFF
27246.01527738571,84.66,28.1,LED_OFF
27250.57854795456,84.91,28.8,LED_OFF
27255.141184091568,84.98,28.4,LED_OFF
27259.704115629196,84.69,28.9,LED_OFF
27264.26723217964,84.76,28.8,LED_OFF
27268.83022236824,84.71,27.1,LED_OFF
27273.393369674683,84.81,27.0,LED_OFF
27277.955976724625,84.79,28.3,LED_OFF
27282.51897740364,84.93,28.0,LED_OFF
27287.081868171692,84.84,27.9,LED_OFF
27291.6448366642,84.98,28.4,LED_OFF
27296.207943439484,84.81,28.3,LED_OFF
27300.770588874817,84.84,27.4,LED_OFF
27305.333661556244,84.25,27.2,LED_OFF
27309.896774291992,84.93,27.4,LED_OFF
27314.459849596024,84.93,28.6,LED_OFF
27319.022463083267,84.76,28.0,LED_OFF
27323.58533167839,84.76,27.4,LED_OFF
27328.14825963974,85.05,28.5,LED_OFF
27332.711146116257,84.93,28.9,LED_OFF
27337.274147987366,85.15,28.2,LED_OFF
27341.837120056152,84.88,27.5,LED_OFF
27346.400292634964,85.18,27.5,LED_OFF
27350.962916612625,84.76,27.5,LED_OFF
27355.526253938675,85.03,27.1,LED_OFF
27360.088884592056,84.81,27.1,LED_OFF
27364.652015209198,85.15,27.7,LED_OFF
27369.21487379074,84.93,28.1,LED_OFF
27373.777601242065,84.3,27.9,LED_OFF
27378.340591430664,85.1,27.4,LED_OFF
27382.903546094894,84.76,28.0,LED_OFF
27387.46656870842,85.08,27.5,LED_OFF
27392.029668092728,85.03,28.3,LED_OFF
27396.59295153618,85.1,27.1,LED_OFF
27401.155391454697,84.42,28.3,LED_OFF
27405.718410253525,85.05,28.8,LED_OFF
27410.281361579895,85.57,27.2,LED_OFF
27414.844332695007,85.15,27.3,LED_OFF
27419.40725183487,85.18,27.7,LED_OFF
27423.970088005066,85.23,28.9,LED_OFF
27428.533007383347,84.47,28.2,LED_OFF
27433.096081972122,85.3,28.5,LED_OFF
27437.659099578857,85.45,28.2,LED_OFF
27442.222029209137,85.76,27.4,LED_OFF
27446.784928798676,85.54,28.5,LED_OFF
27451.34800386429,84.98,28.8,LED_OFF
27455.910813093185,85.13,28.7,LED_OFF
27460.473776578903,85.2,28.4,LED_OFF
27465.036969661713,85.47,27.2,LED_OFF
27469.599713087082,85.32,27.7,LED_OFF
27474.162640094757,84.84,27.4,LED_OFF
27478.725819587708,85.13,27.4,LED_OFF
27483.288261651993,85.25,27.8,LED_OFF
27487.851245880127,85.27,28.2,LED_OFF
27492.414607286453,85.15,27.2,LED_OFF
27496.977199316025,85.25,28.2,LED_OFF
27501.540354967117,84.98,27.6,LED_OFF
27506.103333473206,85.13,27.7,LED_OFF
27510.66595673561,85.42,27.3,LED_OFF
27515.228940963745,85.2,28.2,LED_OFF
27519.792197465897,85.05,27.8,LED_OFF
27524.35481929779,85.45,27.8,LED_OFF
27528.918044567108,85.37,27.3,LED_OFF
27533.480696201324,85.3,27.3,LED_OFF
27538.043793439865,85.13,28.3,LED_OFF
27542.606464385986,84.71,28.1,LED_OFF
27547.16952586174,84.74,27.1,LED_OFF
27551.732691526413,85.03,28.3,LED_OFF
27556.295595407486,86.18,28.9,LED_OFF
27560.85854434967,85.27,27.5,LED_OFF
27569.984807491302,85.13,28.0,LED_OFF
27574.548042058945,85.23,27.6,LED_OFF
27579.11035323143,85.4,28.4,LED_OFF
27583.673279762268,85.3,28.0,LED_OFF
27588.23648905754,85.05,28.9,LED_OFF
27592.799025535583,85.27,27.2,LED_OFF
27597.362131118774,85.15,27.1,LED_OFF
27601.925312280655,85.18,28.0,LED_OFF
27606.488027572632,85.62,27.9,LED_OFF
27611.05096101761,85.3,27.9,LED_OFF
27615.613641500473,85.18,28.4,LED_OFF
27620.17680835724,85.47,27.2,LED_OFF
27624.739606380463,85.57,28.8,LED_OFF
27629.302666664124,85.2,28.5,LED_OFF
27633.86549592018,85.52,27.1,LED_OFF
27638.428604364395,85.47,27.2,LED_OFF
27642.991272687912,85.49,28.4,LED_OFF
27647.554307460785,85.49,27.4,LED_OFF
27652.1174659729,85.32,28.3,LED_OFF
27656.680170059204,85.27,28.5,LED_OFF
27661.2431306839,85.15,27.5,LED_OFF
27665.806194782257,85.42,28.8,LED_OFF
27670.3690533638,85.4,27.4,LED_OFF
27674.931901216507,85.54,27.4,LED_OFF
27679.495147943497,85.23,28.5,LED_OFF
27684.058250188828,85.62,28.0,LED_OFF
27688.62080192566,85.35,28.1,LED_OFF
27693.183704137802,85.37,28.8,LED_OFF
27697.74666237831,85.54,28.5,LED_OFF
27702.309519052505,85.42,28.1,LED_OFF
27706.87271952629,85.47,28.1,LED_OFF
27711.435450077057,85.42,27.1,LED_OFF
27715.99856853485,85.49,28.5,LED_OFF
27720.561349868774,85.23,28.0,LED_OFF
27725.125000953674,85.42,27.8,LED_OFF
27729.687699317932,85.18,28.5,LED_OFF
27734.25039935112,85.52,27.2,LED_OFF
27738.813324928284,85.37,27.4,LED_OFF
27743.376169204712,85.42,28.5,LED_OFF
27747.93912768364,85.37,27.3,LED_OFF
27752.50226855278,85.54,28.4,LED_OFF
27757.065162181854,85.37,28.9,LED_OFF
27761.627915382385,85.4,27.5,LED_OFF
27766.191220998764,85.47,27.3,LED_OFF
27770.753910541534,85.47,28.2,LED_OFF
27775.31683063507,85.32,28.6,LED_OFF
27779.880009412766,85.4,27.2,LED_OFF
27784.442540168762,85.32,28.6,LED_OFF
27789.00551724434,85.49,27.8,LED_OFF
27793.568557977676,85.4,28.1,LED_OFF
27798.13142824173,84.79,27.7,LED_OFF
27802.69480228424,85.49,27.1,LED_OFF
27807.25774383545,85.37,28.6,LED_OFF
27811.82022714615,85.54,27.9,LED_OFF
27816.383304595947,85.47,28.3,LED_OFF
27825.50955057144,85.59,27.9,LED_OFF
27830.072211027145,85.52,27.0,LED_OFF
27834.634964466095,85.76,27.0,LED_OFF
27839.19822359085,85.37,27.2,LED_OFF
27843.761084079742,85.54,28.2,LED_OFF
27848.32429790497,85.81,28.6,LED_OFF
27852.887029886246,85.45,28.5,LED_OFF
27857.449707984924,85.49,27.2,LED_OFF
27862.012887954712,85.54,27.8,LED_OFF
27866.575556993484,85.27,28.6,LED_OFF
27871.13851070404,85.4,28.1,LED_OFF
27875.70143008232,86.42,27.9,LED_OFF
27880.264453172684,85.54,27.8,LED_OFF
27884.82722401619,85.4,27.7,LED_OFF
27889.39054584503,85.49,27.0,LED_OFF
27893.953194379807,85.71,27.1,LED_OFF
27898.516397714615,85.4,28.4,LED_OFF
27903.079306840897,85.52,28.6,LED_OFF
27907.64207625389,85.49,28.9,LED_OFF
27912.204947710037,85.59,28.9,LED_OFF
27916.767960309982,85.54,28.7,LED_OFF
27921.331254959106,85.84,28.1,LED_OFF
27925.89425587654,85.79,27.5,LED_OFF
27930.456864356995,85.25,28.8,LED_OFF
27935.01988363266,85.57,27.5,LED_OFF
27939.582597970963,85.64,28.3,LED_OFF
27944.145632982254,85.1,28.5,LED_OFF
27948.708593845367,85.79,28.4,LED_OFF
27953.27188014984,85.91,27.3,LED_OFF
27957.834538698196,85.42,27.7,LED_OFF
27962.39744758606,85.71,27.3,LED_OFF
27966.960569620132,85.76,28.3,LED_OFF
27971.52370595932,85.59,28.3,LED_OFF
27976.0862429142,85.69,28.1,LED_OFF
27980.649329423904,85.54,28.2,LED_OFF
27985.212243556976,85.62,28.4,LED_OFF
27989.77507662773,85.05,27.8,LED_OFF
27994.338228225708,85.69,27.8,LED_OFF
27998.90096640587,85.54,28.8,LED_OFF
28003.463932275772,85.54,27.7,LED_OFF
28008.02691268921,85.64,27.5,LED_OFF
28012.590455055237,85.79,28.0,LED_OFF
28017.15298652649,86.28,28.1,LED_OFF
28021.7159075737,85.54,28.3,LED_OFF
28026.27915072441,85.86,28.3,LED_OFF
28030.84166407585,85.86,27.3,LED_OFF
28035.404739141464,85.49,28.2,LED_OFF
28039.967669010162,85.69,27.4,LED_OFF
28044.53063082695,85.64,28.0,LED_OFF
28049.09335422516,85.59,27.2,LED_OFF
28053.656319618225,85.54,27.6,LED_OFF
28058.21926021576,85.54,28.3,LED_OFF
28062.78216099739,85.91,27.2,LED_OFF
28067.345434188843,85.69,27.4,LED_OFF
28071.908291339874,85.76,28.6,LED_OFF
28076.471130371094,85.79,28.4,LED_OFF
28081.03398990631,85.54,28.7,LED_OFF
28085.596960544586,85.67,27.9,LED_OFF
28090.15984225273,85.84,28.4,LED_OFF
28094.723124742508,85.67,28.6,LED_OFF
28099.28590297699,85.69,28.0,LED_OFF
28103.84863471985,85.54,28.1,LED_OFF
28108.411812067032,86.25,28.1,LED_OFF
28112.974672317505,85.71,27.9,LED_OFF
28117.537579774857,85.86,27.0,LED_OFF
28122.100550174713,85.91,27.8,LED_OFF
28126.663745880127,84.3,27.9,LED_OFF
28131.226549863815,85.86,27.7,LED_OFF
28135.789798736572,85.67,27.1,LED_OFF
28140.352382183075,86.18,27.6,LED_OFF
28144.91550540924,86.18,27.7,LED_OFF
28149.478026866913,86.18,27.0,LED_OFF
28154.04117488861,85.89,27.3,LED_OFF
28158.604331493378,85.57,27.6,LED_OFF
28163.16720223427,85.79,28.1,LED_OFF
28167.72994160652,85.89,28.7,LED_OFF
28172.293080806732,85.89,28.2,LED_OFF
28176.856177330017,85.49,27.4,LED_OFF
28181.418905973434,85.62,28.5,LED_OFF
28185.98162984848,85.76,28.3,LED_OFF
28190.54491329193,85.42,28.5,LED_OFF
28195.107784986496,85.59,27.3,LED_OFF
28199.670566082,85.89,28.6,LED_OFF
28204.233732938766,85.93,27.3,LED_OFF
28208.796442985535,85.86,27.2,LED_OFF
28213.359357357025,85.89,28.0,LED_OFF
28217.922573804855,85.86,28.3,LED_OFF
28222.485295295715,85.4,27.8,LED_OFF
28227.048202753067,85.67,27.7,LED_OFF
28231.611419916153,85.62,27.0,LED_OFF
28236.174167871475,85.4,27.1,LED_OFF
28240.736994743347,85.54,27.4,LED_OFF
28245.30013537407,85.42,28.1,LED_OFF
28249.86293077469,85.54,27.3,LED_OFF
28254.426109075546,85.47,27.5,LED_OFF
28258.98911166191,85.64,27.4,LED_OFF
28263.55174922943,85.57,27.2,LED_OFF
28268.11492037773,85.01,28.8,LED_OFF
28272.677762269974,85.42,28.6,LED_OFF
28277.240817308426,85.71,27.5,LED_OFF
28281.80371284485,85.93,27.5,LED_OFF
28286.36697435379,85.62,27.9,LED_OFF
28290.92944598198,85.64,28.5,LED_OFF
28295.492421627045,85.96,28.9,LED_OFF
28300.055685520172,85.89,28.1,LED_OFF
28304.618232011795,85.81,28.6,LED_OFF
28309.181343078613,86.03,28.7,LED_OFF
28313.744176864624,86.06,28.2,LED_OFF
28318.307572603226,85.98,27.5,LED_OFF
28322.870321273804,86.06,27.4,LED_OFF
28327.433366298676,86.11,27.6,LED_OFF
28331.996118068695,86.08,27.1,LED_OFF
28336.55917429924,86.08,27.9,LED_OFF
28341.12203645706,86.28,27.6,LED_OFF
28345.68500518799,85.84,27.2,LED_OFF
28350.247782230377,85.54,28.6,LED_OFF
28354.81088924408,85.57,28.4,LED_OFF
28359.373747110367,84.98,28.5,LED_OFF
28363.9367518425,86.08,28.9,LED_OFF
28368.499783992767,85.84,27.0,LED_OFF
28373.062705039978,85.32,28.6,LED_OFF
28377.625445842743,85.93,27.3,LED_OFF
28382.188540935516,86.76,28.0,LED_OFF
28386.75124812126,85.79,27.3,LED_OFF
28391.314445734024,85.59,27.8,LED_OFF
28395.877146482468,85.98,27.7,LED_OFF
28400.44013619423,85.96,28.2,LED_OFF
28405.00327348709,85.89,28.4,LED_OFF
28409.565919160843,85.93,28.1,LED_OFF
28414.128945827484,85.81,28.2,LED_OFF
28418.692035913467,86.42,27.9,LED_OFF
28423.255256652832,85.93,27.3,LED_OFF
28427.81851863861,85.96,28.0,LED_OFF
28432.380952596664,86.25,28.3,LED_OFF
28436.943664312363,86.28,27.6,LED_OFF
28441.506856679916,85.98,28.7,LED_OFF
28446.069823265076,86.08,28.4,LED_OFF
28450.632709503174,86.32,28.2,LED_OFF
28455.195343017578,86.47,28.4,LED_OFF
28459.75831270218,86.01,27.3,LED_OFF
28464.32150197029,86.3,28.4,LED_OFF
28468.88427758217,86.18,28.7,LED_OFF
28473.447225809097,86.06,28.5,LED_OFF
28478.010403871536,86.25,28.9,LED_OFF
28482.573303699493,86.3,27.2,LED_OFF
28487.136059761047,86.47,27.2,LED_OFF
28491.699192762375,86.4,28.0,LED_OFF
28496.261981248856,86.32,28.9,LED_OFF
28500.82484960556,86.32,27.8,LED_OFF
28505.387826919556,86.35,28.7,LED_OFF
28509.950764656067,86.4,27.8,LED_OFF
28514.513961076736,86.03,27.7,LED_OFF
28519.076622724533,85.59,27.3,LED_OFF
28523.639446258545,86.2,27.1,LED_OFF
28528.202881336212,85.96,28.5,LED_OFF
28532.765473127365,85.91,27.0,LED_OFF
28537.328467845917,85.76,27.3,LED_OFF
28541.8913769722,85.69,27.1,LED_OFF
28546.45441555977,85.98,27.1,LED_OFF
28551.01732635498,85.93,28.6,LED_OFF
28555.580243587494,85.67,27.6,LED_OFF
28560.14304304123,85.93,27.7,LED_OFF
28564.70605492592,85.86,28.1,LED_OFF
28569.268860578537,85.67,27.2,LED_OFF
28573.83188199997,85.91,27.9,LED_OFF
28578.394926309586,85.42,28.9,LED_OFF
28582.957719564438,85.86,28.9,LED_OFF
28587.52085542679,85.91,28.1,LED_OFF
28592.08376288414,86.25,28.6,LED_OFF
28596.64659166336,86.01,27.3,LED_OFF
28601.20942425728,85.89,27.4,LED_OFF
28605.77236175537,85.93,28.8,LED_OFF
28610.335356235504,85.91,28.5,LED_OFF
28614.898522377014,86.32,28.8,LED_OFF
28619.46129965782,86.98,27.7,LED_OFF
28624.02446269989,86.25,28.0,LED_OFF
28628.58731651306,86.35,27.5,LED_OFF
28633.1501455307,85.98,27.7,LED_OFF
28637.71302127838,85.67,27.9,LED_OFF
28642.27605509758,86.79,28.1,LED_OFF
28646.839000940323,86.23,28.2,LED_OFF
28651.40217733383,86.18,28.6,LED_OFF
28655.965015411377,86.32,28.5,LED_OFF
28660.527762174606,86.01,27.1,LED_OFF
28665.090760469437,87.59,27.2,LED_OFF
28669.653678655624,85.98,28.7,LED_OFF
28674.216804265976,86.54,27.6,LED_OFF
28678.77961397171,86.23,27.4,LED_OFF
28683.34279203415,85.98,28.1,LED_OFF
28687.905385494232,86.2,28.0,LED_OFF
28692.468281269073,85.89,28.4,LED_OFF
28697.03157711029,86.23,27.9,LED_OFF
28701.594431638718,86.25,28.9,LED_OFF
28706.157237768173,86.45,28.4,LED_OFF
28710.720188856125,86.3,28.9,LED_OFF
28715.283113718033,86.15,28.1,LED_OFF
28719.846039056778,86.32,27.0,LED_OFF
28724.408951044083,86.32,28.6,LED_OFF
28728.972029447556,86.32,27.4,LED_OFF
28733.53514766693,86.06,27.0,LED_OFF
28738.098024606705,86.57,27.0,LED_OFF
28742.660875320435,86.59,28.8,LED_OFF
28747.223888397217,85.59,27.5,LED_OFF
28756.35014271736,85.86,28.6,LED_OFF
28760.912588357925,86.01,28.1,LED_OFF
28765.475622177124,86.18,27.1,LED_OFF
28770.038369894028,86.67,28.8,LED_OFF
28774.60146355629,85.93,27.3,LED_OFF
28779.164310455322,86.32,27.0,LED_OFF
28783.72723865509,86.32,27.7,LED_OFF
28788.290584802628,86.32,27.2,LED_OFF
28792.85317349434,86.4,28.3,LED_OFF
28797.41617321968,86.32,28.5,LED_OFF
28801.979269504547,86.5,28.0,LED_OFF
28806.542037010193,86.4,28.2,LED_OFF
28811.10511493683,86.64,27.3,LED_OFF
28815.667952299118,86.59,27.2,LED_OFF
28820.231016397476,86.32,27.9,LED_OFF
28824.79372406006,86.4,28.5,LED_OFF
28829.356989383698,86.3,27.2,LED_OFF
28833.91978764534,86.45,28.3,LED_OFF
28838.4827003479,85.64,27.7,LED_OFF
28843.045673131943,86.37,28.2,LED_OFF
28847.608422279358,86.32,27.8,LED_OFF
28852.171652555466,86.59,27.1,LED_OFF
28856.734307289124,86.42,28.2,LED_OFF
28861.297593832016,86.32,27.1,LED_OFF
28865.86052298546,86.18,27.8,LED_OFF
28870.423317670822,86.32,27.3,LED_OFF
28874.98621249199,86.15,28.5,LED_OFF
28879.549297094345,86.32,28.3,LED_OFF
28884.11208462715,86.28,28.6,LED_OFF
28888.675149202347,85.49,28.6,LED_OFF
28893.238031625748,85.86,28.7,LED_OFF
28897.800857305527,86.3,28.3,LED_OFF
28902.363846302032,85.89,27.4,LED_OFF
28906.926960229874,86.2,28.0,LED_OFF
28911.48974299431,84.54,27.2,LED_OFF
28916.05291867256,86.25,28.0,LED_OFF
28920.61577105522,86.32,28.0,LED_OFF
28925.178525924683,86.89,27.3,LED_OFF
28929.741636514664,86.32,28.8,LED_OFF
28934.304719924927,85.91,28.4,LED_OFF
28938.867421388626,86.15,28.6,LED_OFF
28943.430427074432,86.32,28.3,LED_OFF
28947.9934592247,86.32,27.7,LED_OFF
28952.556223869324,86.15,28.0,LED_OFF
28957.11931157112,86.08,27.7,LED_OFF
28961.682101488113,85.91,28.3,LED_OFF
28966.245056152344,86.18,27.4,LED_OFF
28970.80821800232,86.18,27.6,LED_OFF
28975.371108293533,86.42,27.6,LED_OFF
28979.933813095093,86.25,28.4,LED_OFF
28984.49686384201,86.2,27.6,LED_OFF
28989.05988264084,86.03,28.3,LED_OFF
28993.622918605804,85.71,27.8,LED_OFF
28998.18562221527,86.06,27.4,LED_OFF
29002.74863600731,85.93,28.2,LED_OFF
29007.31174683571,85.64,28.1,LED_OFF
29011.87477207184,85.98,28.0,LED_OFF
29016.437353134155,86.64,27.0,LED_OFF
29021.000447034836,85.96,27.7,LED_OFF
29025.563364982605,86.08,27.5,LED_OFF
29030.126535892487,85.93,27.6,LED_OFF
29034.68949484825,85.96,28.1,LED_OFF
29039.252130031586,86.4,27.5,LED_OFF
29043.815126657486,85.76,28.7,LED_OFF
29048.378252983093,86.47,28.3,LED_OFF
29052.941090106964,85.98,27.0,LED_OFF
29057.504314899445,85.98,27.1,LED_OFF
29062.06723189354,85.76,28.3,LED_OFF
29066.630034208298,86.03,27.0,LED_OFF
29071.192751169205,86.15,28.6,LED_OFF
29075.755652427673,85.98,28.6,LED_OFF
29080.31891965866,85.93,28.6,LED_OFF
29084.881720781326,85.98,27.5,LED_OFF
29089.444588661194,86.59,27.1,LED_OFF
29094.007388591766,86.2,27.1,LED_OFF
29098.570469856262,86.11,27.1,LED_OFF
29103.13353586197,86.01,28.6,LED_OFF
29107.696623325348,85.76,27.0,LED_OFF
29112.25925040245,86.06,28.5,LED_OFF
29116.82225394249,86.57,27.4,LED_OFF
29121.385329723358,85.93,27.8,LED_OFF
29125.94810962677,85.98,28.5,LED_OFF
29130.51096224785,85.93,28.7,LED_OFF
29135.07422184944,85.93,28.2,LED_OFF
29139.637070417404,85.96,27.6,LED_OFF
29144.199941635132,85.89,27.3,LED_OFF
29148.763008594513,85.89,27.7,LED_OFF
29153.32588171959,85.86,28.3,LED_OFF
29157.888639688492,85.54,27.4,LED_OFF
29162.45195221901,85.91,28.2,LED_OFF
29167.014600992203,85.81,28.1,LED_OFF
29171.57775235176,85.96,27.8,LED_OFF
29176.140533447266,86.23,27.3,LED_OFF
29180.703456163406,86.06,27.7,LED_OFF
29185.266446590424,85.91,28.1,LED_OFF
29189.829365968704,85.91,27.9,LED_OFF
29194.39251446724,86.01,27.6,LED_OFF
29198.955329418182,85.98,28.5,LED_OFF
29203.518218040466,85.79,27.2,LED_OFF
29208.081184625626,85.67,28.4,LED_OFF
29212.644191265106,85.69,27.9,LED_OFF
29217.207248210907,85.81,27.7,LED_OFF
29221.769911766052,85.57,28.8,LED_OFF
29226.33297944069,85.69,28.1,LED_OFF
29230.89588046074,85.76,27.8,LED_OFF
29235.458926677704,86.32,27.0,LED_OFF
29240.02188205719,85.76,27.6,LED_OFF
29244.584893465042,85.81,27.1,LED_OFF
29249.147795677185,85.79,28.7,LED_OFF
29253.710506916046,86.08,27.0,LED_OFF
29258.273731946945,85.84,27.3,LED_OFF
29262.836537599564,85.69,27.8,LED_OFF
29267.399592876434,85.64,27.3,LED_OFF
29271.96270465851,85.93,27.3,LED_OFF
29276.52551984787,85.81,28.7,LED_OFF
29281.088216543198,85.76,28.7,LED_OFF
29285.65182542801,85.76,27.2,LED_OFF
29290.21427845955,85.71,28.7,LED_OFF
29294.77728509903,85.54,28.7,LED_OFF
29299.340426683426,85.52,28.1,LED_OFF
29303.903172969818,85.93,28.8,LED_OFF
29308.46617269516,85.89,27.3,LED_OFF
29313.028927087784,85.76,28.2,LED_OFF
29317.59177851677,85.96,27.2,LED_OFF
29322.15501022339,85.76,28.7,LED_OFF
29326.718081712723,85.89,28.0,LED_OFF
29331.28064060211,85.81,27.4,LED_OFF
29335.843790769577,85.93,27.8,LED_OFF
29340.406645059586,84.84,28.4,LED_OFF
29344.969460248947,86.01,27.5,LED_OFF
29349.532328128815,86.06,28.5,LED_OFF
29354.095506429672,85.76,27.6,LED_OFF
29358.659026384354,85.57,28.3,LED_OFF
29363.22142648697,85.37,28.0,LED_OFF
29367.7843208313,85.76,28.0,LED_OFF
29372.34730219841,85.89,28.5,LED_OFF
29376.910271406174,85.54,28.9,LED_OFF
29381.473264455795,85.27,27.3,LED_OFF
29386.03621983528,85.62,27.8,LED_OFF
29390.598963737488,85.86,27.8,LED_OFF
29395.161789894104,86.32,27.5,LED_OFF
29399.724955558777,85.81,28.7,LED_OFF
29404.287815332413,86.67,27.8,LED_OFF
29408.85084962845,85.89,28.7,LED_OFF
29413.413721084595,85.81,28.5,LED_OFF
29417.97685432434,85.86,27.0,LED_OFF
29422.539892673492,86.18,28.3,LED_OFF
29427.10254597664,85.71,27.3,LED_OFF
29431.66561985016,85.76,27.6,LED_OFF
29436.22836947441,85.93,28.8,LED_OFF
29440.79188323021,85.89,27.1,LED_OFF
29445.354311943054,85.81,27.9,LED_OFF
29449.917144298553,85.69,28.1,LED_OFF
29454.480271577835,85.57,28.8,LED_OFF
29459.043258190155,84.91,27.9,LED_OFF
29463.60616493225,85.93,28.7,LED_OFF
29468.16924071312,85.67,28.9,LED_OFF
29472.732018232346,85.62,27.7,LED_OFF
29477.29490017891,85.79,27.4,LED_OFF
29481.85792851448,85.76,27.8,LED_OFF
29486.420747756958,85.69,28.7,LED_OFF
29490.983889579773,85.15,28.9,LED_OFF
29495.54658484459,85.67,27.3,LED_OFF
29500.109801530838,85.67,28.4,LED_OFF
29504.67261862755,85.81,28.8,LED_OFF
29509.23560476303,86.11,28.2,LED_OFF
29513.798398971558,85.59,28.3,LED_OFF
29518.361679315567,86.01,28.6,LED_OFF
29522.924250602722,85.42,28.4,LED_OFF
29527.487381458282,85.67,28.7,LED_OFF
29532.050257205963,85.57,28.8,LED_OFF
29536.613369226456,85.64,28.3,LED_OFF
29541.176012039185,85.67,28.9,LED_OFF
29545.73903274536,85.84,27.3,LED_OFF
29550.301971912384,85.79,27.7,LED_OFF
29554.865148305893,85.69,28.5,LED_OFF
29559.42804145813,85.69,28.8,LED_OFF
29563.99112510681,85.84,28.5,LED_OFF
29568.55392765999,85.54,27.3,LED_OFF
29573.116963148117,85.18,27.2,LED_OFF
29577.67985033989,85.52,27.9,LED_OFF
29582.24262547493,84.62,28.8,LED_OFF
29586.80562067032,84.69,28.9,LED_OFF
29591.368599176407,84.76,27.4,LED_OFF
29595.931448221207,84.64,28.5,LED_OFF
29600.494547843933,85.4,27.0,LED_OFF
29605.057415485382,83.88,28.8,LED_OFF
29609.62036371231,85.59,28.8,LED_OFF
29614.183181285858,85.52,27.8,LED_OFF
29618.74617624283,85.13,27.2,LED_OFF
29623.309725522995,84.15,28.3,LED_OFF
29627.872056245804,84.3,28.9,LED_OFF
29632.434984445572,85.08,28.2,LED_OFF
29636.99795937538,85.54,28.0,LED_OFF
29641.561022520065,84.79,27.7,LED_OFF
29646.123764276505,85.18,28.9,LED_OFF
29650.686989068985,85.03,27.4,LED_OFF
29655.24985742569,85.47,27.7,LED_OFF
29659.812729358673,85.27,27.8,LED_OFF
29664.37556362152,85.57,28.4,LED_OFF
29668.938611268997,85.2,27.2,LED_OFF
29673.501431703568,85.32,27.4,LED_OFF
29678.064472913742,85.54,27.5,LED_OFF
29682.627602815628,84.79,28.7,LED_OFF
29687.190390110016,85.4,27.2,LED_OFF
29691.753170490265,85.47,28.6,LED_OFF
29696.316454410553,85.27,27.5,LED_OFF
29700.879143476486,85.32,27.0,LED_OFF
29705.442098617554,84.88,28.8,LED_OFF
29710.005326747894,85.15,27.6,LED_OFF
29714.568571567535,85.3,27.2,LED_OFF
29719.130944252014,85.54,27.1,LED_OFF
29723.694089889526,85.1,28.1,LED_OFF
29728.256932497025,85.37,28.3,LED_OFF
29732.819764852524,85.1,27.0,LED_OFF
29737.382991313934,85.54,28.4,LED_OFF
29741.945697546005,85.27,27.4,LED_OFF
29746.509341955185,85.2,28.8,LED_OFF
29751.071710824966,85.32,28.5,LED_OFF
29755.634764432907,85.42,28.1,LED_OFF
29760.197474718094,84.98,27.4,LED_OFF
29764.76056265831,85.32,28.0,LED_OFF
29769.323971748352,85.37,27.9,LED_OFF
29773.88647890091,85.23,28.0,LED_OFF
29778.449323892593,85.23,28.7,LED_OFF
29783.012674808502,85.52,27.7,LED_OFF
29787.575298070908,85.45,27.3,LED_OFF
29792.138098955154,85.23,27.5,LED_OFF
29796.70114660263,85.23,28.6,LED_OFF
29801.2639670372,85.45,27.7,LED_OFF
29805.82711672783,85.2,27.5,LED_OFF
29810.390045166016,85.2,27.2,LED_OFF
29814.952850818634,85.13,28.2,LED_OFF
29819.515919446945,85.4,27.6,LED_OFF
29824.078805923462,85.23,27.2,LED_OFF
29828.64160513878,85.08,27.8,LED_OFF
29833.204699516296,85.15,28.1,LED_OFF
29837.767757177353,84.91,28.0,LED_OFF
29842.330500364304,84.81,28.2,LED_OFF
29846.89348435402,85.01,28.1,LED_OFF
29851.456516981125,85.1,27.5,LED_OFF
29856.019560575485,84.84,27.7,LED_OFF
29860.58236527443,84.88,27.2,LED_OFF
29865.145156383514,84.76,27.8,LED_OFF
29869.70857310295,84.84,27.5,LED_OFF
29874.27130794525,84.91,27.1,LED_OFF
29878.834080457687,84.91,27.7,LED_OFF
29883.396936416626,85.01,28.5,LED_OFF
29887.960210561752,84.91,27.2,LED_OFF
29892.52338695526,84.76,28.8,LED_OFF
29897.08594918251,84.86,27.8,LED_OFF
29901.64870619774,84.76,28.8,LED_OFF
29906.211935043335,84.76,28.0,LED_OFF
29910.77460384369,84.64,28.4,LED_OFF
29915.337888240814,84.76,27.6,LED_OFF
29919.900731563568,84.88,28.8,LED_OFF
29924.46346783638,85.08,27.9,LED_OFF
29929.026620864868,84.64,28.1,LED_OFF
29933.589750289917,84.76,27.4,LED_OFF
29938.152413845062,84.69,27.9,LED_OFF
29942.71527004242,84.64,28.5,LED_OFF
29947.278224229813,84.2,28.2,LED_OFF
29951.841337680817,84.49,28.3,LED_OFF
29956.404424905777,84.76,28.7,LED_OFF
29960.967793941498,84.64,27.4,LED_OFF
29965.529992818832,84.76,28.1,LED_OFF
29970.093065023422,84.44,28.1,LED_OFF
29974.655861139297,84.69,27.3,LED_OFF
29979.218809366226,84.74,28.6,LED_OFF
29983.78192806244,85.03,28.1,LED_OFF
29988.344635009766,85.45,28.6,LED_OFF
29992.90840959549,85.3,27.1,LED_OFF
29997.471031427383,85.62,28.4,LED_OFF
30002.033694028854,85.54,27.9,LED_OFF
30006.596457719803,85.52,28.9,LED_OFF
30011.15948534012,85.54,28.4,LED_OFF
30015.722415447235,85.42,28.7,LED_OFF
30020.285410404205,86.18,27.2,LED_OFF
30024.848326206207,85.54,28.3,LED_OFF
30029.411536455154,85.59,28.6,LED_OFF
30033.97430896759,85.47,28.6,LED_OFF
30038.537227630615,85.54,27.1,LED_OFF
30043.100079774857,85.49,28.6,LED_OFF
30047.66302394867,84.93,28.7,LED_OFF
30052.226541280746,85.37,27.0,LED_OFF
30056.788950443268,85.42,28.8,LED_OFF
30061.352220773697,85.49,28.8,LED_OFF
30065.914920568466,85.27,28.9,LED_OFF
30070.477791309357,84.91,27.4,LED_OFF
30075.04073524475,85.45,28.9,LED_OFF
30079.603805541992,85.54,28.4,LED_OFF
30084.166755199432,85.42,28.3,LED_OFF
30088.72954916954,85.4,27.1,LED_OFF
30093.292620420456,85.23,28.2,LED_OFF
30097.855644226074,85.54,28.0,LED_OFF
30102.418576717377,85.59,27.3,LED_OFF
30106.981668949127,84.76,28.0,LED_OFF
30111.54434156418,85.47,28.9,LED_OFF
30116.107246398926,85.52,28.1,LED_OFF
30120.670402526855,85.54,27.5,LED_OFF
30125.23338484764,85.59,28.4,LED_OFF
30129.79609966278,85.37,28.8,LED_OFF
30134.359192848206,85.52,27.2,LED_OFF
30138.92198729515,85.64,28.9,LED_OFF
30143.484882831573,85.52,28.7,LED_OFF
30148.047814130783,85.54,27.2,LED_OFF
30152.61106491089,85.45,27.8,LED_OFF
30157.173835992813,85.89,27.0,LED_OFF
30161.736877679825,85.08,28.8,LED_OFF
30166.29960680008,85.62,27.4,LED_OFF
30170.86277937889,85.54,27.8,LED_OFF
30175.42648744583,85.42,28.4,LED_OFF
30179.98846769333,85.47,27.6,LED_OFF
30184.55154442787,85.35,28.2,LED_OFF
30189.11466860771,85.15,27.9,LED_OFF
30193.677381038666,84.69,27.8,LED_OFF
30198.240531682968,85.62,28.4,LED_OFF
30202.803283452988,85.54,27.9,LED_OFF
30207.366115808487,85.37,28.7,LED_OFF
30211.92906975746,85.54,27.5,LED_OFF
30216.492059469223,85.42,27.4,LED_OFF
30221.055514335632,85.49,28.7,LED_OFF
30225.617890119553,85.23,28.9,LED_OFF
30230.181038856506,85.96,28.8,LED_OFF
30234.743805885315,85.52,27.0,LED_OFF
30239.307059764862,85.18,27.3,LED_OFF
30243.869733810425,85.52,28.6,LED_OFF
30248.432550668716,85.84,28.1,LED_OFF
30252.99572277069,85.52,27.9,LED_OFF
30257.558451890945,85.37,28.6,LED_OFF
30262.121996879578,85.52,27.0,LED_OFF
30266.68455696106,84.91,28.7,LED_OFF
30271.24757003784,85.18,27.2,LED_OFF
30275.81030011177,85.3,27.4,LED_OFF
30280.373469352722,85.37,27.2,LED_OFF
30284.93625688553,85.27,27.2,LED_OFF
30289.499250411987,85.32,27.6,LED_OFF
30294.06208920479,85.3,27.7,LED_OFF
30298.625208854675,85.37,28.5,LED_OFF
30303.188143968582,85.57,27.3,LED_OFF
30307.750940322876,85.37,28.6,LED_OFF
30312.314070224762,86.25,28.8,LED_OFF
30316.87717103958,85.45,28.0,LED_OFF
30321.43994140625,85.47,28.7,LED_OFF
30326.0029361248,85.4,28.0,LED_OFF
30330.565782546997,85.49,28.5,LED_OFF
30335.12875676155,85.47,27.4,LED_OFF
30339.691746234894,85.52,27.3,LED_OFF
30344.254865407944,85.54,27.8,LED_OFF
30348.817759990692,85.08,28.4,LED_OFF
30353.380739927292,85.62,27.4,LED_OFF
30357.943481445312,85.3,28.8,LED_OFF
30362.50647521019,85.37,27.8,LED_OFF
30367.069281816483,85.52,27.6,LED_OFF
30371.632116794586,85.54,28.4,LED_OFF
30376.19552898407,85.54,27.4,LED_OFF
30380.758380651474,85.54,27.8,LED_OFF
30385.32153224945,84.98,28.6,LED_OFF
30389.884146928787,85.47,27.9,LED_OFF
30394.447471618652,85.37,28.7,LED_OFF
30399.009923696518,85.32,28.7,LED_OFF
30403.573122024536,86.25,28.1,LED_OFF
30408.136162996292,85.52,27.6,LED_OFF
30412.698922157288,85.49,28.6,LED_OFF
30417.261705875397,85.54,28.0,LED_OFF
30421.824637889862,85.62,27.5,LED_OFF
30426.388162136078,85.52,28.5,LED_OFF
30430.950719833374,85.54,27.9,LED_OFF
30435.513563871384,85.47,27.5,LED_OFF
30440.076534748077,85.13,27.6,LED_OFF
30444.63925218582,85.54,28.1,LED_OFF
30449.202439785004,85.57,27.6,LED_OFF
30453.765146017075,85.67,27.9,LED_OFF
30458.328192710876,85.81,28.1,LED_OFF
30462.891118764877,84.98,27.0,LED_OFF
30467.454397439957,85.52,27.2,LED_OFF
30472.016956329346,85.54,28.3,LED_OFF
30476.580120801926,84.74,28.9,LED_OFF
30481.1430478096,85.32,27.6,LED_OFF
30485.705874443054,85.54,27.3,LED_OFF
30490.26898241043,85.54,28.2,LED_OFF
30494.832137823105,85.37,27.9,LED_OFF
30499.39475107193,85.57,27.3,LED_OFF
30503.958037376404,85.62,28.2,LED_OFF
30508.520867586136,85.54,28.0,LED_OFF
30513.083471775055,85.42,28.6,LED_OFF
30517.64664387703,85.59,28.1,LED_OFF
30522.209539175034,85.18,27.1,LED_OFF
30526.772311925888,85.37,28.3,LED_OFF
30531.33547091484,85.03,27.5,LED_OFF
30535.898307323456,85.49,27.6,LED_OFF
30540.46134662628,85.54,28.3,LED_OFF
30545.024289369583,85.52,27.9,LED_OFF
30549.587344884872,85.47,27.3,LED_OFF
30554.150044441223,85.47,27.4,LED_OFF
30558.713037252426,85.54,28.0,LED_OFF
30563.27587389946,85.62,28.8,LED_OFF
30567.83887410164,85.52,28.1,LED_OFF
30572.40205526352,85.47,28.4,LED_OFF
30576.964742422104,85.52,28.0,LED_OFF
30581.52766227722,85.52,28.3,LED_OFF
30586.09077858925,85.47,27.1,LED_OFF
30590.653933763504,85.49,28.2,LED_OFF
30595.216598510742,85.27,28.0,LED_OFF
30599.77968597412,85.01,28.6,LED_OFF
30604.34263253212,84.98,27.1,LED_OFF
30608.905425548553,84.84,28.2,LED_OFF
30613.468513965607,85.23,28.8,LED_OFF
30618.03144621849,85.1,28.4,LED_OFF
30622.594272613525,85.25,27.6,LED_OFF
30627.157080173492,85.37,28.5,LED_OFF
30631.720059156418,84.88,28.4,LED_OFF
30636.283637046814,85.23,28.4,LED_OFF
30640.846239328384,85.32,28.6,LED_OFF
30645.409066200256,85.25,27.9,LED_OFF
30649.97188973427,85.23,27.3,LED_OFF
30654.53480863571,85.27,28.1,LED_OFF
30659.097934246063,85.08,28.6,LED_OFF
30663.661170721054,85.42,27.8,LED_OFF
30668.2239317894,85.03,27.7,LED_OFF
30672.78673672676,85.18,28.8,LED_OFF
30677.349618196487,85.2,28.5,LED_OFF
30681.912531852722,85.23,27.4,LED_OFF
30686.47566628456,85.1,27.2,LED_OFF
30691.038366794586,84.84,28.8,LED_OFF
30695.601354599,85.15,28.5,LED_OFF
30700.164298057556,85.54,27.1,LED_OFF
30704.72744178772,85.08,28.2,LED_OFF
30709.290457248688,85.18,27.1,LED_OFF
30713.853300333023,85.05,27.9,LED_OFF
30718.416625261307,85.15,28.0,LED_OFF
30722.979255199432,84.96,27.6,LED_OFF
30727.542442560196,85.32,27.7,LED_OFF
30732.105031251907,85.18,27.9,LED_OFF
30736.667898654938,85.42,28.1,LED_OFF
30741.230821847916,85.1,28.0,LED_OFF
30745.79396533966,85.23,28.3,LED_OFF
30750.35657477379,85.1,27.9,LED_OFF
30754.91982102394,85.54,27.0,LED_OFF
30759.482663869858,85.3,28.2,LED_OFF
30764.045553684235,85.54,28.9,LED_OFF
30768.608473300934,85.2,28.3,LED_OFF
30773.17159318924,85.32,27.0,LED_OFF
30777.734350442886,85.23,27.2,LED_OFF
30782.297437906265,85.4,28.3,LED_OFF
30786.860521793365,85.42,27.0,LED_OFF
30791.42333960533,85.08,28.1,LED_OFF
30795.98658466339,84.98,28.7,LED_OFF
30800.549122571945,85.27,28.2,LED_OFF
30805.112237930298,85.05,28.8,LED_OFF
30809.674918174744,85.08,28.5,LED_OFF
30814.237964630127,85.89,28.8,LED_OFF
30818.800847530365,85.25,27.3,LED_OFF
30823.363827228546,84.74,28.8,LED_OFF
30827.92683529854,84.4,27.5,LED_OFF
30832.490079641342,85.62,27.2,LED_OFF
30837.0526034832,85.4,27.5,LED_OFF
30841.615813970566,85.27,27.0,LED_OFF
30846.178895950317,84.81,27.8,LED_OFF
30850.741498470306,84.32,28.8,LED_OFF
30855.304414987564,85.01,27.5,LED_OFF
30859.867586374283,85.05,28.5,LED_OFF
30864.430295944214,85.13,28.8,LED_OFF
30868.993449926376,84.74,28.8,LED_OFF
30873.55630517006,85.03,28.9,LED_OFF
30878.119443893433,84.84,28.6,LED_OFF
30882.68225479126,84.98,27.5,LED_OFF
30887.245054721832,85.54,27.3,LED_OFF
30891.807936906815,84.96,28.4,LED_OFF
30896.370922088623,85.15,27.8,LED_OFF
30900.934084415436,85.13,27.2,LED_OFF
30905.49691104889,85.23,27.9,LED_OFF
30910.06002521515,85.01,28.8,LED_OFF
30914.622761249542,85.1,28.5,LED_OFF
30919.185881614685,85.03,28.1,LED_OFF
30923.748710393906,85.03,27.8,LED_OFF
30928.311527967453,85.18,27.3,LED_OFF
30932.87440943718,84.44,28.9,LED_OFF
30937.437695741653,84.91,28.4,LED_OFF
30942.00036215782,85.23,27.1,LED_OFF
30946.56337952614,85.05,28.3,LED_OFF
30951.12643289566,85.1,28.7,LED_OFF
30955.689661026,85.3,27.8,LED_OFF
30960.25210762024,84.81,27.9,LED_OFF
30964.815234422684,85.13,28.7,LED_OFF
30969.378215312958,85.4,28.5,LED_OFF
30973.9415538311,85.32,28.5,LED_OFF
30978.503875732422,85.27,28.8,LED_OFF
30983.066961050034,85.79,27.5,LED_OFF
30987.6298456192,85.18,28.0,LED_OFF
30992.192806005478,85.42,27.2,LED_OFF
30996.755774736404,85.54,28.8,LED_OFF
31001.319085597992,85.1,27.1,LED_OFF
31005.881577014923,85.32,28.7,LED_OFF
31010.444497823715,85.52,27.7,LED_OFF
31015.007492780685,85.52,28.4,LED_OFF
31019.570588350296,85.57,28.2,LED_OFF
31024.133385181427,85.64,27.3,LED_OFF
31028.69655776024,85.37,27.6,LED_OFF
31033.259468317032,85.08,28.5,LED_OFF
31037.822266578674,85.57,27.5,LED_OFF
31042.38545513153,85.62,27.1,LED_OFF
31046.948123931885,85.54,27.8,LED_OFF
31051.511338472366,85.93,28.4,LED_OFF
31056.074003219604,85.54,27.5,LED_OFF
31060.637043714523,85.62,27.0,LED_OFF
31065.199919223785,85.84,28.6,LED_OFF
31069.763083696365,86.45,27.9,LED_OFF
31074.325818538666,85.54,28.1,LED_OFF
31078.889095067978,85.71,28.5,LED_OFF
31083.452442646027,86.08,28.0,LED_OFF
31088.014758586884,86.76,28.7,LED_OFF
31092.577716588974,85.84,28.5,LED_OFF
31097.14053964615,85.93,27.2,LED_OFF
31101.7034406662,85.76,27.1,LED_OFF
31106.26659345627,86.06,27.8,LED_OFF
31110.829454660416,85.81,28.1,LED_OFF
31115.392377853394,85.64,28.3,LED_OFF
31119.955473661423,85.91,27.2,LED_OFF
31124.518540620804,85.81,27.1,LED_OFF
31129.081310749054,85.81,28.0,LED_OFF
31133.644069194794,85.76,28.1,LED_OFF
31138.207036733627,85.67,28.1,LED_OFF
31142.770506858826,85.76,27.7,LED_OFF
31147.33322906494,85.89,28.7,LED_OFF
31151.895928382874,85.69,27.8,LED_OFF
31156.459082603455,85.2,28.6,LED_OFF
31161.021737098694,85.91,28.1,LED_OFF
31165.584810495377,85.86,27.7,LED_OFF
31170.147655963898,85.81,28.9,LED_OFF
31174.710652828217,85.76,27.6,LED_OFF
31179.2736620903,85.81,27.2,LED_OFF
31183.836792230606,85.67,27.6,LED_OFF
31188.399485349655,85.91,27.7,LED_OFF
31192.962388277054,85.93,27.1,LED_OFF
31197.525285959244,86.3,27.4,LED_OFF
31202.088314056396,85.81,28.2,LED_OFF
31206.651227235794,86.25,28.2,LED_OFF
31211.214294672012,85.89,28.9,LED_OFF
31215.777171611786,85.76,27.5,LED_OFF
31220.340260982513,85.93,28.3,LED_OFF
31224.902985811234,85.81,27.2,LED_OFF
31229.466022491455,85.79,28.0,LED_OFF
31234.029181957245,85.71,27.5,LED_OFF
31238.591889619827,85.93,27.1,LED_OFF
31243.154847860336,86.15,27.5,LED_OFF
31247.717760801315,85.86,28.6,LED_OFF
31252.28068423271,85.98,28.7,LED_OFF
31256.84366130829,85.57,28.9,LED_OFF
31261.406509637833,85.93,27.5,LED_OFF
31265.969608545303,85.54,28.8,LED_OFF
31270.53256368637,85.79,28.7,LED_OFF
31275.095487356186,85.84,27.9,LED_OFF
31279.658376693726,86.06,27.3,LED_OFF
31284.221445560455,85.76,28.4,LED_OFF
31288.784375190735,85.62,27.4,LED_OFF
31293.347254037857,85.54,28.5,LED_OFF
31297.910433530807,85.76,27.5,LED_OFF
31302.47302031517,86.03,27.3,LED_OFF
31307.036018371582,85.52,28.5,LED_OFF
31311.599034309387,85.54,27.6,LED_OFF
31316.162066459656,85.67,28.6,LED_OFF
31320.724843263626,86.37,28.3,LED_OFF
31325.288233995438,85.47,28.6,LED_OFF
31329.850796937943,85.54,28.7,LED_OFF
31334.41394019127,85.76,27.3,LED_OFF
31338.97681927681,85.18,28.9,LED_OFF
31343.539677381516,85.54,28.8,LED_OFF
31348.102833032608,85.54,27.7,LED_OFF
31352.66547679901,85.54,28.6,LED_OFF
31357.228538036346,85.62,28.2,LED_OFF
31361.791391849518,85.52,27.8,LED_OFF
31366.35454773903,85.47,28.9,LED_OFF
31370.917367696762,85.4,28.9,LED_OFF
31375.48032927513,85.69,27.7,LED_OFF
31380.043102025986,85.37,28.3,LED_OFF
31384.606369018555,85.67,28.6,LED_OFF
31389.169097661972,85.52,28.6,LED_OFF
31393.73222064972,85.37,27.6,LED_OFF
31398.295062303543,85.37,27.0,LED_OFF
31402.85814332962,85.54,28.4,LED_OFF
31407.42093682289,85.49,27.6,LED_OFF
31411.983860731125,85.47,27.5,LED_OFF
31416.546869516373,85.27,28.2,LED_OFF
31421.109909057617,85.37,27.3,LED_OFF
31425.672733783722,85.3,27.0,LED_OFF
31430.235606193542,85.49,27.4,LED_OFF
31434.798756837845,85.54,27.7,LED_OFF
31439.361479997635,85.23,28.3,LED_OFF
31443.92450594902,85.37,27.0,LED_OFF
31448.48761510849,85.3,27.1,LED_OFF
31453.050553560257,85.4,27.2,LED_OFF
31457.61350774765,85.42,27.5,LED_OFF
31462.17645430565,85.35,27.9,LED_OFF
31466.739115953445,85.37,28.1,LED_OFF
31471.30230331421,85.27,27.5,LED_OFF
31475.86531305313,85.42,27.9,LED_OFF
31480.42817735672,85.08,27.5,LED_OFF
31484.990941286087,85.47,28.4,LED_OFF
31489.5540599823,85.23,27.9,LED_OFF
31494.117076158524,85.2,27.1,LED_OFF
31498.679983377457,84.88,28.8,LED_OFF
31503.243077278137,85.08,27.5,LED_OFF
31507.805679559708,85.2,27.4,LED_OFF
31512.36874127388,85.15,28.3,LED_OFF
31516.931671619415,85.35,27.1,LED_OFF
31521.494604110718,84.66,27.4,LED_OFF
31526.057507514954,85.15,27.0,LED_OFF
31530.620343208313,85.01,28.3,LED_OFF
31535.183597803116,84.84,27.8,LED_OFF
31539.746348142624,84.88,27.1,LED_OFF
31544.309207439423,85.47,28.5,LED_OFF
31548.87220811844,85.49,28.4,LED_OFF
31553.435299396515,85.27,27.9,LED_OFF
31557.99862885475,84.88,28.2,LED_OFF
31562.560949087143,84.71,27.9,LED_OFF
31567.123885154724,85.1,28.6,LED_OFF
31571.687118768692,84.86,28.9,LED_OFF
31576.24987101555,84.96,28.3,LED_OFF
31580.81287074089,84.84,28.5,LED_OFF
31585.37629556656,85.03,28.5,LED_OFF
31589.938907384872,84.84,27.6,LED_OFF
31594.50181245804,85.08,28.0,LED_OFF
31599.064703464508,84.84,28.6,LED_OFF
31603.627630233765,85.3,27.4,LED_OFF
31608.19051027298,84.98,28.0,LED_OFF
31612.753550052643,85.1,27.0,LED_OFF
31617.31644678116,85.1,28.8,LED_OFF
31621.879308223724,84.98,28.7,LED_OFF
31626.44258093834,85.18,28.2,LED_OFF
31631.00556731224,85.15,28.4,LED_OFF
31635.568442821503,85.35,27.8,LED_OFF
31640.131428956985,85.4,28.4,LED_OFF
31644.694447517395,85.23,28.9,LED_OFF
31649.256993055344,85.15,27.7,LED_OFF
31653.820112228394,85.4,27.6,LED_OFF
31658.383605241776,85.2,27.7,LED_OFF
31662.946016788483,85.13,28.3,LED_OFF
31667.50882959366,85.23,28.0,LED_OFF
31672.071870088577,85.32,28.4,LED_OFF
31676.63466334343,85.27,27.8,LED_OFF
31681.198204755783,85.18,27.9,LED_OFF
31685.760608434677,85.54,27.7,LED_OFF
31690.324061632156,84.64,28.7,LED_OFF
31694.88679075241,84.71,28.0,LED_OFF
31699.449821472168,85.18,28.5,LED_OFF
31704.012394189835,86.03,27.4,LED_OFF
31708.575474262238,85.37,28.8,LED_OFF
31713.1383228302,85.69,27.8,LED_OFF
31717.701412439346,85.59,28.8,LED_OFF
31722.264251470566,85.2,28.6,LED_OFF
31726.827018499374,85.47,28.4,LED_OFF
31731.390004634857,85.18,27.5,LED_OFF
31735.952999591827,85.27,28.6,LED_OFF
31740.51592874527,85.13,28.0,LED_OFF
31745.079092741013,85.15,27.1,LED_OFF
31749.641921281815,85.47,28.8,LED_OFF
31754.205003499985,85.54,28.2,LED_OFF
31758.767813444138,85.59,28.5,LED_OFF
31763.33071756363,85.23,27.5,LED_OFF
31767.89396929741,85.15,28.6,LED_OFF
31772.457799196243,85.23,27.9,LED_OFF
31777.019708156586,85.15,28.5,LED_OFF
31781.582397937775,85.3,28.9,LED_OFF
31786.14537549019,85.2,28.5,LED_OFF
31790.70851612091,84.93,27.9,LED_OFF
31795.271530628204,85.13,28.2,LED_OFF
31799.834323644638,85.49,28.8,LED_OFF
31804.39736866951,85.54,27.1,LED_OFF
31808.960196256638,85.49,28.7,LED_OFF
31813.523276090622,85.47,28.8,LED_OFF
31818.085930109024,85.2,27.0,LED_OFF
31822.64915704727,85.91,27.7,LED_OFF
31827.211977243423,84.98,27.2,LED_OFF
31831.775055646896,85.37,28.4,LED_OFF
31836.33825802803,85.47,28.9,LED_OFF
31840.900723934174,85.27,28.9,LED_OFF
31845.463772296906,85.37,28.7,LED_OFF
31850.026818990707,85.18,27.2,LED_OFF
31854.58977651596,85.35,28.5,LED_OFF
31859.15250134468,85.42,28.7,LED_OFF
31863.71558213234,85.76,28.2,LED_OFF
31868.278646945953,85.23,27.4,LED_OFF
31872.841497659683,85.32,27.7,LED_OFF
31877.40464782715,85.47,27.0,LED_OFF
31881.967365026474,86.86,27.7,LED_OFF
31886.530569076538,85.23,28.1,LED_OFF
31891.09319639206,85.1,27.6,LED_OFF
31895.656939029694,85.32,28.5,LED_OFF
31900.219116449356,85.32,27.5,LED_OFF
31904.782117128372,85.05,27.3,LED_OFF
31909.345019340515,85.13,28.0,LED_OFF
31913.90796136856,85.62,27.5,LED_OFF
31918.470838069916,85.54,27.6,LED_OFF
31923.033956050873,85.62,28.6,LED_OFF
31927.59680247307,85.49,27.8,LED_OFF
31932.15970659256,85.27,27.0,LED_OFF
31936.723063468933,85.27,28.7,LED_OFF
31941.28554558754,85.52,28.5,LED_OFF
31945.84848856926,85.27,27.8,LED_OFF
31950.411767482758,85.47,28.6,LED_OFF
31954.974438905716,85.3,27.4,LED_OFF
31959.537487983704,85.3,28.7,LED_OFF
31964.100416898727,84.93,28.4,LED_OFF
31968.663261175156,84.44,28.9,LED_OFF
31973.22639966011,85.25,27.8,LED_OFF
31977.78962612152,85.01,27.4,LED_OFF
31982.352125406265,85.27,27.6,LED_OFF
31986.915083408356,85.35,28.1,LED_OFF
31991.478074789047,85.27,28.3,LED_OFF
31996.041105747223,85.49,28.4,LED_OFF
32000.604172468185,85.3,28.9,LED_OFF
32005.16700220108,85.32,28.1,LED_OFF
32009.729776620865,85.18,28.5,LED_OFF
32014.29278445244,85.18,27.8,LED_OFF
32018.85559988022,86.57,27.6,LED_OFF
32023.418595790863,85.03,27.9,LED_OFF
32027.98164343834,85.1,27.3,LED_OFF
32032.54480099678,85.27,27.7,LED_OFF
32037.107796669006,85.08,27.5,LED_OFF
32041.67061972618,85.4,27.9,LED_OFF
32046.233589172363,85.67,28.9,LED_OFF
32050.796319961548,85.18,27.2,LED_OFF
32055.359187602997,86.28,27.4,LED_OFF
32059.92266225815,85.3,27.9,LED_OFF
32064.48525094986,85.01,27.1,LED_OFF
32069.048333644867,85.42,28.1,LED_OFF
32073.61098742485,85.01,27.6,LED_OFF
32078.17402100563,85.1,27.3,LED_OFF
32082.736966609955,85.32,27.5,LED_OFF
32087.29999089241,85.54,28.1,LED_OFF
32091.862848997116,84.98,28.5,LED_OFF
32096.425785541534,84.91,28.5,LED_OFF
32100.989267110825,85.4,28.5,LED_OFF
32105.551634788513,84.91,28.3,LED_OFF
32110.11492562294,86.64,27.4,LED_OFF
32114.67745614052,85.08,28.1,LED_OFF
32119.240532398224,84.81,28.1,LED_OFF
32123.8034427166,84.1,28.4,LED_OFF
32128.3664996624,85.01,28.4,LED_OFF
32132.929314613342,84.74,28.7,LED_OFF
32137.49233841896,85.76,28.3,LED_OFF
32142.055451631546,85.1,27.5,LED_OFF
32146.61820793152,85.1,28.9,LED_OFF
32151.18272781372,84.76,27.4,LED_OFF
32155.744325876236,85.13,28.4,LED_OFF
32160.307099580765,85.89,27.1,LED_OFF
32164.870074272156,85.01,27.2,LED_OFF
32169.43288040161,84.76,28.6,LED_OFF
32173.99618792534,85.42,28.0,LED_OFF
32178.55882549286,85.08,27.5,LED_OFF
32183.121959924698,84.81,28.9,LED_OFF
32187.685144901276,84.98,27.8,LED_OFF
32192.247822761536,84.76,28.2,LED_OFF
32196.810612678528,85.08,27.7,LED_OFF
32205.93697285652,85.3,28.9,LED_OFF
32210.499368429184,85.03,28.1,LED_OFF
32215.06266260147,85.01,27.8,LED_OFF
32219.62536096573,84.88,28.2,LED_OFF
32224.1887049675,84.91,27.0,LED_OFF
32228.751323461533,84.79,27.7,LED_OFF
32233.3144030571,85.13,28.6,LED_OFF
32237.877111196518,84.91,28.0,LED_OFF
32242.440274715424,83.61,28.1,LED_OFF
32247.003093004227,84.76,28.0,LED_OFF
32251.56616783142,85.08,28.8,LED_OFF
32256.129276037216,84.62,28.3,LED_OFF
32260.692076444626,84.84,28.7,LED_OFF
32265.255016565323,85.67,27.4,LED_OFF
32269.817810297012,84.76,27.8,LED_OFF
32274.380854845047,85.23,28.8,LED_OFF
32278.9436583519,84.69,27.8,LED_OFF
32283.506507635117,84.98,28.7,LED_OFF
32288.069485664368,84.86,28.7,LED_OFF
32292.632627487183,85.1,27.3,LED_OFF
32297.195502996445,84.96,28.9,LED_OFF
32301.75844693184,85.27,27.5,LED_OFF
32306.321637153625,85.01,27.5,LED_OFF
32310.884265184402,84.81,27.5,LED_OFF
32315.447458028793,85.01,28.9,LED_OFF
32320.01032948494,84.76,28.1,LED_OFF
32324.57337784767,85.23,28.8,LED_OFF
32329.13605427742,84.81,28.9,LED_OFF
32333.699157476425,84.93,27.5,LED_OFF
32338.261941194534,85.08,28.7,LED_OFF
32342.82487154007,85.13,28.6,LED_OFF
32347.38785791397,84.91,27.1,LED_OFF
32351.950992822647,85.01,28.1,LED_OFF
32356.513990163803,84.86,27.4,LED_OFF
32361.0766851902,85.05,28.9,LED_OFF
32365.639683246613,85.13,28.6,LED_OFF
32370.20261001587,85.05,28.1,LED_OFF
32374.765870809555,85.03,28.2,LED_OFF
32379.328505277634,85.1,27.8,LED_OFF
32383.891565322876,85.1,27.0,LED_OFF
32388.454711198807,85.01,27.5,LED_OFF
32393.017297267914,85.05,27.1,LED_OFF
32397.58012342453,85.54,28.2,LED_OFF
32402.143206596375,84.98,28.4,LED_OFF
32406.706344366074,85.03,27.1,LED_OFF
32411.269313812256,85.3,27.8,LED_OFF
32415.832562208176,85.2,27.1,LED_OFF
32420.395208120346,85.08,28.2,LED_OFF
32424.95800805092,84.98,27.0,LED_OFF
32429.52103829384,85.15,27.7,LED_OFF
32434.08399128914,84.84,28.1,LED_OFF
32438.646731853485,85.76,27.4,LED_OFF
32443.209762573242,84.98,27.1,LED_OFF
32447.77273130417,85.57,28.6,LED_OFF
32452.335864782333,85.05,27.2,LED_OFF
32456.898637533188,84.93,27.6,LED_OFF
32461.46166729927,84.66,27.8,LED_OFF
32466.024488687515,84.88,28.1,LED_OFF
32470.587786912918,84.98,28.1,LED_OFF
32475.15034365654,85.01,28.5,LED_OFF
32479.713695287704,84.59,27.7,LED_OFF
32484.276314020157,84.93,27.2,LED_OFF
32488.839401245117,84.91,27.4,LED_OFF
32493.40211224556,84.93,27.4,LED_OFF
32497.965005397797,85.03,28.7,LED_OFF
32502.52834367752,84.91,27.5,LED_OFF
32507.091378450394,85.03,28.7,LED_OFF
32511.654351472855,85.18,28.9,LED_OFF
32516.216961860657,84.88,28.0,LED_OFF
32520.779733181,84.98,27.7,LED_OFF
32525.343010663986,84.88,28.2,LED_OFF
32529.905730724335,84.91,28.1,LED_OFF
32534.46871972084,84.62,27.1,LED_OFF
32539.031723499298,84.76,28.2,LED_OFF
32543.59446120262,85.15,28.0,LED_OFF
32548.15749311447,84.93,27.9,LED_OFF
32552.72057723999,84.69,28.8,LED_OFF
32557.283676862717,84.76,27.8,LED_OFF
32561.84652209282,85.03,27.2,LED_OFF
32566.4093811512,84.76,28.1,LED_OFF
32570.97222018242,84.76,28.2,LED_OFF
32575.53538775444,84.76,27.8,LED_OFF
32580.098258972168,84.76,28.2,LED_OFF
32584.66098165512,84.81,28.2,LED_OFF
32589.223932266235,84.74,28.1,LED_OFF
32593.787486553192,84.76,28.5,LED_OFF
32598.3499686718,84.44,28.6,LED_OFF
32602.91300845146,84.62,27.4,LED_OFF
32607.475744962692,84.57,28.6,LED_OFF
32612.039031744003,84.69,27.5,LED_OFF
32616.601877212524,84.76,27.1,LED_OFF
32621.164856910706,84.42,28.9,LED_OFF
32625.727801561356,84.88,27.3,LED_OFF
32630.290603876114,84.37,27.3,LED_OFF
32634.8535528183,84.1,27.4,LED_OFF
32639.416418790817,84.79,27.5,LED_OFF
32643.979593992233,84.64,27.1,LED_OFF
32648.542504549026,84.71,27.8,LED_OFF
32653.10546064377,84.37,28.6,LED_OFF
32657.668524742126,84.69,27.2,LED_OFF
32662.231341600418,84.74,27.6,LED_OFF
32666.794253587723,84.64,27.4,LED_OFF
32671.357041358948,84.66,27.4,LED_OFF
32675.9200797081,84.81,28.1,LED_OFF
32680.482840776443,83.54,27.8,LED_OFF
32685.04590368271,85.08,28.4,LED_OFF
32689.608845710754,84.49,28.0,LED_OFF
32694.17175388336,84.44,27.1,LED_OFF
32698.734770059586,84.49,28.2,LED_OFF
32703.297689676285,84.54,27.7,LED_OFF
32707.860516548157,84.64,27.3,LED_OFF
32712.423692703247,84.66,27.6,LED_OFF
32716.986763954163,84.79,28.7,LED_OFF
32721.54939842224,84.74,28.6,LED_OFF
32726.112595796585,84.3,27.1,LED_OFF
32730.675384759903,84.71,27.9,LED_OFF
32735.238287210464,84.37,28.0,LED_OFF
32739.801327943802,84.54,27.8,LED_OFF
32744.3642475605,84.37,28.0,LED_OFF
32748.92724943161,84.54,27.7,LED_OFF
32753.490636110306,84.37,27.6,LED_OFF
32758.053166866302,84.52,28.0,LED_OFF
32762.616107463837,84.52,28.9,LED_OFF
32767.179155111313,84.49,28.0,LED_OFF
32771.74198317528,84.59,28.5,LED_OFF
32776.30490279198,84.37,27.5,LED_OFF
32780.86769962311,84.49,27.6,LED_OFF
32785.43093538284,84.32,27.9,LED_OFF
32789.99393939972,84.35,27.3,LED_OFF
32794.556574344635,84.37,28.8,LED_OFF
32799.1196770668,84.18,27.9,LED_OFF
32803.682754039764,84.35,28.8,LED_OFF
32808.24575448036,84.47,28.5,LED_OFF
32812.80833506584,83.2,27.4,LED_OFF
32817.3715031147,84.52,28.3,LED_OFF
32821.934646844864,85.67,27.5,LED_OFF
32826.497379779816,84.13,28.0,LED_OFF
32831.0604801178,84.3,27.0,LED_OFF
32835.62340044975,84.1,28.1,LED_OFF
32840.186150074005,84.35,28.9,LED_OFF
32844.749118328094,84.3,28.4,LED_OFF
32849.31199002266,84.35,28.3,LED_OFF
32853.87512540817,83.81,28.0,LED_OFF
32858.43793606758,84.25,28.2,LED_OFF
32863.000794649124,84.2,28.4,LED_OFF
32867.56377506256,84.1,27.5,LED_OFF
32872.1267414093,84.37,27.9,LED_OFF
32876.689796447754,84.1,27.7,LED_OFF
32881.25251984596,84.4,27.3,LED_OFF
32885.815448760986,84.88,28.5,LED_OFF
32890.378682136536,84.84,28.1,LED_OFF
32894.94154715538,85.37,28.7,LED_OFF
32899.50464963913,84.2,28.5,LED_OFF
32904.0674302578,83.52,28.9,LED_OFF
32908.63043999672,84.52,27.7,LED_OFF
32913.193372011185,84.13,28.3,LED_OFF
32917.756227731705,84.42,27.5,LED_OFF
32922.319291591644,84.1,28.4,LED_OFF
32926.88204598427,84.81,28.3,LED_OFF
32931.44520020485,84.1,27.2,LED_OFF
32936.0079703331,84.18,28.6,LED_OFF
32940.57104969025,84.05,28.6,LED_OFF
32945.13400697708,84.32,27.5,LED_OFF
32949.69696331024,84.08,28.2,LED_OFF
32954.2596988678,84.03,28.3,LED_OFF
32958.82287168503,83.91,27.6,LED_OFF
32963.38592839241,84.2,28.8,LED_OFF
32967.94860839844,83.76,27.5,LED_OFF
32972.51149010658,83.98,27.2,LED_OFF
32977.07467556,84.1,28.8,LED_OFF
32981.63774776459,84.08,28.6,LED_OFF
32986.20056271553,84.57,28.2,LED_OFF
32990.763486623764,83.64,28.3,LED_OFF
32995.326338768005,83.93,28.8,LED_OFF
32999.8891620636,83.98,27.4,LED_OFF
33004.4523460865,83.98,28.9,LED_OFF
33009.015008449554,83.98,28.2,LED_OFF
33013.578047037125,84.05,27.7,LED_OFF
33018.1409265995,84.0,28.0,LED_OFF
33022.70391368866,84.03,28.2,LED_OFF
33027.26694226265,84.0,28.5,LED_OFF
33031.83011889458,84.0,28.7,LED_OFF
33036.39290046692,84.13,28.6,LED_OFF
33040.955839157104,83.96,27.6,LED_OFF
33045.51893019676,84.0,28.6,LED_OFF
33050.0816347599,84.1,27.7,LED_OFF
33054.64465928078,84.0,28.6,LED_OFF
33059.20759224892,84.59,27.7,LED_OFF
33063.77067184448,83.98,27.7,LED_OFF
33068.33342933655,83.81,28.0,LED_OFF
33072.896346092224,83.98,28.4,LED_OFF
33077.45956110954,84.15,28.7,LED_OFF
33082.02264738083,84.35,27.6,LED_OFF
33086.58545088768,83.98,27.9,LED_OFF
33091.148153066635,83.86,28.0,LED_OFF
33095.711164951324,83.98,27.4,LED_OFF
33100.274300575256,84.05,27.8,LED_OFF
33104.83699607849,84.3,28.9,LED_OFF
33109.4002661705,83.98,28.3,LED_OFF
33113.96305346489,84.0,27.1,LED_OFF
33118.5260822773,83.91,27.0,LED_OFF
33123.089144706726,83.81,28.5,LED_OFF
33127.651893377304,83.54,27.3,LED_OFF
33132.2148911953,83.71,28.2,LED_OFF
33136.77778315544,84.0,28.3,LED_OFF
33141.3407702446,83.91,27.2,LED_OFF
33145.90352678299,83.98,27.4,LED_OFF
33150.466398239136,84.25,28.2,LED_OFF
33155.02944922447,83.76,27.9,LED_OFF
33159.592376708984,83.98,28.3,LED_OFF
33164.155385017395,84.05,27.0,LED_OFF
33168.7181930542,83.32,28.0,LED_OFF
33173.28128671646,84.13,27.9,LED_OFF
33177.844072818756,83.52,27.0,LED_OFF
33182.407577991486,83.76,27.9,LED_OFF
33186.97030830383,83.91,28.3,LED_OFF
33191.53320860863,83.69,28.1,LED_OFF
33196.09597373009,83.76,28.9,LED_OFF
33200.658942222595,83.86,27.0,LED_OFF
33205.22191309929,83.35,28.5,LED_OFF
33209.78493118286,83.69,28.8,LED_OFF
33214.34790325165,83.81,28.3,LED_OFF
33218.91063404083,83.93,27.0,LED_OFF
33223.47370886803,83.86,28.4,LED_OFF
33228.03660392761,83.91,28.1,LED_OFF
33232.599625349045,83.74,28.9,LED_OFF
33237.162633895874,83.71,28.2,LED_OFF
33241.72539186478,83.96,27.2,LED_OFF
33246.28830909729,83.61,28.2,LED_OFF
33255.41569828987,83.86,27.6,LED_OFF
33259.9774518013,83.61,28.2,LED_OFF
33264.5403482914,83.76,27.2,LED_OFF
33269.1032936573,83.81,28.7,LED_OFF
33273.666155576706,83.93,28.9,LED_OFF
33278.22921562195,83.76,27.9,LED_OFF
33282.79192972183,84.3,27.3,LED_OFF
33287.354983091354,83.76,27.7,LED_OFF
33291.91784071922,83.37,27.5,LED_OFF
33296.48079299927,83.71,27.7,LED_OFF
33301.04393982887,84.03,28.4,LED_OFF
33305.60668730736,83.98,27.0,LED_OFF
33310.16963291168,83.76,28.9,LED_OFF
33314.73276042938,83.66,27.8,LED_OFF
33319.29570937157,83.98,28.0,LED_OFF
33323.858617305756,83.71,28.5,LED_OFF
33328.42144036293,83.74,28.5,LED_OFF
33332.98442053795,83.81,28.1,LED_OFF
33337.54732131958,83.47,27.5,LED_OFF
33342.11040186882,83.27,27.0,LED_OFF
33346.67320919037,83.91,27.9,LED_OFF
33355.7997739315,83.83,28.2,LED_OFF
33360.362053632736,83.96,28.6,LED_OFF
33364.92503666878,83.71,27.3,LED_OFF
33369.487875938416,83.81,27.9,LED_OFF
33374.051007032394,83.81,27.3,LED_OFF
33378.613933324814,83.93,27.3,LED_OFF
33383.17692565918,83.81,28.0,LED_OFF
33387.739629268646,83.27,28.2,LED_OFF
33392.30281949043,83.69,27.4,LED_OFF
33396.86548066139,83.81,28.3,LED_OFF
33401.428782224655,83.81,28.7,LED_OFF
33405.991658210754,84.3,27.5,LED_OFF
33410.55445146561,83.86,28.9,LED_OFF
33415.11772441864,83.91,27.2,LED_OFF
33419.6803457737,83.76,27.4,LED_OFF
33424.243347883224,83.22,27.1,LED_OFF
33428.8062274456,83.74,27.1,LED_OFF
33433.3692882061,83.86,28.6,LED_OFF
33437.932235479355,83.59,28.1,LED_OFF
33442.495270729065,83.47,27.2,LED_OFF
33447.05798244476,83.98,28.9,LED_OFF
33451.62092781067,83.66,28.5,LED_OFF
33456.183856248856,84.0,28.4,LED_OFF
33460.746868133545,83.76,28.1,LED_OFF
33465.30977845192,83.98,27.2,LED_OFF
33469.872943878174,83.74,28.7,LED_OFF
33474.43583869934,83.66,27.2,LED_OFF
33478.998621702194,83.61,28.6,LED_OFF
33483.56157875061,83.61,27.3,LED_OFF
33488.12474966049,83.74,27.6,LED_OFF
33492.68756389618,83.83,28.4,LED_OFF
33497.25075888634,83.66,28.4,LED_OFF
33501.81350064278,83.47,27.3,LED_OFF
33506.37647008896,83.32,27.8,LED_OFF
33510.93936920166,83.59,28.9,LED_OFF
33515.50252914429,83.54,27.7,LED_OFF
33520.0654296875,83.54,28.0,LED_OFF
33524.62833046913,83.54,27.2,LED_OFF
33529.191556215286,83.64,27.9,LED_OFF
33533.754064798355,83.54,28.8,LED_OFF
33538.31695485115,83.57,27.1,LED_OFF
33542.87994647026,82.93,27.3,LED_OFF
33547.44284129143,83.71,27.8,LED_OFF
33552.00568175316,83.44,28.3,LED_OFF
33556.569032907486,83.52,28.5,LED_OFF
33561.131721735,83.2,28.5,LED_OFF
33565.69490194321,83.25,27.9,LED_OFF
33570.25759482384,83.59,27.3,LED_OFF
33574.82093048096,83.52,28.3,LED_OFF
33579.38344717026,83.25,28.3,LED_OFF
33583.94707894325,83.47,28.7,LED_OFF
33588.50927090645,83.81,28.7,LED_OFF
33593.07247710228,84.25,28.4,LED_OFF
33597.63539338112,83.98,27.8,LED_OFF
33602.19868326187,83.47,27.9,LED_OFF
33606.76126933098,83.42,28.0,LED_OFF
33611.324536561966,83.52,27.9,LED_OFF
33615.88720417023,84.03,27.1,LED_OFF
33620.45012426376,83.13,28.6,LED_OFF
33625.0131354332,83.3,27.6,LED_OFF
33629.57604908943,83.35,27.8,LED_OFF
33634.13900208473,83.44,28.1,LED_OFF
33638.70203399658,83.25,28.6,LED_OFF
33643.264795064926,83.27,28.7,LED_OFF
33647.827902555466,83.32,27.6,LED_OFF
33652.39114570618,83.47,28.3,LED_OFF
33656.95353746414,83.32,28.0,LED_OFF
33661.51639461517,83.32,28.9,LED_OFF
33666.07948946953,83.59,28.2,LED_OFF
33670.64244222641,83.2,27.9,LED_OFF
33675.20543503761,83.44,27.0,LED_OFF
33679.76849460602,83.52,28.5,LED_OFF
33684.331197977066,83.52,27.8,LED_OFF
33688.89419341087,83.35,28.1,LED_OFF
33693.45744109154,83.22,27.0,LED_OFF
33698.02015566826,83.42,27.1,LED_OFF
33702.58322763443,83.13,28.5,LED_OFF
33707.14609146118,83.25,28.0,LED_OFF
33711.708994627,82.42,28.8,LED_OFF
33716.271929740906,83.61,27.9,LED_OFF
33720.834986925125,82.86,27.1,LED_OFF
33725.39785814285,83.2,28.7,LED_OFF
33729.96078968048,83.2,28.9,LED_OFF
33734.52401947975,83.35,27.8,LED_OFF
33739.08682465553,83.2,27.0,LED_OFF
33743.64977359772,83.15,27.7,LED_OFF
33748.21254038811,82.81,27.4,LED_OFF
33752.77563929558,83.2,27.4,LED_OFF
33757.33864593506,83.1,27.7,LED_OFF
33761.901329278946,83.15,27.6,LED_OFF
33766.464435338974,83.13,28.7,LED_OFF
33771.02716064453,82.83,28.7,LED_OFF
33775.59053397179,82.78,28.0,LED_OFF
33780.1533510685,83.08,27.7,LED_OFF
33784.71598482132,82.69,28.9,LED_OFF
33789.27923107147,83.08,27.7,LED_OFF
33793.84200143814,82.88,27.3,LED_OFF
33798.405029296875,82.81,27.8,LED_OFF
33802.96808338165,82.81,28.5,LED_OFF
33807.53105139732,83.08,28.6,LED_OFF
33812.093829870224,82.47,27.9,LED_OFF
33816.65710401535,83.44,27.3,LED_OFF
33821.22004723549,82.95,28.5,LED_OFF
33825.78269457817,82.91,27.4,LED_OFF
33830.34551310539,83.03,28.7,LED_OFF
33834.90891480446,83.03,28.7,LED_OFF
33839.47162604332,83.05,27.0,LED_OFF
33844.0344376564,82.76,28.1,LED_OFF
33848.59743332863,82.98,28.7,LED_OFF
33853.16041946411,82.93,27.7,LED_OFF
33857.72347617149,82.95,28.4,LED_OFF
33862.28620362282,82.95,28.9,LED_OFF
33866.84928703308,82.83,27.5,LED_OFF
33871.412294626236,82.81,27.0,LED_OFF
33875.975006103516,82.83,27.2,LED_OFF
33880.538145542145,82.81,28.9,LED_OFF
33885.10107898712,82.74,27.3,LED_OFF
33889.66389107704,83.42,27.0,LED_OFF
33894.22686505318,82.76,27.1,LED_OFF
33898.790305137634,82.44,28.3,LED_OFF
33903.352801561356,83.44,28.2,LED_OFF
33907.91574573517,82.83,27.0,LED_OFF
33912.47858428955,82.76,27.7,LED_OFF
33917.041517972946,82.93,27.3,LED_OFF
33921.60535597801,82.83,27.6,LED_OFF
33926.1677236557,82.83,28.4,LED_OFF
33930.73040151596,82.39,28.0,LED_OFF
33935.29364943504,82.64,27.4,LED_OFF
33939.856541633606,82.83,27.5,LED_OFF
33944.41921854019,82.49,28.9,LED_OFF
33948.98226571083,82.93,27.3,LED_OFF
33953.5453710556,82.88,28.7,LED_OFF
33958.10849189758,83.08,28.6,LED_OFF
33962.670983076096,82.74,27.3,LED_OFF
33967.234137773514,82.56,28.2,LED_OFF
33971.796902894974,82.76,28.5,LED_OFF
33976.360183000565,82.78,27.3,LED_OFF
33980.923127651215,82.86,28.1,LED_OFF
33985.48624753952,83.08,27.3,LED_OFF
33990.04906797409,82.78,28.4,LED_OFF
33994.61166381836,82.74,27.0,LED_OFF
33999.1746199131,82.74,28.8,LED_OFF
34003.737780570984,83.08,28.0,LED_OFF
34008.30039405823,82.78,27.9,LED_OFF
34012.863530635834,83.42,27.8,LED_OFF
34017.426285266876,82.83,28.5,LED_OFF
34021.98968243599,83.2,28.8,LED_OFF
34026.55277919769,82.64,28.0,LED_OFF
34031.11549067497,82.69,27.3,LED_OFF
34035.67833828926,82.93,28.9,LED_OFF
34040.24128317833,82.88,28.0,LED_OFF
34044.804176568985,82.81,28.8,LED_OFF
34049.36696600914,82.69,27.4,LED_OFF
34053.93024969101,82.91,28.3,LED_OFF
34058.49304318428,82.78,28.6,LED_OFF
34063.05611228943,82.81,28.6,LED_OFF
34067.618845939636,82.42,28.6,LED_OFF
34072.18197846413,82.54,27.3,LED_OFF
34076.74484372139,82.64,28.3,LED_OFF
34081.30785989761,83.44,28.2,LED_OFF
34085.87094426155,82.88,28.4,LED_OFF
34090.433884859085,82.61,27.7,LED_OFF
34094.99645113945,82.52,28.7,LED_OFF
34099.559661626816,82.81,27.7,LED_OFF
34104.12235021591,82.71,28.0,LED_OFF
34108.68561935425,82.37,27.8,LED_OFF
34113.248433828354,82.76,27.5,LED_OFF
34117.81124162674,82.76,27.8,LED_OFF
34122.37420654297,82.71,27.7,LED_OFF
34126.93721795082,83.05,27.4,LED_OFF
34131.50011086464,83.42,27.3,LED_OFF
34136.06300997734,82.93,27.3,LED_OFF
34140.626079797745,82.83,27.2,LED_OFF
34145.18931055069,82.78,28.1,LED_OFF
34149.75183868408,82.88,28.0,LED_OFF
34154.31504416466,82.98,28.6,LED_OFF
34158.87773656845,82.83,27.8,LED_OFF
34168.00422644615,82.83,28.1,LED_OFF
34172.566779613495,82.3,27.7,LED_OFF
34177.12958359718,82.91,27.8,LED_OFF
34181.69303894043,83.3,27.8,LED_OFF
34186.25569987297,82.95,28.9,LED_OFF
34190.81873846054,82.49,28.7,LED_OFF
34195.38148736954,82.88,27.0,LED_OFF
34199.944363832474,83.03,28.6,LED_OFF
34204.50740361214,82.88,28.3,LED_OFF
34209.07024550438,82.49,28.9,LED_OFF
34213.633004426956,82.98,28.6,LED_OFF
34218.19602608681,82.93,27.8,LED_OFF
34222.75935959816,82.44,28.4,LED_OFF
34227.322226285934,82.74,27.0,LED_OFF
34231.88491654396,82.64,28.9,LED_OFF
34236.44788980484,82.76,28.4,LED_OFF
34241.011221408844,82.69,28.9,LED_OFF
34245.57398676872,84.0,27.9,LED_OFF
34250.13665032387,82.42,28.1,LED_OFF
34254.69970178604,82.74,28.7,LED_OFF
34259.26271700859,82.74,27.4,LED_OFF
34263.82565331459,83.17,27.4,LED_OFF
34268.38877630234,82.42,28.2,LED_OFF
34272.951506614685,81.66,27.6,LED_OFF
34277.51460337639,82.76,28.0,LED_OFF
34282.07746911049,81.66,27.4,LED_OFF
34286.640352487564,82.76,27.5,LED_OFF
34291.2031648159,82.49,27.5,LED_OFF
34295.76611185074,82.64,28.5,LED_OFF
34300.3292992115,82.42,27.2,LED_OFF
34304.89210939407,82.42,27.8,LED_OFF
34309.455240011215,82.69,28.8,LED_OFF
34314.0179810524,81.9,27.6,LED_OFF
34318.58102607727,82.42,28.5,LED_OFF
34323.143803834915,82.39,27.6,LED_OFF
34327.70673418045,82.42,27.2,LED_OFF
34332.269676446915,83.13,28.6,LED_OFF
34336.83274126053,82.42,27.3,LED_OFF
34341.395701408386,83.05,28.8,LED_OFF
34345.958619594574,82.42,28.6,LED_OFF
34350.52151179314,82.3,27.7,LED_OFF
34355.084393024445,81.88,27.4,LED_OFF
34359.64735412598,82.42,27.3,LED_OFF
34364.21041202545,82.1,28.5,LED_OFF
34368.77330994606,82.47,27.8,LED_OFF
34373.33636426926,82.2,27.0,LED_OFF
34377.8993833065,82.44,27.3,LED_OFF
34382.46218633652,82.1,28.5,LED_OFF
34387.02523064613,82.12,27.0,LED_OFF
34391.5882062912,82.34,28.9,LED_OFF
34396.15100288391,82.17,27.3,LED_OFF
34400.71392250061,82.12,28.8,LED_OFF
34405.27694892883,81.9,27.2,LED_OFF
34409.84049320221,80.98,28.4,LED_OFF
34414.40308761597,81.76,27.6,LED_OFF
34418.96583080292,81.9,28.4,LED_OFF
34423.5288567543,81.73,28.4,LED_OFF
34428.091758966446,81.76,27.3,LED_OFF
34432.65457653999,82.42,27.7,LED_OFF
34437.21773767471,81.68,27.4,LED_OFF
34441.78048443794,81.78,27.0,LED_OFF
34446.3436255455,81.95,28.5,LED_OFF
34450.90647482872,81.98,28.7,LED_OFF
34455.46941900253,81.64,28.5,LED_OFF
34460.03240275383,82.17,28.8,LED_OFF
34464.595450639725,81.81,27.0,LED_OFF
34469.15833711624,81.66,27.1,LED_OFF
34473.72106385231,82.03,27.4,LED_OFF
34478.28421878815,81.71,28.3,LED_OFF
34482.847209215164,81.59,27.5,LED_OFF
34487.410187244415,81.76,28.8,LED_OFF
34491.97287893295,81.64,27.3,LED_OFF
34496.53577375412,81.64,27.9,LED_OFF
34501.098974466324,81.88,28.2,LED_OFF
34505.661700963974,81.76,27.3,LED_OFF
34510.22475981712,81.51,28.7,LED_OFF
34514.787739515305,81.64,27.4,LED_OFF
34519.35059404373,81.51,27.3,LED_OFF
34523.91367149353,81.64,28.6,LED_OFF
34528.47660779953,81.56,28.4,LED_OFF
34533.03941369057,81.54,28.0,LED_OFF
34537.60249590874,81.07,27.2,LED_OFF
34542.1653046608,81.32,27.5,LED_OFF
34546.72820687294,81.37,27.5,LED_OFF
34551.29138112068,81.27,28.4,LED_OFF
34555.85427546501,81.56,28.0,LED_OFF
34560.41732263565,81.12,28.5,LED_OFF
34564.98015379906,81.29,28.7,LED_OFF
34569.54319047928,81.17,27.6,LED_OFF
34574.106048345566,81.39,27.2,LED_OFF
34578.6691865921,81.51,28.1,LED_OFF
34583.232025146484,81.22,28.3,LED_OFF
34587.79465341568,81.27,27.4,LED_OFF
34592.35784864426,81.32,28.9,LED_OFF
34596.921077251434,81.27,28.6,LED_OFF
34601.48357796669,81.17,28.4,LED_OFF
34606.0464758873,81.22,27.2,LED_OFF
34610.60940027237,81.51,28.5,LED_OFF
34615.17264008522,81.07,28.9,LED_OFF
34619.73600912094,81.32,28.2,LED_OFF
34624.29846215248,81.15,28.0,LED_OFF
34628.861469984055,81.12,28.1,LED_OFF
34633.424130916595,81.17,27.5,LED_OFF
34637.987360954285,81.32,27.2,LED_OFF
34642.55016684532,81.81,28.0,LED_OFF
34647.11321640015,81.1,28.0,LED_OFF
34651.67604827881,81.17,28.8,LED_OFF
34656.23925900459,81.0,27.6,LED_OFF
34660.80217051506,80.98,28.9,LED_OFF
34665.36510634422,80.98,28.1,LED_OFF
34669.92831611633,81.03,28.7,LED_OFF
34674.49074578285,80.81,27.9,LED_OFF
34679.05393409729,81.29,28.7,LED_OFF
34683.61668300629,80.88,28.9,LED_OFF
34688.179936885834,80.88,27.4,LED_OFF
34692.74269533157,80.93,28.3,LED_OFF
34697.305715084076,80.98,28.8,LED_OFF
34701.86872959137,80.85,27.2,LED_OFF
34706.431433439255,81.0,27.8,LED_OFF
34710.99436044693,80.42,27.5,LED_OFF
34715.5573425293,81.2,27.1,LED_OFF
34720.12036728859,80.83,27.2,LED_OFF
34724.6832678318,80.93,28.6,LED_OFF
34729.24628210068,80.9,27.9,LED_OFF
34733.80905556679,80.98,28.8,LED_OFF
34738.37221908569,80.88,28.8,LED_OFF
34742.93491768837,80.68,28.5,LED_OFF
34747.4984600544,80.85,27.0,LED_OFF
34752.06136870384,80.85,27.9,LED_OFF
34756.623889923096,80.93,28.2,LED_OFF
34761.18674635887,80.88,27.8,LED_OFF
34765.74968504906,80.29,28.3,LED_OFF
34770.31261372566,80.46,28.9,LED_OFF
34774.875839948654,81.2,27.4,LED_OFF
34779.43872690201,80.88,28.2,LED_OFF
34784.001505851746,80.56,27.4,LED_OFF
34788.5643966198,80.68,28.6,LED_OFF
34793.1278219223,81.03,27.7,LED_OFF
34797.69045042992,80.95,27.5,LED_OFF
34802.25354838371,81.12,28.3,LED_OFF
34806.8162586689,80.85,27.4,LED_OFF
34811.3797557354,80.85,27.5,LED_OFF
34815.9420940876,80.95,28.6,LED_OFF
34820.505200862885,81.1,27.8,LED_OFF
34825.06838321686,80.98,28.0,LED_OFF
34829.63122653961,80.83,28.2,LED_OFF
34834.19415473938,80.85,27.8,LED_OFF
34838.75708460808,80.95,27.5,LED_OFF
34843.31996512413,80.93,28.9,LED_OFF
34847.88269042969,80.98,28.9,LED_OFF
34852.44566822052,80.73,27.0,LED_OFF
34857.008618593216,81.07,27.2,LED_OFF
34861.57176208496,81.27,27.4,LED_OFF
34866.134459257126,81.03,28.9,LED_OFF
34870.69770693779,80.78,28.4,LED_OFF
34875.260380744934,81.0,28.5,LED_OFF
34879.82349586487,80.98,28.2,LED_OFF
34884.386237859726,81.03,28.2,LED_OFF
34888.949583768845,81.07,27.0,LED_OFF
34893.51239776611,80.85,28.2,LED_OFF
34898.07525753975,81.07,28.2,LED_OFF
34902.63831138611,80.56,28.2,LED_OFF
34907.20102739334,80.56,28.8,LED_OFF
34911.76410293579,81.03,28.8,LED_OFF
34916.32702565193,80.85,27.1,LED_OFF
34920.890080451965,80.73,27.2,LED_OFF
34925.45285272598,80.95,28.1,LED_OFF
34930.016139507294,80.9,28.9,LED_OFF
34934.579097509384,81.22,27.2,LED_OFF
34939.14191246033,81.15,28.8,LED_OFF
34943.70482420921,80.95,27.9,LED_OFF
34948.267677783966,80.95,28.2,LED_OFF
34952.83072924614,80.68,27.4,LED_OFF
34957.393956422806,80.85,28.2,LED_OFF
34961.956394672394,81.03,28.7,LED_OFF
34966.51935553551,81.0,27.8,LED_OFF
34971.08227992058,81.17,28.5,LED_OFF
34975.64538049698,81.1,27.1,LED_OFF
34980.20826458931,80.85,28.7,LED_OFF
34984.77136230469,80.93,27.9,LED_OFF
34989.334250450134,81.07,28.1,LED_OFF
34993.89786052704,80.98,27.5,LED_OFF
34998.45989751816,81.1,28.3,LED_OFF
35003.02298593521,80.93,27.5,LED_OFF
35007.58581519127,80.95,28.2,LED_OFF
35012.14891529083,81.03,28.8,LED_OFF
35016.71177983284,81.03,28.3,LED_OFF
35021.27467894554,81.07,28.8,LED_OFF
35025.83789730072,80.78,28.8,LED_OFF
35030.400740385056,81.34,28.0,LED_OFF
35034.96366763115,81.17,28.8,LED_OFF
35039.52690696716,80.93,27.8,LED_OFF
35044.089710474014,81.03,28.9,LED_OFF
35048.652446985245,81.56,28.2,LED_OFF
35053.21541786194,81.12,28.1,LED_OFF
35057.7785718441,81.03,28.8,LED_OFF
35062.341248989105,81.1,28.7,LED_OFF
35066.90432548523,81.54,27.1,LED_OFF
35071.46717643738,81.32,27.2,LED_OFF
35076.03003978729,81.17,28.6,LED_OFF
35080.59364748001,81.49,27.6,LED_OFF
35085.15600848198,81.17,28.5,LED_OFF
35089.719276189804,81.27,27.9,LED_OFF
35094.28178834915,81.29,28.3,LED_OFF
35098.84496688843,81.07,28.0,LED_OFF
35103.40773439407,80.54,27.2,LED_OFF
35107.97072315216,81.47,27.6,LED_OFF
35112.53407406807,80.81,27.2,LED_OFF
35117.09663939476,81.2,28.5,LED_OFF
35121.659965753555,81.27,27.2,LED_OFF
35126.22264003754,81.27,28.2,LED_OFF
35130.785605192184,81.03,27.4,LED_OFF
35135.34852170944,81.32,27.8,LED_OFF
35139.911406993866,80.93,27.8,LED_OFF
35144.474326848984,81.32,27.7,LED_OFF
35149.037277936935,81.32,28.1,LED_OFF
35153.60020542145,81.51,27.6,LED_OFF
35158.16320323944,81.2,27.0,LED_OFF
35162.72651195526,81.39,28.4,LED_OFF
35167.28910636902,81.34,28.5,LED_OFF
35171.851915597916,81.47,27.8,LED_OFF
35176.415004491806,81.54,28.6,LED_OFF
35180.97803068161,80.85,28.8,LED_OFF
35185.54080414772,81.61,27.3,LED_OFF
35190.10371422768,81.25,27.8,LED_OFF
35194.666965961456,81.39,27.9,LED_OFF
35199.22963356972,81.56,28.1,LED_OFF
35203.79293131828,81.95,27.6,LED_OFF
35208.355707645416,81.61,27.6,LED_OFF
35212.91885018349,81.61,27.4,LED_OFF
35217.48144650459,82.37,28.3,LED_OFF
35222.04477310181,80.88,27.8,LED_OFF
35226.60726380348,81.64,27.0,LED_OFF
35231.17038202286,82.1,28.8,LED_OFF
35235.73330450058,81.64,27.1,LED_OFF
35240.29650139809,81.81,27.7,LED_OFF
35244.85952091217,81.76,28.7,LED_OFF
35249.42206931114,82.15,28.3,LED_OFF
35253.98550200462,81.76,28.5,LED_OFF
35258.54820537567,81.61,27.7,LED_OFF
35263.111448287964,82.15,28.5,LED_OFF
35267.6738615036,82.59,28.9,LED_OFF
35272.23714017868,81.95,27.1,LED_OFF
35276.79997801781,81.17,28.7,LED_OFF
35281.3629052639,81.76,27.0,LED_OFF
35285.92567682266,82.03,27.0,LED_OFF
35290.48900318146,81.95,27.9,LED_OFF
35295.05149054527,80.98,27.5,LED_OFF
35299.6144425869,82.08,28.8,LED_OFF
35304.17753458023,82.64,28.3,LED_OFF
35308.74069452286,81.68,28.6,LED_OFF
35313.30329871178,82.05,27.1,LED_OFF
35317.86656284332,82.08,28.1,LED_OFF
35322.4292216301,81.88,27.8,LED_OFF
35326.99250483513,82.0,27.7,LED_OFF
35331.555154562,82.15,28.9,LED_OFF
35336.118456840515,82.22,28.7,LED_OFF
35340.68107962608,83.22,27.3,LED_OFF
35345.2442381382,81.88,28.3,LED_OFF
35349.8072180748,82.05,27.9,LED_OFF
35354.36984539032,82.25,27.3,LED_OFF
35358.93464779854,82.15,28.6,LED_OFF
35363.496265888214,82.42,27.6,LED_OFF
35368.058732032776,82.39,28.5,LED_OFF
35372.62160015106,82.39,27.7,LED_OFF
35377.18462181091,82.2,28.0,LED_OFF
35381.74751281738,81.2,27.0,LED_OFF
35386.310656785965,81.42,27.1,LED_OFF
35390.87356162071,82.32,27.9,LED_OFF
35395.43636703491,81.68,28.7,LED_OFF
35399.999475717545,81.95,27.6,LED_OFF
35404.56232690811,82.3,27.5,LED_OFF
35409.12562799454,82.1,28.8,LED_OFF
35413.68851017952,82.2,27.4,LED_OFF
35418.25120425224,82.25,27.2,LED_OFF
35422.81413936615,82.1,28.7,LED_OFF
35427.37720966339,82.34,28.3,LED_OFF
35431.93995261192,82.64,28.9,LED_OFF
35436.50298333168,82.15,28.2,LED_OFF
35441.06597805023,82.2,27.0,LED_OFF
35445.62879395485,82.3,28.9,LED_OFF
35450.19216656685,82.08,28.1,LED_OFF
35454.754831552505,81.49,28.5,LED_OFF
35459.31769776344,81.95,28.5,LED_OFF
35463.880584955215,81.9,27.8,LED_OFF
35468.44354200363,81.76,28.2,LED_OFF
35473.00640463829,82.05,27.9,LED_OFF
35477.569346904755,82.08,27.3,LED_OFF
35482.13239312172,82.0,27.4,LED_OFF
35486.695747852325,82.03,27.8,LED_OFF
35491.258531332016,81.95,28.2,LED_OFF
35495.82122087479,82.34,28.0,LED_OFF
35500.38413023949,82.08,27.7,LED_OFF
35504.94710946083,81.51,28.2,LED_OFF
35509.51009678841,81.78,28.3,LED_OFF
35514.07295298576,82.0,28.6,LED_OFF
35518.63629627228,81.86,27.0,LED_OFF
35523.19904780388,83.47,27.5,LED_OFF
35527.76208114624,81.78,28.1,LED_OFF
35532.325286626816,81.61,27.7,LED_OFF
35536.887888908386,81.59,28.3,LED_OFF
35541.45090484619,81.98,27.7,LED_OFF
35546.013572216034,81.95,28.9,LED_OFF
35550.57670664787,81.81,28.2,LED_OFF
35555.13961696625,81.86,28.2,LED_OFF
35559.70251250267,81.73,28.5,LED_OFF
35564.26578402519,81.34,28.7,LED_OFF
35568.82860326767,81.61,27.7,LED_OFF
35573.39189505577,81.66,27.6,LED_OFF
35577.954508304596,81.47,27.8,LED_OFF
35582.517154216766,81.39,27.2,LED_OFF
35587.08014464378,81.44,27.0,LED_OFF
35591.64299821854,81.39,28.0,LED_OFF
35596.20626997948,80.24,28.5,LED_OFF
35600.76917433739,80.68,27.1,LED_OFF
35605.332041978836,80.56,27.2,LED_OFF
35609.89499950409,80.95,27.3,LED_OFF
35614.45789504051,80.56,28.0,LED_OFF
35619.02095365524,80.51,28.0,LED_OFF
35623.58366584778,80.61,27.7,LED_OFF
35628.14672970772,80.71,28.1,LED_OFF
35632.70971488953,80.44,28.2,LED_OFF
35637.27261590958,80.68,28.1,LED_OFF
35641.8355140686,80.59,28.0,LED_OFF
35646.398645401,80.49,28.8,LED_OFF
35650.9614481926,80.07,28.4,LED_OFF
35655.524376392365,80.2,27.4,LED_OFF
35660.087361335754,80.2,28.6,LED_OFF
35664.65042042732,80.44,28.9,LED_OFF
35669.21329545975,80.51,27.4,LED_OFF
35673.776101350784,80.42,27.0,LED_OFF
35678.339153289795,80.63,28.0,LED_OFF
35682.90201044083,79.61,27.5,LED_OFF
35687.46514296532,79.83,28.0,LED_OFF
35692.027948856354,80.29,28.6,LED_OFF
35696.59099197388,80.39,27.4,LED_OFF
35701.15381240845,80.32,27.2,LED_OFF
35705.71695399284,80.29,28.2,LED_OFF
35710.279771089554,80.32,28.9,LED_OFF
35714.84299945831,80.42,27.9,LED_OFF
35719.40579676628,80.71,28.1,LED_OFF
35723.96838951111,80.59,28.0,LED_OFF
35728.53173136711,80.49,27.1,LED_OFF
35733.09450292587,80.61,28.5,LED_OFF
35737.65744614601,80.54,27.2,LED_OFF
35742.22051692009,80.68,27.8,LED_OFF
35746.78340172768,80.29,27.8,LED_OFF
35751.346365213394,80.44,28.4,LED_OFF
35755.909204244614,79.95,28.0,LED_OFF
35760.47240233421,80.15,28.9,LED_OFF
35765.035066366196,80.2,27.8,LED_OFF
35769.59792470932,80.51,28.7,LED_OFF
35774.1609814167,80.46,27.7,LED_OFF
35778.72400546074,80.63,28.4,LED_OFF
35783.28697180748,80.61,27.4,LED_OFF
35787.84976649284,80.61,27.0,LED_OFF
35792.412971735,80.59,28.3,LED_OFF
35796.975903987885,80.68,27.8,LED_OFF
35801.53873825073,80.98,28.2,LED_OFF
35806.10189652443,80.88,27.3,LED_OFF
35810.66459727287,80.88,28.7,LED_OFF
35815.22780585289,80.78,27.3,LED_OFF
35819.7903740406,80.85,28.8,LED_OFF
35824.35336828232,80.93,27.3,LED_OFF
35828.91648340225,81.03,28.8,LED_OFF
35833.47937250137,81.1,28.7,LED_OFF
35838.042125701904,80.63,28.7,LED_OFF
35842.60510921478,80.54,27.0,LED_OFF
35847.16805100441,80.88,28.3,LED_OFF
35851.73102760315,80.98,27.8,LED_OFF
35856.293973207474,80.88,28.8,LED_OFF
35860.85693073273,80.85,28.8,LED_OFF
35865.41986942291,80.93,27.9,LED_OFF
35869.982807159424,80.98,27.7,LED_OFF
35874.54583954811,80.9,28.9,LED_OFF
35879.108974933624,81.1,28.3,LED_OFF
35883.671697854996,80.95,28.0,LED_OFF
35888.23461484909,81.12,27.2,LED_OFF
35892.79795241356,81.27,28.1,LED_OFF
35897.36062693596,81.29,27.7,LED_OFF
35901.92366814613,81.39,28.6,LED_OFF
35906.48668384552,81.32,28.7,LED_OFF
35911.04935002327,81.07,28.2,LED_OFF
35915.61224484444,81.2,28.9,LED_OFF
35920.17522931099,81.27,28.8,LED_OFF
35924.738203048706,81.88,28.2,LED_OFF
35929.30118370056,81.29,27.6,LED_OFF
35933.8642346859,81.37,28.2,LED_OFF
35938.42722797394,81.0,27.2,LED_OFF
35942.98994016647,81.22,28.5,LED_OFF
35947.55314588547,81.22,28.5,LED_OFF
35952.1159863472,80.85,28.0,LED_OFF
35956.67882680893,81.44,27.1,LED_OFF
35961.24181389809,81.07,28.6,LED_OFF
35965.80491232872,81.73,28.2,LED_OFF
35970.367805957794,81.25,27.5,LED_OFF
35974.93201780319,81.27,28.2,LED_OFF
35979.49384641647,81.2,28.9,LED_OFF
35984.0567381382,81.49,27.8,LED_OFF
35988.6195704937,81.2,28.6,LED_OFF
35993.18241381645,80.88,27.9,LED_OFF
35997.7454059124,81.27,27.5,LED_OFF
36002.3083050251,81.2,28.3,LED_OFF
36006.8714799881,80.9,27.9,LED_OFF
36011.43440198898,81.2,27.8,LED_OFF
36015.99772977829,81.03,27.1,LED_OFF
36020.56004142761,80.59,27.5,LED_OFF
36025.12296748161,81.05,28.9,LED_OFF
36029.68620848656,81.27,28.9,LED_OFF
36034.24885725975,81.25,27.2,LED_OFF
36038.81182360649,80.85,28.0,LED_OFF
36043.3749730587,81.1,28.2,LED_OFF
36047.93796110153,81.07,27.7,LED_OFF
36052.50091958046,80.93,28.8,LED_OFF
36057.06380558014,80.88,27.2,LED_OFF
36061.62658953667,80.83,27.2,LED_OFF
36066.18970513344,80.85,28.3,LED_OFF
36070.75255942345,81.22,28.2,LED_OFF
36075.31564927101,80.73,27.9,LED_OFF
36079.87883400917,80.85,28.7,LED_OFF
36084.441465616226,80.85,28.0,LED_OFF
36089.004568338394,80.85,27.9,LED_OFF
36093.56718301773,80.85,28.8,LED_OFF
36098.13071036339,80.85,27.8,LED_OFF
36102.69368124008,80.73,27.8,LED_OFF
36107.25605678558,80.73,27.5,LED_OFF
36111.818944215775,80.78,27.2,LED_OFF
36116.3821644783,80.68,27.0,LED_OFF
36120.94497036934,80.59,27.8,LED_OFF
36125.507870197296,80.56,28.3,LED_OFF
36130.0710003376,80.51,28.7,LED_OFF
36134.63368296623,80.73,27.7,LED_OFF
36139.196994781494,80.44,28.6,LED_OFF
36148.32330727577,80.46,27.8,LED_OFF
36152.88580822945,80.46,28.7,LED_OFF
36157.4486682415,80.32,28.9,LED_OFF
36162.01189947128,80.54,28.8,LED_OFF
36166.57457947731,79.95,27.2,LED_OFF
36171.13729786873,80.29,28.7,LED_OFF
36175.70057225227,80.39,28.6,LED_OFF
36180.263954401016,80.34,28.4,LED_OFF
36184.82646536827,79.51,27.9,LED_OFF
36189.38947892189,80.1,27.9,LED_OFF
36193.95221233368,80.59,27.1,LED_OFF
36198.51540660858,80.2,28.6,LED_OFF
36203.07820868492,80.17,27.2,LED_OFF
36207.64092183113,80.2,27.4,LED_OFF
36212.2041490078,80.49,28.6,LED_OFF
36216.766755104065,80.0,27.5,LED_OFF
36221.33007955551,80.1,27.1,LED_OFF
36225.89263534546,80.2,27.1,LED_OFF
36230.45583963394,80.07,28.4,LED_OFF
36235.01879572868,80.12,28.4,LED_OFF
36239.58166360855,80.59,28.2,LED_OFF
36244.144512176514,80.12,27.5,LED_OFF
36248.7073802948,80.12,28.9,LED_OFF
36253.2707362175,80.02,27.7,LED_OFF
36257.833436727524,80.0,27.3,LED_OFF
36262.39675951004,80.02,27.2,LED_OFF
36266.959238767624,80.12,28.6,LED_OFF
36271.52241063118,79.61,27.0,LED_OFF
36276.08515405655,79.76,27.5,LED_OFF
36280.648072481155,79.61,27.2,LED_OFF
36285.211317777634,79.66,28.7,LED_OFF
36289.774337768555,79.93,28.7,LED_OFF
36294.337074279785,79.49,28.9,LED_OFF
36298.899851083755,79.56,27.2,LED_OFF
36303.46308994293,79.34,27.2,LED_OFF
36308.02580118179,79.22,27.6,LED_OFF
36312.58873748779,79.51,27.4,LED_OFF
36317.15180206299,79.39,28.8,LED_OFF
36321.71452355385,79.34,28.2,LED_OFF
36326.2774412632,79.29,27.6,LED_OFF
36330.84074521065,79.41,28.9,LED_OFF
36335.403498888016,79.24,28.8,LED_OFF
36339.966834545135,79.37,28.7,LED_OFF
36344.529522418976,79.29,27.4,LED_OFF
36349.09228992462,79.24,27.9,LED_OFF
36353.65536522865,79.27,28.8,LED_OFF
36358.21821594238,79.05,27.3,LED_OFF
36362.78110718727,79.58,28.9,LED_OFF
36367.34404850006,79.27,27.2,LED_OFF
36371.906932115555,78.93,27.3,LED_OFF
36376.47027802467,79.32,27.0,LED_OFF
36381.033084869385,79.12,28.3,LED_OFF
36385.59616971016,79.24,27.1,LED_OFF
36390.15905237198,78.78,27.8,LED_OFF
36394.72188305855,79.27,28.4,LED_OFF
36399.284779548645,79.27,27.7,LED_OFF
36403.84767985344,79.32,27.5,LED_OFF
36408.410519361496,79.8,28.5,LED_OFF
36412.973692417145,79.34,27.0,LED_OFF
36417.536653995514,79.29,28.2,LED_OFF
36422.09932756424,79.29,27.6,LED_OFF
36426.66273403168,79.34,27.4,LED_OFF
36431.22526860237,79.29,28.7,LED_OFF
36435.78820300102,79.51,27.6,LED_OFF
36440.35141992569,79.34,28.5,LED_OFF
36444.91430044174,79.29,28.2,LED_OFF
36449.47722005844,79.61,28.6,LED_OFF
36454.040244579315,79.37,27.2,LED_OFF
36458.60298514366,79.56,28.3,LED_OFF
36463.16591691971,79.66,28.3,LED_OFF
36467.72953701019,79.56,27.2,LED_OFF
36476.85519504547,80.34,27.2,LED_OFF
36481.41771745682,79.76,27.9,LED_OFF
36485.98072075844,79.71,28.4,LED_OFF
36490.54357671738,79.93,28.8,LED_OFF
36495.10663819313,79.56,27.1,LED_OFF
36499.66960930824,79.76,27.1,LED_OFF
36504.23239302635,79.9,27.0,LED_OFF
36508.79566049576,79.68,27.2,LED_OFF
36513.358391046524,79.83,28.7,LED_OFF
36517.92155504227,79.8,27.4,LED_OFF
36522.4841940403,79.95,28.5,LED_OFF
36527.04737782478,80.1,28.7,LED_OFF
36531.610053777695,79.85,28.5,LED_OFF
36536.17312979698,80.07,28.0,LED_OFF
36540.73605251312,80.07,27.4,LED_OFF
36545.299003601074,80.0,27.8,LED_OFF
36549.86218333244,80.15,28.1,LED_OFF
36554.4251806736,80.07,27.1,LED_OFF
36558.98817539215,80.05,27.3,LED_OFF
36563.550995349884,79.8,27.1,LED_OFF
36568.113953351974,80.22,27.4,LED_OFF
36572.676641225815,80.15,28.9,LED_OFF
36577.239594459534,79.68,27.4,LED_OFF
36581.80245614052,80.07,28.4,LED_OFF
36586.36557817459,79.8,27.2,LED_OFF
36590.92868757248,80.12,28.9,LED_OFF
36595.49167752266,79.76,27.2,LED_OFF
36600.054250240326,79.8,27.7,LED_OFF
36604.61728596687,79.93,28.7,LED_OFF
36609.18073344231,79.83,27.1,LED_OFF
36613.743149757385,79.78,28.6,LED_OFF
36618.30629110336,79.95,27.1,LED_OFF
36622.86924934387,80.2,28.4,LED_OFF
36627.43228316307,80.0,28.4,LED_OFF
36631.99495720863,79.98,28.3,LED_OFF
36636.55800843239,80.07,27.3,LED_OFF
36641.12108373642,79.68,27.6,LED_OFF
36645.68403887749,80.02,28.8,LED_OFF
36650.24696469307,79.85,27.5,LED_OFF
36654.80982518196,80.02,27.3,LED_OFF
36659.372930049896,79.95,28.8,LED_OFF
36663.93587017059,80.15,27.2,LED_OFF
36668.498730421066,80.07,27.2,LED_OFF
36673.061776161194,79.9,28.4,LED_OFF
36677.624422073364,80.02,28.1,LED_OFF
36682.18738603592,80.02,28.5,LED_OFF
36686.7502655983,80.05,27.0,LED_OFF
36691.313693761826,80.39,28.3,LED_OFF
36695.87615990639,80.83,27.3,LED_OFF
36700.439170360565,80.15,28.5,LED_OFF
36705.002133607864,80.15,27.5,LED_OFF
36709.565301418304,79.73,28.3,LED_OFF
36714.127999305725,80.05,28.0,LED_OFF
36718.69124650955,80.29,27.0,LED_OFF
36723.254001140594,80.07,28.8,LED_OFF
36727.81706047058,80.0,28.2,LED_OFF
36732.37974214554,79.71,28.5,LED_OFF
36736.94280743599,79.95,28.2,LED_OFF
36741.5057888031,79.85,27.0,LED_OFF
36746.068870306015,79.8,27.5,LED_OFF
36750.631865501404,79.83,27.0,LED_OFF
36755.19477248192,80.0,27.7,LED_OFF
36759.7574403286,79.93,28.2,LED_OFF
36764.32069683075,79.83,28.9,LED_OFF
36768.88350343704,79.95,27.2,LED_OFF
36773.447057724,79.8,28.4,LED_OFF
36778.009472846985,80.02,28.5,LED_OFF
36782.5722181797,80.51,28.3,LED_OFF
36787.13521695137,79.49,27.3,LED_OFF
36791.69838833809,79.9,27.7,LED_OFF
36796.261288166046,79.95,27.4,LED_OFF
36800.82408475876,79.85,28.8,LED_OFF
36805.387332201004,79.8,27.0,LED_OFF
36809.9500541687,80.07,28.0,LED_OFF
36814.513048648834,79.8,27.7,LED_OFF
36819.0763232708,79.29,27.9,LED_OFF
36823.63897109032,79.54,28.7,LED_OFF
36828.20170068741,79.71,27.4,LED_OFF
36832.76467585564,79.8,28.9,LED_OFF
36837.32820940018,79.98,27.4,LED_OFF
36841.890599012375,79.19,28.2,LED_OFF
36846.453662633896,79.68,27.7,LED_OFF
36851.01662158966,79.61,28.3,LED_OFF
36855.579777002335,79.8,28.2,LED_OFF
36860.14237785339,79.83,27.4,LED_OFF
36864.7055618763,78.97,27.0,LED_OFF
36869.26817250252,79.93,28.6,LED_OFF
36873.831030130386,78.73,27.8,LED_OFF
36878.39470791817,79.32,27.4,LED_OFF
36882.957455158234,79.68,28.6,LED_OFF
36887.5203294754,79.66,28.2,LED_OFF
36892.08296751976,79.76,28.2,LED_OFF
36896.64582538605,79.61,28.4,LED_OFF
36901.20899105072,79.56,28.4,LED_OFF
36905.7717256546,79.58,28.8,LED_OFF
36910.33477807045,79.27,27.3,LED_OFF
36914.89764094353,78.85,28.7,LED_OFF
36919.461406707764,79.29,28.8,LED_OFF
36924.023612737656,79.15,28.2,LED_OFF
36928.58672094345,79.24,28.7,LED_OFF
36933.1498708725,79.07,27.3,LED_OFF
36937.71265625954,78.75,27.9,LED_OFF
36942.27552032471,79.1,28.9,LED_OFF
36946.83837771416,79.02,28.0,LED_OFF
36951.40125322342,78.83,27.1,LED_OFF
36955.964233636856,79.22,27.1,LED_OFF
36960.52724981308,79.02,27.3,LED_OFF
36965.090046167374,78.88,28.0,LED_OFF
36969.6530482769,78.68,27.5,LED_OFF
36974.216047525406,78.1,28.9,LED_OFF
36978.77895331383,78.53,28.1,LED_OFF
36983.34196615219,78.58,28.1,LED_OFF
36987.90502667427,78.8,28.7,LED_OFF
36992.46807169914,78.39,28.3,LED_OFF
36997.030848264694,78.19,28.6,LED_OFF
37001.59383535385,78.19,27.7,LED_OFF
37006.15662360191,78.0,27.5,LED_OFF
37010.719475507736,77.88,27.8,LED_OFF
37015.28267335892,77.78,28.7,LED_OFF
37019.845492362976,77.75,28.2,LED_OFF
37024.408396959305,77.7,28.3,LED_OFF
37028.97138977051,77.46,27.2,LED_OFF
37033.53451228142,77.31,27.7,LED_OFF
37038.097143411636,77.12,28.6,LED_OFF
37042.66050195694,76.95,27.2,LED_OFF
37047.2234146595,76.68,27.9,LED_OFF
37051.78611469269,76.63,28.3,LED_OFF
37056.34914946556,76.95,28.8,LED_OFF
37060.91202521324,76.51,28.8,LED_OFF
37065.47488451004,76.41,27.7,LED_OFF
37070.03795957565,76.58,27.0,LED_OFF
37074.601086616516,76.24,27.6,LED_OFF
37079.16377520561,75.97,27.0,LED_OFF
37083.72696685791,76.68,27.3,LED_OFF
37088.289811849594,75.68,28.3,LED_OFF
37092.852702617645,75.78,27.9,LED_OFF
37097.4157576561,75.38,27.4,LED_OFF
37101.97923326492,75.46,27.4,LED_OFF
37106.54138588905,74.65,27.4,LED_OFF
37111.10466217995,75.16,27.4,LED_OFF
37115.66773915291,75.02,27.7,LED_OFF
37120.23035645485,75.26,28.8,LED_OFF
37124.793249845505,75.68,27.1,LED_OFF
37129.356387615204,75.56,28.1,LED_OFF
37133.91933584213,75.26,28.6,LED_OFF
37138.48241472244,75.12,28.2,LED_OFF
37143.0450322628,75.07,27.5,LED_OFF
37147.608043432236,75.07,28.6,LED_OFF
37152.17079973221,75.16,28.5,LED_OFF
37156.73379325867,74.58,28.6,LED_OFF
37161.296771764755,74.55,28.3,LED_OFF
37165.85991168022,75.02,27.6,LED_OFF
37170.42263960838,74.75,27.6,LED_OFF
37174.98585796356,74.53,27.9,LED_OFF
37179.54854989052,74.75,27.3,LED_OFF
37184.111718177795,74.6,27.9,LED_OFF
37188.674602508545,75.19,28.9,LED_OFF
37193.237488269806,73.92,27.2,LED_OFF
37197.80053281784,75.16,28.3,LED_OFF
37202.36358833313,74.6,27.3,LED_OFF
37206.926403045654,74.53,28.4,LED_OFF
37211.489273548126,74.46,28.9,LED_OFF
37216.05224585533,74.16,27.7,LED_OFF
37220.61515069008,74.16,28.3,LED_OFF
37225.17828297615,74.14,27.4,LED_OFF
37229.74119710922,74.19,28.6,LED_OFF
37234.30397081375,74.68,28.9,LED_OFF
37238.86690568924,74.24,28.0,LED_OFF
37243.43002200127,73.99,27.4,LED_OFF
37247.99278306961,73.85,28.1,LED_OFF
37252.555943250656,74.02,27.9,LED_OFF
37257.11886382103,73.82,27.1,LED_OFF
37261.681921482086,73.89,27.3,LED_OFF
37266.24456906319,73.14,27.7,LED_OFF
37270.80773758888,73.82,28.1,LED_OFF
37275.37062382698,73.87,28.5,LED_OFF
37279.93364715576,73.85,28.5,LED_OFF
37284.49639058113,73.43,27.8,LED_OFF
37289.059539318085,73.65,27.8,LED_OFF
37293.622458934784,73.82,27.7,LED_OFF
37298.1851606369,73.82,27.2,LED_OFF
37302.748059272766,73.97,27.6,LED_OFF
37307.31131315231,73.6,28.5,LED_OFF
37311.87406039238,73.65,28.4,LED_OFF
37316.437296152115,73.55,27.4,LED_OFF
37321.00010585785,73.46,27.1,LED_OFF
37325.562918424606,73.72,27.5,LED_OFF
37330.12593102455,73.65,27.6,LED_OFF
37334.68896484375,73.58,27.2,LED_OFF
37339.25180387497,73.31,28.8,LED_OFF
37343.81461787224,73.41,27.7,LED_OFF
37348.37818336487,73.5,27.7,LED_OFF
37352.94055271149,73.46,27.9,LED_OFF
37357.503898859024,73.5,28.3,LED_OFF
37362.06642484665,73.26,28.2,LED_OFF
37366.62947487831,73.36,28.5,LED_OFF
37371.192283153534,73.41,28.3,LED_OFF
37375.75540351868,73.75,27.9,LED_OFF
37380.318236112595,73.38,28.0,LED_OFF
37384.88134646416,73.7,27.0,LED_OFF
37389.44410824776,73.31,28.4,LED_OFF
37394.00721168518,73.09,28.6,LED_OFF
37398.56997060776,73.16,28.4,LED_OFF
37403.132987737656,73.04,28.0,LED_OFF
37407.69600892067,73.04,27.1,LED_OFF
37412.25920510292,73.04,28.9,LED_OFF
37416.82208323479,73.04,27.2,LED_OFF
37421.38479924202,72.97,28.9,LED_OFF
37425.9478597641,72.92,28.0,LED_OFF
37430.51089930534,72.8,27.0,LED_OFF
37435.07370376587,72.72,27.1,LED_OFF
37439.63670253754,72.99,27.8,LED_OFF
37444.199976444244,72.92,27.1,LED_OFF
37448.76258134842,72.89,27.6,LED_OFF
37453.325551986694,72.97,28.0,LED_OFF
37457.88850617409,73.16,27.9,LED_OFF
37462.45145559311,72.58,27.3,LED_OFF
37467.01426100731,72.63,28.6,LED_OFF
37471.577174663544,72.38,27.3,LED_OFF
37476.14027428627,72.38,27.1,LED_OFF
37480.7030749321,72.48,28.4,LED_OFF
37485.26616644859,72.41,27.3,LED_OFF
37489.829422712326,72.36,27.2,LED_OFF
37494.39206242561,72.28,27.8,LED_OFF
37498.95479416847,72.45,27.6,LED_OFF
37503.51801657677,71.94,27.4,LED_OFF
37508.08099794388,72.33,27.9,LED_OFF
37512.6437766552,72.28,28.8,LED_OFF
37517.20685529709,72.33,27.4,LED_OFF
37521.76985192299,72.23,28.1,LED_OFF
37526.333218574524,72.26,28.4,LED_OFF
37530.89549279213,71.89,27.0,LED_OFF
37535.45850276947,72.26,28.9,LED_OFF
37540.02161669731,71.92,28.8,LED_OFF
37544.584325790405,72.23,28.8,LED_OFF
37549.14729595184,72.23,27.4,LED_OFF
37553.710372924805,71.33,27.9,LED_OFF
37558.27337384224,72.09,27.8,LED_OFF
37562.83609318733,71.94,28.0,LED_OFF
37567.39944601059,71.99,28.4,LED_OFF
37571.96193194389,72.31,27.1,LED_OFF
37576.525080919266,71.87,27.5,LED_OFF
37581.08780193329,71.87,28.5,LED_OFF
37585.65079951286,71.79,28.4,LED_OFF
37590.213911771774,72.14,27.9,LED_OFF
37594.776711940765,71.7,28.3,LED_OFF
37599.339839696884,71.72,27.8,LED_OFF
37603.90264892578,71.65,27.8,LED_OFF
37608.465597867966,71.67,28.1,LED_OFF
37613.02881503105,71.7,28.1,LED_OFF
37617.59168958664,71.5,28.4,LED_OFF
37622.15443491936,71.14,27.5,LED_OFF
37626.71735572815,71.36,28.6,LED_OFF
37631.2802400589,71.58,28.8,LED_OFF
37635.84333872795,71.45,28.1,LED_OFF
37640.406356573105,71.48,28.1,LED_OFF
37644.96913933754,71.01,28.1,LED_OFF
37649.53229832649,71.48,27.5,LED_OFF
37654.095059633255,71.11,27.1,LED_OFF
37658.65814590454,71.23,27.6,LED_OFF
37663.2212228775,71.09,28.2,LED_OFF
37667.7841026783,71.09,27.9,LED_OFF
37672.346905469894,71.48,27.7,LED_OFF
37676.909759521484,71.01,28.3,LED_OFF
37681.47288799286,71.16,27.7,LED_OFF
37686.0357131958,70.82,27.4,LED_OFF
37690.59914326668,70.84,27.1,LED_OFF
37699.72567129135,70.7,28.2,LED_OFF
37704.28748345375,70.16,28.6,LED_OFF
37708.850684165955,70.01,27.0,LED_OFF
37713.41355252266,70.94,27.4,LED_OFF
37717.97653913498,70.72,28.7,LED_OFF
37722.539216041565,70.43,28.1,LED_OFF
37727.10245299339,70.62,28.2,LED_OFF
37731.665516614914,69.94,28.8,LED_OFF
37736.2283346653,70.67,27.0,LED_OFF
37740.79103755951,70.28,28.4,LED_OFF
37745.35401415825,70.38,27.0,LED_OFF
37749.917102098465,70.77,28.1,LED_OFF
37754.48009514809,70.77,27.3,LED_OFF
37763.60627365112,70.7,28.8,LED_OFF
37768.16869306564,70.35,28.7,LED_OFF
37772.73191642761,70.67,28.7,LED_OFF
37777.29470491409,70.33,27.0,LED_OFF
37781.85773038864,70.43,28.9,LED_OFF
37786.42053794861,70.28,28.5,LED_OFF
37790.98348546028,70.28,27.1,LED_OFF
37795.546560525894,70.38,28.9,LED_OFF
37800.10947918892,70.23,28.7,LED_OFF
37804.67259478569,69.3,28.2,LED_OFF
37809.235364198685,70.33,27.9,LED_OFF
37813.79862833023,70.28,27.0,LED_OFF
37818.361248254776,70.18,28.3,LED_OFF
37822.92448472977,70.16,28.6,LED_OFF
37827.48724651337,70.09,28.2,LED_OFF
37832.049932956696,70.43,27.6,LED_OFF
37836.613092660904,70.21,28.5,LED_OFF
37841.17585015297,70.09,28.8,LED_OFF
37845.738758563995,70.21,28.1,LED_OFF
37850.30196094513,70.18,27.9,LED_OFF
37854.86506772041,70.04,27.8,LED_OFF
37859.42792081833,69.91,27.6,LED_OFF
37863.99093770981,69.87,28.6,LED_OFF
37868.55373811722,69.84,27.5,LED_OFF
37873.116555690765,69.94,28.3,LED_OFF
37877.67954802513,69.91,27.1,LED_OFF
37882.24257183075,69.91,27.4,LED_OFF
37886.80536985397,71.01,28.5,LED_OFF
37891.368216991425,69.79,27.1,LED_OFF
37895.931559324265,69.91,27.3,LED_OFF
37900.49447250366,69.57,28.5,LED_OFF
37905.05750846863,69.74,28.0,LED_OFF
37909.62026619911,69.94,27.4,LED_OFF
37914.18310666084,69.47,28.1,LED_OFF
37918.74599194527,69.4,28.5,LED_OFF
37923.30893325806,69.55,28.2,LED_OFF
37927.871883392334,69.3,28.5,LED_OFF
37932.43489074707,69.38,28.8,LED_OFF
37936.99813532829,69.21,28.1,LED_OFF
37946.125086307526,68.74,28.7,LED_OFF
37950.686829805374,69.47,28.2,LED_OFF
37955.249761343,69.11,28.1,LED_OFF
37959.81254196167,69.11,28.9,LED_OFF
37964.37544107437,68.79,28.1,LED_OFF
37968.938584804535,69.06,27.1,LED_OFF
37973.501271247864,68.86,28.2,LED_OFF
37978.06442260742,69.04,27.5,LED_OFF
37982.62719154358,68.77,28.5,LED_OFF
37987.19049572945,68.57,28.0,LED_OFF
37991.75313615799,69.13,28.9,LED_OFF
37996.316157341,68.4,27.7,LED_OFF
38000.87895989418,68.5,28.0,LED_OFF
38005.44197678566,67.55,27.2,LED_OFF
38010.00506687164,68.42,28.3,LED_OFF
38014.567949056625,68.6,28.5,LED_OFF
38019.13099169731,69.13,27.9,LED_OFF
38023.69399571419,68.35,27.6,LED_OFF
38028.256616830826,68.38,28.0,LED_OFF
38032.819819927216,68.69,28.9,LED_OFF
38037.38261818886,68.08,27.2,LED_OFF
38041.945549726486,67.86,28.0,LED_OFF
38046.508694171906,67.11,28.2,LED_OFF
38051.07144474983,68.06,28.1,LED_OFF
38055.634563446045,67.79,27.5,LED_OFF
38060.197657585144,67.84,27.0,LED_OFF
38064.7603700161,67.72,27.1,LED_OFF
38069.32347846031,67.5,27.8,LED_OFF
38073.88633561134,67.81,27.2,LED_OFF
38078.44941449165,68.08,28.7,LED_OFF
38083.012259721756,67.72,27.8,LED_OFF
38087.57519865036,68.21,27.4,LED_OFF
38092.13808679581,67.57,28.3,LED_OFF
38096.701083898544,67.57,28.3,LED_OFF
38101.26387119293,67.57,27.1,LED_OFF
38105.826833724976,67.33,28.4,LED_OFF
38110.38990879059,67.11,28.5,LED_OFF
38114.95265555382,67.35,27.7,LED_OFF
38119.51560664177,67.5,28.5,LED_OFF
38124.0785048008,67.33,28.5,LED_OFF
38128.64200305939,67.2,27.7,LED_OFF
38133.20437693596,66.79,28.9,LED_OFF
38137.76756429672,67.4,28.4,LED_OFF
38142.330449581146,67.11,27.3,LED_OFF
38146.893568992615,67.23,28.5,LED_OFF
38151.4564538002,67.06,27.1,LED_OFF
38156.01928305626,67.25,27.6,LED_OFF
38160.58243846893,67.2,28.4,LED_OFF
38165.14521598816,67.03,28.6,LED_OFF
38169.708132982254,67.33,28.7,LED_OFF
38174.27110791206,67.5,28.2,LED_OFF
38178.83427929878,66.76,28.3,LED_OFF
38183.397366046906,67.52,28.6,LED_OFF
38187.95985507965,67.16,28.6,LED_OFF
38192.52289915085,67.06,27.5,LED_OFF
38197.086099386215,67.06,28.5,LED_OFF
38201.648708581924,66.84,28.1,LED_OFF
38206.21175456047,66.86,28.3,LED_OFF
38210.77472901344,67.18,27.2,LED_OFF
38215.337641239166,66.91,27.5,LED_OFF
38219.900503873825,66.79,27.0,LED_OFF
38224.463347911835,66.89,28.1,LED_OFF
38229.026265621185,67.57,27.8,LED_OFF
38233.589669942856,66.64,27.7,LED_OFF
38238.1525349617,66.91,28.0,LED_OFF
38242.71530795097,66.62,28.6,LED_OFF
38247.278244018555,66.67,27.1,LED_OFF
38251.841163396835,66.79,28.1,LED_OFF
38256.404163360596,66.52,28.7,LED_OFF
38260.966992139816,67.4,27.1,LED_OFF
38265.53047466278,66.28,28.5,LED_OFF
38270.09296679497,66.13,28.0,LED_OFF
38274.65587186813,66.25,28.6,LED_OFF
38279.21873521805,66.18,27.7,LED_OFF
38283.78172707558,66.23,28.6,LED_OFF
38288.344782590866,66.28,28.5,LED_OFF
38292.90765500069,65.86,28.7,LED_OFF
38297.470576524734,65.74,27.7,LED_OFF
38302.03376221657,65.86,27.1,LED_OFF
38306.59689950943,65.69,28.5,LED_OFF
38311.159851551056,65.64,27.8,LED_OFF
38315.722468853,65.64,28.8,LED_OFF
38320.285579919815,65.25,27.9,LED_OFF
38324.848418951035,65.59,27.9,LED_OFF
38329.41145300865,65.54,27.5,LED_OFF
38333.974281549454,65.45,27.9,LED_OFF
38338.53711247444,65.64,27.4,LED_OFF
38343.10017776489,65.52,27.7,LED_OFF
38347.66316819191,65.4,28.0,LED_OFF
38352.22594499588,65.25,28.3,LED_OFF
38356.789023160934,65.15,28.5,LED_OFF
38361.35190200806,65.2,27.2,LED_OFF
38365.9149851799,65.23,28.5,LED_OFF
38370.47786307335,65.3,28.9,LED_OFF
38375.040956258774,65.2,28.9,LED_OFF
38379.60378694534,64.52,28.8,LED_OFF
38384.166576862335,65.23,28.7,LED_OFF
38388.72964096069,64.71,28.0,LED_OFF
38393.29253530502,64.88,28.1,LED_OFF
38397.855411052704,64.76,27.1,LED_OFF
38402.418387413025,64.69,28.1,LED_OFF
38406.98121762276,64.86,28.3,LED_OFF
38411.54414510727,64.76,27.5,LED_OFF
38416.10722541809,65.08,28.1,LED_OFF
38420.670369148254,64.52,28.5,LED_OFF
38425.233172655106,64.59,27.1,LED_OFF
38429.79617547989,64.42,27.8,LED_OFF
38434.358948946,64.57,28.4,LED_OFF
38438.921884298325,64.32,28.0,LED_OFF
38443.48539400101,64.42,28.8,LED_OFF
38448.04818367958,64.44,27.2,LED_OFF
38452.61106944084,64.44,27.9,LED_OFF
38457.17385101318,64.13,28.9,LED_OFF
38461.73687005043,64.15,27.8,LED_OFF
38466.299929618835,64.05,28.2,LED_OFF
38470.862652778625,64.0,28.9,LED_OFF
38475.42565846443,64.27,27.4,LED_OFF
38479.988421201706,63.98,28.4,LED_OFF
38484.55135726929,63.86,28.8,LED_OFF
38489.114319086075,64.66,27.6,LED_OFF
38493.67718434334,64.05,27.2,LED_OFF
38498.24043393135,63.74,27.4,LED_OFF
38502.80317926407,63.74,27.6,LED_OFF
38507.366091012955,63.66,28.4,LED_OFF
38511.92905640602,63.52,27.2,LED_OFF
38516.49207901955,63.42,27.2,LED_OFF
38521.055289268494,63.57,28.3,LED_OFF
38525.61801671982,64.08,27.3,LED_OFF
38530.180889844894,63.54,28.7,LED_OFF
38534.7438056469,63.44,28.7,LED_OFF
38539.306812763214,63.1,27.4,LED_OFF
38543.869839429855,63.61,27.5,LED_OFF
38548.43259429932,63.35,27.3,LED_OFF
38552.99565529823,63.49,28.6,LED_OFF
38557.55850863457,63.66,27.3,LED_OFF
38562.12164092064,63.3,27.1,LED_OFF
38566.6850194931,63.3,28.1,LED_OFF
38571.24728822708,63.59,27.4,LED_OFF
38575.8104827404,62.83,27.7,LED_OFF
38580.373197078705,62.64,28.5,LED_OFF
38584.93619775772,62.03,28.1,LED_OFF
38589.49906539917,63.25,28.8,LED_OFF
38594.062109947205,63.2,27.4,LED_OFF
38598.62507772446,62.88,28.9,LED_OFF
38603.18800544739,62.74,27.6,LED_OFF
38607.75096344948,62.81,28.0,LED_OFF
38612.31379246712,62.52,28.8,LED_OFF
38616.877037763596,62.59,27.9,LED_OFF
38621.43972182274,62.52,28.1,LED_OFF
38626.00272369385,62.59,27.0,LED_OFF
38630.56599020958,62.0,27.6,LED_OFF
38635.12861895561,62.52,28.1,LED_OFF
38639.69177889824,62.52,27.1,LED_OFF
38644.25451159477,62.52,28.8,LED_OFF
38648.81749153137,62.52,27.2,LED_OFF
38653.380663871765,62.52,28.5,LED_OFF
38657.943499326706,61.93,27.2,LED_OFF
38662.506196022034,61.54,28.2,LED_OFF
38667.06924390793,61.83,28.7,LED_OFF
38671.63214421272,61.76,28.4,LED_OFF
38676.195460796356,61.76,28.2,LED_OFF
38680.75812005997,61.59,28.8,LED_OFF
38685.32101535797,61.39,28.6,LED_OFF
38689.88418292999,61.27,28.7,LED_OFF
38694.44692993164,61.39,27.3,LED_OFF
38699.00991201401,61.42,27.8,LED_OFF
38703.572801589966,61.17,27.9,LED_OFF
38708.13573598862,61.1,27.7,LED_OFF
38712.69885468483,60.9,28.5,LED_OFF
38717.26185965538,61.22,27.1,LED_OFF
38721.82455277443,60.12,28.6,LED_OFF
38726.38761305809,60.54,27.4,LED_OFF
38730.95046162605,60.76,28.3,LED_OFF
38735.51348900795,60.85,27.3,LED_OFF
38740.07642364502,60.46,27.1,LED_OFF
38744.63939189911,60.15,27.7,LED_OFF
38749.20228934288,60.59,28.9,LED_OFF
38753.76549100876,60.54,28.6,LED_OFF
38758.32822346687,60.17,27.0,LED_OFF
38762.89120101929,60.12,27.8,LED_OFF
38767.45420193672,60.15,27.3,LED_OFF
38772.016993522644,60.54,27.5,LED_OFF
38776.58005595207,60.07,27.2,LED_OFF
38781.14316916466,60.12,28.3,LED_OFF
38785.7059571743,59.98,28.1,LED_OFF
38790.26925301552,59.76,27.4,LED_OFF
38794.83198046684,59.76,28.9,LED_OFF
38799.39482283592,59.85,28.1,LED_OFF
38803.95763373375,59.76,27.9,LED_OFF
38808.520503520966,59.83,27.2,LED_OFF
38813.08361554146,59.19,27.9,LED_OFF
38817.64646553993,59.37,27.7,LED_OFF
38822.209698438644,59.39,28.9,LED_OFF
38826.77236390114,59.22,28.8,LED_OFF
38831.335785627365,59.29,28.8,LED_OFF
38835.89836502075,59.34,27.8,LED_OFF
38840.46148061752,59.05,28.7,LED_OFF
38845.02419233322,58.93,28.1,LED_OFF
38849.5873029232,59.05,28.3,LED_OFF
38854.15004682541,58.85,27.2,LED_OFF
38858.71304726601,58.83,27.2,LED_OFF
38863.27596473694,58.71,28.3,LED_OFF
38867.83891701698,58.73,28.1,LED_OFF
38872.401735305786,58.88,28.9,LED_OFF
38876.964908361435,58.41,28.0,LED_OFF
38881.527945280075,56.14,28.6,LED_OFF
38886.09093260765,58.71,28.6,LED_OFF
38890.65409517288,58.19,27.7,LED_OFF
38895.21670770645,58.05,27.4,LED_OFF
38899.779487133026,58.05,27.3,LED_OFF
38904.34249377251,57.88,28.7,LED_OFF
38908.905493974686,57.97,28.7,LED_OFF
38913.46823883057,57.75,28.4,LED_OFF
38918.03160262108,57.68,27.8,LED_OFF
38922.594385147095,57.02,28.0,LED_OFF
38927.15719604492,58.1,27.1,LED_OFF
38931.72036123276,57.53,27.6,LED_OFF
38936.28338646889,57.44,28.5,LED_OFF
38940.84617424011,57.26,28.2,LED_OFF
38945.40909194946,57.41,27.3,LED_OFF
38949.97188401222,57.39,27.6,LED_OFF
38954.53496456146,57.14,27.2,LED_OFF
38959.09782075882,57.07,28.1,LED_OFF
38963.660918712616,57.34,27.5,LED_OFF
38968.22378063202,56.68,28.0,LED_OFF
38972.78678393364,56.63,28.3,LED_OFF
38977.349724292755,57.19,27.3,LED_OFF
38981.91279864311,56.63,27.1,LED_OFF
38986.475471019745,56.31,28.0,LED_OFF
38991.038514852524,56.58,28.8,LED_OFF
38995.60136795044,56.36,27.2,LED_OFF
39000.164209365845,56.41,27.0,LED_OFF
39004.72742128372,56.09,28.7,LED_OFF
39009.290155649185,55.97,27.9,LED_OFF
39013.853229522705,55.87,28.9,LED_OFF
39018.41612815857,55.85,27.9,LED_OFF
39022.97904968262,55.9,27.4,LED_OFF
39027.542117357254,55.6,27.8,LED_OFF
39032.105057001114,55.29,28.1,LED_OFF
39036.66798734665,55.02,28.9,LED_OFF
39041.231108665466,55.48,28.4,LED_OFF
39045.79388022423,55.24,27.6,LED_OFF
39050.357109069824,55.73,27.6,LED_OFF
39054.91981506348,55.38,27.2,LED_OFF
39059.48308444023,55.09,27.8,LED_OFF
39064.04562354088,54.7,28.2,LED_OFF
39068.60850787163,54.68,28.2,LED_OFF
39073.171739816666,55.29,27.9,LED_OFF
39077.73459291458,54.46,28.2,LED_OFF
39082.29737114906,54.55,27.8,LED_OFF
39086.860476732254,54.31,28.6,LED_OFF
39091.42337322235,53.5,27.0,LED_OFF
39095.98605942726,53.85,28.1,LED_OFF
39100.54912686348,54.51,28.4,LED_OFF
39105.11202645302,54.02,27.0,LED_OFF
39109.675005197525,53.94,27.2,LED_OFF
39114.23821091652,53.77,27.8,LED_OFF
39118.80131173134,53.5,28.7,LED_OFF
39123.364087581635,53.5,28.5,LED_OFF
39127.92686915398,52.87,28.1,LED_OFF
39132.489767074585,53.5,27.9,LED_OFF
39137.05272984505,53.24,27.8,LED_OFF
39141.61561989784,53.38,27.2,LED_OFF
39146.178679704666,52.87,27.6,LED_OFF
39150.741597890854,53.36,27.9,LED_OFF
39155.304371118546,53.11,27.5,LED_OFF
39159.86806893349,53.04,27.7,LED_OFF
39164.430379867554,52.7,27.7,LED_OFF
39168.993345975876,52.84,27.2,LED_OFF
39173.556304216385,52.55,27.7,LED_OFF
39178.119446992874,52.36,28.7,LED_OFF
39182.68210744858,52.65,28.7,LED_OFF
39187.24536395073,52.36,28.3,LED_OFF
39191.80817389488,52.23,28.8,LED_OFF
39196.37120509148,52.06,27.4,LED_OFF
39200.93467783928,52.06,28.8,LED_OFF
39205.4973013401,51.94,28.9,LED_OFF
39210.06004309654,51.18,28.0,LED_OFF
39214.622801065445,51.55,28.9,LED_OFF
39219.186082839966,51.43,27.5,LED_OFF
39223.74884057045,51.26,28.7,LED_OFF
39228.311651706696,51.11,28.9,LED_OFF
39232.87484955788,50.89,28.3,LED_OFF
39237.437793016434,50.82,27.8,LED_OFF
39242.00079679489,50.7,27.8,LED_OFF
39246.56366229057,50.99,28.3,LED_OFF
39251.126584768295,50.53,28.6,LED_OFF
39255.68956232071,50.38,27.7,LED_OFF
39260.25282382965,50.33,27.4,LED_OFF
39264.815123558044,50.38,27.3,LED_OFF
39269.378313302994,50.06,27.4,LED_OFF
39273.94134449959,49.84,28.6,LED_OFF
39278.504400491714,50.23,27.4,LED_OFF
39283.067133426666,49.67,28.2,LED_OFF
39287.630048274994,49.6,28.6,LED_OFF
39292.19287610054,50.33,27.8,LED_OFF
39296.75581097603,49.26,27.8,LED_OFF
39301.31878876686,49.33,28.8,LED_OFF
39305.881720781326,49.04,27.2,LED_OFF
39310.44471001625,48.74,28.2,LED_OFF
39315.00769639015,48.84,28.9,LED_OFF
39319.570658922195,48.64,27.4,LED_OFF
39324.13394141197,48.84,28.6,LED_OFF
39328.69662117958,48.45,28.8,LED_OFF
39333.25949668884,48.47,27.4,LED_OFF
39337.822229385376,48.18,27.5,LED_OFF
39342.385313510895,48.3,27.7,LED_OFF
39346.94828438759,48.01,28.2,LED_OFF
39351.51112771034,47.86,27.5,LED_OFF
39356.07420516014,48.08,28.8,LED_OFF
39360.6370112896,47.77,28.9,LED_OFF
39365.20045423508,47.4,28.8,LED_OFF
39369.76287293434,47.18,27.3,LED_OFF
39378.890434741974,47.03,27.8,LED_OFF
39383.452223300934,47.16,27.4,LED_OFF
39388.01489162445,46.69,27.0,LED_OFF
39392.577783584595,46.84,28.0,LED_OFF
39397.14105010033,45.89,27.2,LED_OFF
39401.70389652252,46.52,28.9,LED_OFF
39406.26655268669,46.32,28.1,LED_OFF
39410.829706430435,45.96,28.8,LED_OFF
39415.39247536659,45.93,27.3,LED_OFF
39419.95534443855,45.69,28.2,LED_OFF
39424.51829648018,45.62,27.4,LED_OFF
39429.08152484894,45.37,27.1,LED_OFF
39433.64427495003,45.81,28.6,LED_OFF
39438.20717072487,45.27,28.6,LED_OFF
39442.770122766495,44.35,28.8,LED_OFF
39447.33336377144,45.08,27.9,LED_OFF
39451.89619517326,44.52,28.2,LED_OFF
39456.45907020569,44.4,28.0,LED_OFF
39461.02213597298,44.47,27.6,LED_OFF
39465.58491611481,44.25,27.6,LED_OFF
39470.14770960808,44.18,28.0,LED_OFF
39474.71078777313,44.4,28.1,LED_OFF
39479.2739777565,43.76,27.5,LED_OFF
39483.836628198624,43.42,28.5,LED_OFF
39488.399978876114,43.39,28.9,LED_OFF
39492.96258354187,43.32,27.6,LED_OFF
39497.52541708946,43.05,27.6,LED_OFF
39502.088644742966,43.0,28.0,LED_OFF
39506.65184164047,42.71,27.6,LED_OFF
39511.214547634125,42.71,27.4,LED_OFF
39515.777259111404,42.52,28.2,LED_OFF
39520.340206861496,42.42,27.3,LED_OFF
39524.90320134163,42.0,28.1,LED_OFF
39529.46651315689,42.25,27.7,LED_OFF
39534.029002189636,41.78,27.4,LED_OFF
39538.59218835831,41.76,28.6,LED_OFF
39543.15500473976,42.03,27.8,LED_OFF
39547.71807193756,41.37,28.9,LED_OFF
39552.2808740139,41.32,27.6,LED_OFF
39556.843802690506,40.98,27.6,LED_OFF
39561.40674185753,40.85,28.8,LED_OFF
39565.970348358154,40.61,28.7,LED_OFF
39570.532769203186,40.44,27.1,LED_OFF
39575.096051454544,40.32,27.7,LED_OFF
39579.65839314461,40.56,28.9,LED_OFF
39584.221397161484,40.05,27.7,LED_OFF
39588.7843413353,40.46,28.7,LED_OFF
39593.34744501114,40.27,28.2,LED_OFF
39597.91051673889,39.51,28.0,LED_OFF
39602.47375488281,39.44,27.6,LED_OFF
39607.036440849304,38.66,27.4,LED_OFF
39611.59952902794,38.88,28.9,LED_OFF
39616.162288188934,39.02,28.1,LED_OFF
39620.724989414215,38.66,28.9,LED_OFF
39625.28811979294,38.05,28.0,LED_OFF
39629.850991010666,38.68,27.7,LED_OFF
39634.413840293884,38.53,28.8,LED_OFF
39638.97693371773,38.39,28.8,LED_OFF
39643.53975272179,38.53,27.2,LED_OFF
39648.10262989998,38.24,28.2,LED_OFF
39652.666368961334,37.51,27.6,LED_OFF
39657.228763341904,38.1,27.4,LED_OFF
39661.79168534279,37.51,27.5,LED_OFF
39666.35465455055,37.51,27.2,LED_OFF
39670.917355537415,37.51,28.5,LED_OFF
39675.480571746826,37.51,28.4,LED_OFF
39680.0433075428,37.51,28.4,LED_OFF
39684.60652422905,37.51,27.2,LED_OFF
39689.169310331345,36.39,28.6,LED_OFF
39693.73248028755,36.14,28.3,LED_OFF
39698.29514861107,36.8,28.3,LED_OFF
39702.858294487,36.53,27.6,LED_OFF
39707.42122554779,36.56,28.2,LED_OFF
39711.98401594162,36.41,27.3,LED_OFF
39716.5469930172,36.31,28.2,LED_OFF
39721.10997343063,36.19,27.0,LED_OFF
39725.67304563522,36.31,28.3,LED_OFF
39730.23619222641,35.95,28.0,LED_OFF
39734.80120944977,35.87,27.6,LED_OFF
39739.36171412468,36.09,28.0,LED_OFF
39743.924528598785,35.58,27.9,LED_OFF
39748.48746061325,36.65,27.2,LED_OFF
39753.05063199997,35.51,28.0,LED_OFF
39757.613468408585,35.6,28.7,LED_OFF
39762.176354169846,35.53,28.0,LED_OFF
39766.73932719231,35.36,27.6,LED_OFF
39771.30231261253,35.53,27.0,LED_OFF
39775.86548399925,35.38,28.9,LED_OFF
39780.428163051605,37.75,28.0,LED_OFF
39784.9912173748,35.12,28.8,LED_OFF
39789.5541369915,35.09,28.2,LED_OFF
39794.11713528633,35.16,27.5,LED_OFF
39798.67989110947,36.31,28.4,LED_OFF
39803.24296617508,35.12,28.4,LED_OFF
39807.806044340134,34.82,28.7,LED_OFF
39812.369017362595,34.77,28.0,LED_OFF
39816.93193650246,35.09,27.2,LED_OFF
39821.49458694458,35.29,27.7,LED_OFF
39826.057857751846,35.21,28.0,LED_OFF
39830.62054014206,34.51,27.5,LED_OFF
39835.18347811699,34.21,28.8,LED_OFF
39839.74646663666,34.19,27.7,LED_OFF
39844.309834480286,34.09,27.3,LED_OFF
39848.872565984726,33.5,27.8,LED_OFF
39853.43560552597,33.97,27.4,LED_OFF
39857.998470783234,33.94,28.5,LED_OFF
39862.56121587753,33.06,28.1,LED_OFF
39867.12424683571,33.7,28.5,LED_OFF
39871.687324523926,32.94,28.8,LED_OFF
39876.24995660782,33.02,28.3,LED_OFF
39880.812992572784,32.65,27.4,LED_OFF
39885.37611603737,32.41,28.3,LED_OFF
39889.93919324875,32.41,27.6,LED_OFF
39894.501739025116,32.23,27.6,LED_OFF
39899.06497716904,31.87,27.2,LED_OFF
39903.62781763077,31.6,27.4,LED_OFF
39908.19062995911,31.31,28.7,LED_OFF
39912.75350379944,31.01,28.2,LED_OFF
39917.317026376724,31.18,28.5,LED_OFF
39921.879470825195,30.67,28.4,LED_OFF
39926.442489147186,30.28,27.6,LED_OFF
39931.00531411171,30.18,28.7,LED_OFF
39935.56647157669,29.94,28.9,LED_ON
39940.12723302841,29.91,28.6,LED_ON
39944.688501119614,29.74,28.7,LED_ON
39949.249596595764,29.55,28.7,LED_ON
39953.81010365486,29.04,27.6,LED_ON
39958.37116312981,29.01,27.9,LED_ON
39962.93264865875,28.5,28.2,LED_ON
39967.493025541306,28.47,28.7,LED_ON
39972.053879499435,28.52,27.9,LED_ON
39976.61523914337,28.23,28.6,LED_ON
39981.17573976517,28.28,28.1,LED_ON
39985.73686623573,27.79,27.8,LED_ON
39990.29778313637,27.84,27.2,LED_ON
39994.85860037804,27.72,28.8,LED_ON
39999.41954731941,27.55,27.8,LED_ON
40003.98049736023,27.64,28.7,LED_ON
40008.54182267189,27.42,28.6,LED_ON
40013.10238242149,27.18,27.9,LED_ON
40017.66329431534,27.3,28.8,LED_ON
40022.22447991371,26.91,28.7,LED_ON
40026.78524374962,26.81,27.7,LED_ON
40031.34642505646,28.25,28.6,LED_ON
40035.90725469589,27.3,28.3,LED_ON
40040.468823194504,26.69,27.0,LED_ON
40045.02905011177,26.59,27.5,LED_ON
40049.5899105072,26.3,28.5,LED_ON
40054.15091705322,26.18,28.6,LED_ON
40058.71189570427,24.66,28.8,LED_ON
40063.27296113968,26.03,27.6,LED_ON
40067.83387517929,25.37,27.5,LED_ON
40072.39474630356,26.23,28.5,LED_ON
40076.95600986481,25.81,27.2,LED_ON
40081.51660680771,25.64,27.8,LED_ON
40086.077684640884,26.23,28.8,LED_ON
40090.63846492767,25.79,28.4,LED_ON
40095.199415683746,25.37,27.3,LED_ON
40099.760553598404,26.2,28.0,LED_ON
40104.3212325573,25.32,27.2,LED_ON
40108.8826584816,25.2,28.4,LED_ON
40113.44338107109,25.32,28.2,LED_ON
40118.00418019295,25.1,27.2,LED_ON
40122.56499648094,25.08,28.8,LED_ON
40127.12604832649,25.2,27.6,LED_ON
40131.68720674515,24.66,27.7,LED_ON
40136.24809932709,25.01,28.8,LED_ON
40140.80889749527,24.57,27.1,LED_ON
40145.36987709999,24.57,28.9,LED_ON
40149.93109083176,25.37,28.2,LED_ON
40154.491822481155,24.49,28.8,LED_ON
40159.0530090332,24.22,28.4,LED_ON
40163.61413311958,24.32,27.8,LED_ON
40168.17459344864,24.2,27.4,LED_ON
40172.735488176346,24.32,27.2,LED_ON
40177.29694342613,24.22,28.0,LED_ON
40181.8573653698,23.81,28.6,LED_ON
40186.41839194298,23.86,27.6,LED_ON
40190.97929477692,23.83,28.8,LED_ON
40195.54049921036,24.59,28.2,LED_ON
40200.101211071014,24.32,28.9,LED_ON
40204.66213083267,26.15,28.2,LED_ON
40209.22310090065,25.59,27.3,LED_ON
40213.78412914276,25.64,28.7,LED_ON
40218.345126628876,26.01,27.2,LED_ON
40222.90589785576,25.93,27.7,LED_ON
40227.467009305954,25.89,27.6,LED_ON
40232.027834653854,26.37,28.0,LED_ON
40236.58882403374,25.2,27.3,LED_ON
40241.14982295036,26.54,28.4,LED_ON
40245.71074581146,27.94,27.4,LED_ON
40250.27202749252,27.01,28.7,LED_ON
40254.832867860794,26.86,28.9,LED_ON
40259.39374303818,26.32,28.4,LED_ON
40263.95474648476,26.52,27.3,LED_ON
40268.51541900635,25.93,27.1,LED_ON
40273.07652115822,26.96,27.8,LED_ON
40277.63743495941,26.37,28.0,LED_ON
40282.19849252701,25.42,28.3,LED_ON
40286.759090185165,26.2,27.9,LED_ON
40291.32008123398,25.4,27.7,LED_ON
40295.881118535995,25.45,27.7,LED_ON
40300.442476034164,25.4,28.1,LED_ON
40305.002954006195,25.49,27.4,LED_ON
40309.56383776665,25.3,28.9,LED_ON
40314.125108242035,25.1,27.5,LED_ON
40318.68611264229,25.89,28.2,LED_ON
40323.24675297737,25.2,27.9,LED_ON
40327.80791068077,25.37,28.2,LED_ON
40333.260712623596,25.03,27.7,LED_ON
